1,25,'',-20.0,-20.0,-20.0,-20.0,-20.0,-20.0,-20.0,-20.0,-60.0,-60.0,-20.0,-20.0,-20.0,-20.0,-20.0,-20.0,-20.0,-20.0,-60.0,-20.0,-20.0,-20.0,-60.0,-20.0,-20.0
2,25,'',-20.0,-20.0,-70.0,-20.0,-20.0,-20.0,-20.0,-60.0,-60.0,-20.0,-20.0,-60.0,-20.0,-60.0,-20.0,-20.0,-70.0,-20.0,-20.0,-20.0,-20.0,-20.0,-20.0,-70.0,-20.0
3,25,'',-10.0,-50.0,-60.0,-50.0,-50.0,-10.0,-10.0,-50.0,-10.0,-10.0,-50.0,-60.0,-50.0,-50.0,-60.0,-50.0,-10.0,-60.0,-60.0,-50.0,-10.0,-60.0,-10.0,-60.0,-50.0
4,25,'',-20.0,42.40000000000029,13.000000000000227,13.000000000000227,-30.0,-20.0,-30.0,-20.0,13.000000000000227,42.40000000000029,13.000000000000227,42.40000000000029,42.40000000000029,-30.0,13.000000000000227,42.40000000000029,42.40000000000029,42.40000000000029,13.000000000000227,42.40000000000029,42.40000000000029,-20.0,-20.0,42.40000000000029,-30.0
5,25,'',-60.0,-10.0,-10.0,47.8000000000003,47.8000000000003,-60.0,47.8000000000003,-10.0,-60.0,-10.0,-10.0,47.8000000000003,47.8000000000003,-10.0,-10.0,-10.0,-10.0,-10.0,-10.0,-60.0,-10.0,-60.0,-10.0,47.8000000000003,-10.0
6,25,'',-30.0,-30.0,-30.0,-30.0,42.40000000000029,13.000000000000227,42.40000000000029,-20.0,-30.0,13.000000000000227,-20.0,-20.0,-20.0,-30.0,-20.0,42.40000000000029,-30.0,-20.0,-30.0,13.000000000000227,13.000000000000227,-20.0,-30.0,13.000000000000227,13.000000000000227
7,25,'',47.8000000000003,47.8000000000003,-10.0,-60.0,-10.0,-10.0,-10.0,47.8000000000003,-10.0,-10.0,47.8000000000003,-60.0,47.8000000000003,-60.0,-10.0,-10.0,-60.0,-10.0,-10.0,-60.0,47.8000000000003,-10.0,-10.0,47.8000000000003,47.8000000000003
8,25,'',-10.0,-10.0,-10.0,-60.0,-10.0,-10.0,-10.0,-10.0,-60.0,47.8000000000003,47.8000000000003,-10.0,-10.0,-10.0,47.8000000000003,-10.0,-10.0,-10.0,47.8000000000003,-60.0,-10.0,-10.0,-60.0,47.8000000000003,47.8000000000003
9,25,'',-10.0,-10.0,-10.0,-10.0,47.8000000000003,-60.0,-60.0,47.8000000000003,-60.0,47.8000000000003,-10.0,-60.0,-60.0,-60.0,-10.0,-10.0,-60.0,-10.0,-60.0,-10.0,-10.0,47.8000000000003,-10.0,-10.0,-60.0
10,25,'',-20.0,-50.0,-60.0,-20.0,-20.0,-60.0,-10.0,-20.0,-20.0,-20.0,-20.0,-10.0,-50.0,-20.0,-50.0,-10.0,-50.0,-20.0,-60.0,-10.0,-20.0,-60.0,-50.0,-60.0,-60.0
11,25,'',-60.0,-60.0,-20.0,-20.0,-20.0,-60.0,-20.0,-20.0,-20.0,-20.0,-20.0,-10.0,-20.0,-60.0,-20.0,-60.0,-10.0,-20.0,-20.0,-60.0,-60.0,-10.0,-10.0,-20.0,-10.0
12,25,'',-20.0,-20.0,-60.0,-20.0,-20.0,-20.0,-30.0,-20.0,-30.0,-60.0,-20.0,-60.0,-30.0,-30.0,-60.0,-30.0,-20.0,-20.0,-30.0,-30.0,-60.0,-20.0,-60.0,-60.0,-30.0
13,25,'',-60.0,-60.0,-60.0,18.400000000000233,18.400000000000233,34.60000000000028,18.400000000000233,-60.0,34.60000000000028,18.400000000000233,-60.0,34.60000000000028,-60.0,19.600000000000236,-60.0,18.400000000000233,34.60000000000028,-60.0,18.400000000000233,34.60000000000028,18.400000000000233,-60.0,18.400000000000233,19.600000000000236,19.600000000000236
14,25,'',19.600000000000236,19.600000000000236,19.600000000000236,-60.0,34.60000000000028,18.400000000000233,18.400000000000233,19.600000000000236,34.60000000000028,18.400000000000233,-60.0,34.60000000000028,19.600000000000236,34.60000000000028,19.600000000000236,18.400000000000233,19.600000000000236,34.60000000000028,34.60000000000028,34.60000000000028,18.400000000000233,34.60000000000028,18.400000000000233,19.600000000000236,18.400000000000233
15,25,'',-40.0,44.800000000000296,35.20000000000027,44.800000000000296,-40.0,-40.0,-10.0,44.800000000000296,-40.0,-40.0,-10.0,-40.0,-10.0,35.20000000000027,44.800000000000296,35.20000000000027,-10.0,-10.0,35.20000000000027,35.20000000000027,-10.0,44.800000000000296,44.800000000000296,44.800000000000296,-40.0
16,25,'',-10.0,44.800000000000296,-10.0,35.20000000000027,-40.0,-10.0,-40.0,44.800000000000296,35.20000000000027,44.800000000000296,35.20000000000027,44.800000000000296,-10.0,-40.0,44.800000000000296,-10.0,44.800000000000296,35.20000000000027,44.800000000000296,-10.0,35.20000000000027,-40.0,35.20000000000027,-40.0,35.20000000000027
17,25,'',-10.0,-40.0,-10.0,-40.0,35.20000000000027,-10.0,-40.0,44.800000000000296,35.20000000000027,35.20000000000027,35.20000000000027,35.20000000000027,-40.0,-40.0,35.20000000000027,44.800000000000296,-10.0,44.800000000000296,-40.0,-10.0,-40.0,-40.0,44.800000000000296,-40.0,35.20000000000027
18,25,'',44.800000000000296,44.800000000000296,-10.0,35.20000000000027,44.800000000000296,35.20000000000027,-10.0,-10.0,35.20000000000027,-10.0,35.20000000000027,44.800000000000296,35.20000000000027,-40.0,44.800000000000296,44.800000000000296,44.800000000000296,-40.0,-40.0,44.800000000000296,-40.0,35.20000000000027,44.800000000000296,-40.0,-10.0
19,25,'',31.000000000000256,-10.0,42.40000000000029,-70.0,-70.0,42.40000000000029,-70.0,-70.0,-70.0,-10.0,-10.0,42.40000000000029,31.000000000000256,31.000000000000256,-70.0,-10.0,31.000000000000256,-70.0,31.000000000000256,-10.0,-70.0,-10.0,-70.0,31.000000000000256,31.000000000000256
20,25,'',44.800000000000296,-40.0,-10.0,35.20000000000027,-10.0,-10.0,44.800000000000296,-40.0,35.20000000000027,44.800000000000296,-40.0,44.800000000000296,-40.0,35.20000000000027,44.800000000000296,-10.0,-40.0,-40.0,-40.0,35.20000000000027,35.20000000000027,35.20000000000027,-40.0,-10.0,44.800000000000296
21,25,'',50.20000000000031,50.20000000000031,-30.0,57.400000000000325,57.400000000000325,50.20000000000031,-30.0,-30.0,57.400000000000325,2.20000000000023,2.20000000000023,50.20000000000031,-30.0,2.20000000000023,57.400000000000325,-30.0,50.20000000000031,2.20000000000023,-30.0,57.400000000000325,57.400000000000325,50.20000000000031,57.400000000000325,2.20000000000023,57.400000000000325
22,25,'',-10.0,-60.0,-60.0,25.60000000000025,25.60000000000025,-60.0,-10.0,-30.0,25.60000000000025,25.60000000000025,-10.0,25.60000000000025,25.60000000000025,-60.0,-10.0,25.60000000000025,-60.0,25.60000000000025,-60.0,-30.0,-60.0,-60.0,-10.0,-60.0,-30.0
23,25,'',57.400000000000325,2.20000000000023,50.20000000000031,2.20000000000023,50.20000000000031,50.20000000000031,2.20000000000023,50.20000000000031,57.400000000000325,-30.0,57.400000000000325,-30.0,-30.0,-30.0,2.20000000000023,50.20000000000031,-30.0,50.20000000000031,-30.0,50.20000000000031,57.400000000000325,2.20000000000023,-30.0,-30.0,-30.0
24,25,'',-10.0,-10.0,-20.0,-60.0,-10.0,-20.0,-20.0,-20.0,-10.0,-20.0,-60.0,-20.0,-20.0,-60.0,-20.0,-20.0,-20.0,-20.0,-10.0,-20.0,-60.0,-10.0,-20.0,-60.0,-60.0
25,25,'',-30.0,-30.0,-30.0,-30.0,-8.599999999999767,-30.0,-30.0,-30.0,-30.0,-30.0,-8.599999999999767,-30.0,-30.0,-30.0,-30.0,-30.0,-30.0,-30.0,-30.0,-30.0,-30.0,-30.0,-30.0,-8.599999999999767,-30.0
26,25,'',-40.0,-10.0,-40.0,-40.0,-10.0,-40.0,-10.0,-10.0,-10.0,-10.0,-10.0,-10.0,-40.0,-10.0,-10.0,-10.0,-10.0,-10.0,-10.0,-10.0,-10.0,-40.0,-10.0,-10.0,-10.0
27,25,'',-20.0,-20.0,-10.0,-20.0,-10.0,-20.0,-20.0,-10.0,-10.0,-60.0,-20.0,-20.0,-20.0,-10.0,-60.0,-20.0,-60.0,-60.0,-60.0,-60.0,-20.0,-20.0,-20.0,-20.0,-10.0
28,25,'',-50.0,-20.0,-60.0,-50.0,-50.0,-60.0,-50.0,-10.0,-50.0,-20.0,-10.0,-20.0,-20.0,-50.0,-20.0,-60.0,-50.0,-50.0,-60.0,-20.0,-20.0,-60.0,-50.0,-50.0,-50.0
29,25,'',-50.0,-10.0,33.40000000000026,-50.0,41.20000000000029,41.20000000000029,41.20000000000029,-50.0,-50.0,-50.0,-50.0,33.40000000000026,33.40000000000026,41.20000000000029,33.40000000000026,-50.0,33.40000000000026,-50.0,-50.0,33.40000000000026,41.20000000000029,33.40000000000026,41.20000000000029,-10.0,41.20000000000029
30,25,'',37.60000000000028,37.60000000000028,37.60000000000028,-50.0,53.80000000000032,-50.0,53.80000000000032,45.4000000000003,45.4000000000003,45.4000000000003,37.60000000000028,-50.0,53.80000000000032,45.4000000000003,53.80000000000032,53.80000000000032,-50.0,-50.0,-50.0,37.60000000000028,-50.0,45.4000000000003,53.80000000000032,45.4000000000003,53.80000000000032
31,25,'',37.60000000000028,45.4000000000003,53.80000000000032,37.60000000000028,-50.0,37.60000000000028,-50.0,53.80000000000032,53.80000000000032,37.60000000000028,37.60000000000028,45.4000000000003,-50.0,37.60000000000028,-50.0,37.60000000000028,-50.0,45.4000000000003,53.80000000000032,-50.0,37.60000000000028,-50.0,-50.0,53.80000000000032,37.60000000000028
32,25,'',-50.0,-50.0,37.60000000000028,37.60000000000028,37.60000000000028,-50.0,37.60000000000028,-50.0,45.4000000000003,45.4000000000003,37.60000000000028,45.4000000000003,-50.0,45.4000000000003,53.80000000000032,-50.0,37.60000000000028,53.80000000000032,45.4000000000003,45.4000000000003,53.80000000000032,37.60000000000028,-50.0,53.80000000000032,53.80000000000032
33,25,'',37.60000000000028,-50.0,-50.0,45.4000000000003,-50.0,45.4000000000003,-50.0,37.60000000000028,53.80000000000032,45.4000000000003,37.60000000000028,45.4000000000003,53.80000000000032,53.80000000000032,53.80000000000032,53.80000000000032,53.80000000000032,37.60000000000028,53.80000000000032,53.80000000000032,37.60000000000028,53.80000000000032,37.60000000000028,-50.0,37.60000000000028
34,25,'',69.40000000000029,-10.0,-50.0,-10.0,-10.0,-10.0,-10.0,-10.0,-10.0,-10.0,-10.0,-50.0,-10.0,69.40000000000029,-10.0,-50.0,-10.0,-50.0,-10.0,69.40000000000029,69.40000000000029,-50.0,-50.0,69.40000000000029,-10.0
35,25,'',-20.0,61.600000000000335,-20.0,-20.0,-20.0,-20.0,61.600000000000335,-20.0,-60.0,-60.0,-60.0,-20.0,-20.0,-20.0,61.600000000000335,61.600000000000335,61.600000000000335,-20.0,-20.0,61.600000000000335,-20.0,-20.0,61.600000000000335,-20.0,-20.0
36,25,'',-20.0,61.600000000000335,-20.0,61.600000000000335,61.600000000000335,61.600000000000335,-60.0,-20.0,-60.0,-60.0,-60.0,61.600000000000335,-20.0,-60.0,61.600000000000335,-20.0,-60.0,-60.0,-60.0,-20.0,-60.0,61.600000000000335,-20.0,-60.0,61.600000000000335
37,25,'',-20.0,-20.0,-20.0,61.600000000000335,-60.0,-60.0,61.600000000000335,-60.0,61.600000000000335,-20.0,61.600000000000335,-20.0,-60.0,61.600000000000335,-20.0,-20.0,-20.0,61.600000000000335,-20.0,-20.0,61.600000000000335,-20.0,61.600000000000335,61.600000000000335,-20.0
38,25,'',-40.0,-40.0,-40.0,25.60000000000025,-40.0,25.60000000000025,-40.0,24.400000000000247,-40.0,25.60000000000025,24.400000000000247,25.60000000000025,-40.0,-40.0,24.400000000000247,-40.0,41.20000000000029,41.20000000000029,24.400000000000247,24.400000000000247,-40.0,25.60000000000025,25.60000000000025,25.60000000000025,25.60000000000025
39,25,'',41.20000000000029,25.60000000000025,41.20000000000029,-40.0,-40.0,25.60000000000025,25.60000000000025,-40.0,24.400000000000247,41.20000000000029,24.400000000000247,-40.0,41.20000000000029,25.60000000000025,-40.0,24.400000000000247,-40.0,-40.0,-40.0,41.20000000000029,24.400000000000247,-40.0,25.60000000000025,24.400000000000247,41.20000000000029
40,25,'',41.20000000000029,24.400000000000247,25.60000000000025,41.20000000000029,-40.0,41.20000000000029,-40.0,41.20000000000029,24.400000000000247,24.400000000000247,41.20000000000029,41.20000000000029,24.400000000000247,25.60000000000025,41.20000000000029,24.400000000000247,-40.0,24.400000000000247,24.400000000000247,24.400000000000247,-40.0,41.20000000000029,25.60000000000025,24.400000000000247,-40.0
41,25,'',-50.0,53.80000000000032,45.4000000000003,-50.0,53.80000000000032,37.60000000000028,37.60000000000028,-50.0,-50.0,37.60000000000028,53.80000000000032,53.80000000000032,45.4000000000003,53.80000000000032,37.60000000000028,53.80000000000032,-50.0,53.80000000000032,45.4000000000003,45.4000000000003,-50.0,53.80000000000032,45.4000000000003,53.80000000000032,37.60000000000028
42,25,'',-20.0,-20.0,-20.0,-60.0,-20.0,-60.0,-20.0,-20.0,42.40000000000029,42.40000000000029,42.40000000000029,42.40000000000029,-20.0,-60.0,-60.0,-60.0,-20.0,42.40000000000029,-20.0,-60.0,-20.0,-20.0,-20.0,42.40000000000029,-20.0
43,25,'',-50.0,37.60000000000028,45.4000000000003,-50.0,45.4000000000003,53.80000000000032,45.4000000000003,45.4000000000003,45.4000000000003,-50.0,-50.0,37.60000000000028,37.60000000000028,37.60000000000028,45.4000000000003,37.60000000000028,37.60000000000028,-50.0,37.60000000000028,53.80000000000032,-50.0,53.80000000000032,-50.0,53.80000000000032,37.60000000000028
44,25,'',37.60000000000028,53.80000000000032,53.80000000000032,-50.0,-50.0,-50.0,53.80000000000032,37.60000000000028,53.80000000000032,53.80000000000032,53.80000000000032,45.4000000000003,53.80000000000032,45.4000000000003,37.60000000000028,45.4000000000003,45.4000000000003,-50.0,-50.0,45.4000000000003,-50.0,-50.0,53.80000000000032,-50.0,45.4000000000003
45,25,'',-20.0,-30.0,-30.0,-30.0,-30.0,-30.0,-30.0,-20.0,62.20000000000034,17.20000000000023,17.20000000000023,-20.0,62.20000000000034,17.20000000000023,62.20000000000034,-20.0,-30.0,62.20000000000034,62.20000000000034,62.20000000000034,17.20000000000023,62.20000000000034,-30.0,62.20000000000034,17.20000000000023
46,25,'',45.4000000000003,37.60000000000028,53.80000000000032,-50.0,45.4000000000003,45.4000000000003,37.60000000000028,-50.0,53.80000000000032,-50.0,37.60000000000028,53.80000000000032,45.4000000000003,45.4000000000003,37.60000000000028,-50.0,45.4000000000003,53.80000000000032,45.4000000000003,37.60000000000028,37.60000000000028,45.4000000000003,53.80000000000032,-50.0,45.4000000000003
47,25,'',37.60000000000028,-50.0,53.80000000000032,45.4000000000003,53.80000000000032,53.80000000000032,53.80000000000032,53.80000000000032,-50.0,45.4000000000003,53.80000000000032,53.80000000000032,-50.0,53.80000000000032,53.80000000000032,-50.0,-50.0,53.80000000000032,45.4000000000003,53.80000000000032,53.80000000000032,37.60000000000028,53.80000000000032,45.4000000000003,53.80000000000032
48,25,'',53.80000000000032,-50.0,45.4000000000003,45.4000000000003,37.60000000000028,37.60000000000028,53.80000000000032,-50.0,-50.0,53.80000000000032,53.80000000000032,-50.0,37.60000000000028,37.60000000000028,45.4000000000003,37.60000000000028,-50.0,-50.0,37.60000000000028,37.60000000000028,53.80000000000032,37.60000000000028,-50.0,37.60000000000028,45.4000000000003
49,25,'',-50.0,-50.0,53.80000000000032,37.60000000000028,-50.0,45.4000000000003,37.60000000000028,37.60000000000028,53.80000000000032,45.4000000000003,37.60000000000028,-50.0,37.60000000000028,53.80000000000032,45.4000000000003,-50.0,37.60000000000028,45.4000000000003,-50.0,53.80000000000032,37.60000000000028,37.60000000000028,37.60000000000028,45.4000000000003,53.80000000000032
50,25,'',45.4000000000003,53.80000000000032,37.60000000000028,37.60000000000028,45.4000000000003,-50.0,53.80000000000032,-50.0,-50.0,45.4000000000003,45.4000000000003,-50.0,53.80000000000032,53.80000000000032,45.4000000000003,45.4000000000003,-50.0,45.4000000000003,37.60000000000028,37.60000000000028,53.80000000000032,53.80000000000032,37.60000000000028,-50.0,53.80000000000032
51,25,'',37.60000000000028,45.4000000000003,53.80000000000032,37.60000000000028,53.80000000000032,-50.0,37.60000000000028,45.4000000000003,-50.0,53.80000000000032,37.60000000000028,45.4000000000003,53.80000000000032,37.60000000000028,37.60000000000028,-50.0,45.4000000000003,53.80000000000032,45.4000000000003,45.4000000000003,53.80000000000032,37.60000000000028,53.80000000000032,-50.0,-50.0
52,25,'',-50.0,53.80000000000032,37.60000000000028,53.80000000000032,-50.0,45.4000000000003,53.80000000000032,37.60000000000028,37.60000000000028,53.80000000000032,45.4000000000003,-50.0,37.60000000000028,53.80000000000032,37.60000000000028,45.4000000000003,53.80000000000032,37.60000000000028,45.4000000000003,37.60000000000028,-50.0,-50.0,53.80000000000032,37.60000000000028,-50.0
53,25,'',53.80000000000032,37.60000000000028,45.4000000000003,37.60000000000028,53.80000000000032,53.80000000000032,53.80000000000032,37.60000000000028,-50.0,53.80000000000032,53.80000000000032,45.4000000000003,-50.0,37.60000000000028,45.4000000000003,37.60000000000028,53.80000000000032,45.4000000000003,-50.0,45.4000000000003,45.4000000000003,-50.0,45.4000000000003,-50.0,37.60000000000028
54,25,'',37.60000000000028,53.80000000000032,45.4000000000003,45.4000000000003,-50.0,-50.0,45.4000000000003,53.80000000000032,37.60000000000028,53.80000000000032,37.60000000000028,37.60000000000028,53.80000000000032,37.60000000000028,53.80000000000032,45.4000000000003,37.60000000000028,37.60000000000028,-50.0,37.60000000000028,-50.0,45.4000000000003,-50.0,-50.0,45.4000000000003
55,25,'',37.60000000000028,45.4000000000003,-50.0,-50.0,-50.0,53.80000000000032,45.4000000000003,-50.0,-50.0,53.80000000000032,37.60000000000028,53.80000000000032,37.60000000000028,53.80000000000032,45.4000000000003,-50.0,45.4000000000003,-50.0,37.60000000000028,45.4000000000003,53.80000000000032,45.4000000000003,37.60000000000028,37.60000000000028,-50.0
56,25,'',-50.0,45.4000000000003,37.60000000000028,45.4000000000003,53.80000000000032,-50.0,37.60000000000028,53.80000000000032,37.60000000000028,-50.0,53.80000000000032,37.60000000000028,53.80000000000032,37.60000000000028,37.60000000000028,53.80000000000032,37.60000000000028,45.4000000000003,-50.0,45.4000000000003,37.60000000000028,45.4000000000003,45.4000000000003,37.60000000000028,-50.0
57,25,'',-50.0,45.4000000000003,45.4000000000003,-50.0,45.4000000000003,37.60000000000028,53.80000000000032,45.4000000000003,-50.0,-50.0,53.80000000000032,37.60000000000028,-50.0,45.4000000000003,-50.0,37.60000000000028,53.80000000000032,53.80000000000032,-50.0,37.60000000000028,53.80000000000032,37.60000000000028,-50.0,-50.0,45.4000000000003
58,25,'',45.4000000000003,45.4000000000003,53.80000000000032,-50.0,37.60000000000028,53.80000000000032,37.60000000000028,53.80000000000032,53.80000000000032,45.4000000000003,45.4000000000003,45.4000000000003,53.80000000000032,53.80000000000032,-50.0,37.60000000000028,53.80000000000032,45.4000000000003,45.4000000000003,45.4000000000003,37.60000000000028,45.4000000000003,45.4000000000003,-50.0,37.60000000000028
59,25,'',37.60000000000028,-50.0,37.60000000000028,-50.0,45.4000000000003,37.60000000000028,37.60000000000028,45.4000000000003,53.80000000000032,37.60000000000028,37.60000000000028,37.60000000000028,37.60000000000028,-50.0,45.4000000000003,-50.0,37.60000000000028,37.60000000000028,37.60000000000028,-50.0,37.60000000000028,45.4000000000003,37.60000000000028,53.80000000000032,53.80000000000032
60,25,'',53.80000000000032,37.60000000000028,53.80000000000032,-50.0,45.4000000000003,-50.0,37.60000000000028,37.60000000000028,53.80000000000032,-50.0,37.60000000000028,37.60000000000028,53.80000000000032,53.80000000000032,45.4000000000003,45.4000000000003,53.80000000000032,53.80000000000032,37.60000000000028,37.60000000000028,37.60000000000028,37.60000000000028,-50.0,53.80000000000032,-50.0
61,25,'',-50.0,-50.0,-50.0,45.4000000000003,37.60000000000028,-50.0,45.4000000000003,-50.0,53.80000000000032,53.80000000000032,37.60000000000028,53.80000000000032,37.60000000000028,45.4000000000003,53.80000000000032,-50.0,37.60000000000028,45.4000000000003,37.60000000000028,37.60000000000028,-50.0,-50.0,45.4000000000003,-50.0,53.80000000000032
62,25,'',-50.0,45.4000000000003,37.60000000000028,45.4000000000003,53.80000000000032,-50.0,-50.0,53.80000000000032,-50.0,45.4000000000003,-50.0,37.60000000000028,-50.0,45.4000000000003,53.80000000000032,-50.0,45.4000000000003,53.80000000000032,-50.0,-50.0,53.80000000000032,45.4000000000003,-50.0,53.80000000000032,45.4000000000003
63,25,'',50.20000000000031,56.20000000000032,-40.0,-40.0,56.20000000000032,-40.0,56.20000000000032,58.60000000000033,50.20000000000031,50.20000000000031,56.20000000000032,50.20000000000031,56.20000000000032,-40.0,56.20000000000032,50.20000000000031,-40.0,56.20000000000032,56.20000000000032,58.60000000000033,58.60000000000033,58.60000000000033,50.20000000000031,50.20000000000031,-40.0
64,25,'',53.80000000000032,-50.0,45.4000000000003,37.60000000000028,37.60000000000028,-50.0,37.60000000000028,53.80000000000032,-50.0,-50.0,-50.0,37.60000000000028,45.4000000000003,37.60000000000028,45.4000000000003,37.60000000000028,-50.0,-50.0,-50.0,-50.0,37.60000000000028,53.80000000000032,53.80000000000032,45.4000000000003,-50.0
65,25,'',-20.0,41.80000000000027,-20.0,41.80000000000027,41.80000000000027,41.80000000000027,41.80000000000027,-60.0,-60.0,41.80000000000027,-20.0,-20.0,-20.0,-20.0,41.80000000000027,-60.0,-60.0,-60.0,-60.0,-20.0,-20.0,-60.0,-20.0,-20.0,-20.0
66,25,'',-20.0,-60.0,-20.0,-20.0,-20.0,41.80000000000027,-60.0,41.80000000000027,41.80000000000027,-20.0,41.80000000000027,-60.0,-60.0,-20.0,-20.0,-20.0,-20.0,-60.0,-20.0,-20.0,-20.0,41.80000000000027,-60.0,-20.0,-20.0
67,25,'',-60.0,41.80000000000027,-20.0,-20.0,41.80000000000027,-20.0,-20.0,-20.0,41.80000000000027,41.80000000000027,-60.0,-60.0,-20.0,41.80000000000027,-20.0,41.80000000000027,-20.0,-20.0,-20.0,41.80000000000027,41.80000000000027,-60.0,-20.0,-20.0,41.80000000000027
68,25,'',-50.0,37.60000000000028,53.80000000000032,53.80000000000032,-50.0,-50.0,45.4000000000003,-50.0,37.60000000000028,45.4000000000003,-50.0,45.4000000000003,-50.0,53.80000000000032,-50.0,45.4000000000003,45.4000000000003,53.80000000000032,-50.0,37.60000000000028,-50.0,-50.0,53.80000000000032,-50.0,45.4000000000003
69,25,'',53.80000000000032,37.60000000000028,53.80000000000032,53.80000000000032,37.60000000000028,45.4000000000003,45.4000000000003,-50.0,45.4000000000003,37.60000000000028,45.4000000000003,-50.0,37.60000000000028,37.60000000000028,-50.0,37.60000000000028,37.60000000000028,37.60000000000028,53.80000000000032,53.80000000000032,37.60000000000028,45.4000000000003,53.80000000000032,-50.0,37.60000000000028
70,25,'',-10.0,-10.0,-50.0,-10.0,-50.0,-10.0,-50.0,-10.0,-10.0,-50.0,-10.0,-50.0,-50.0,-10.0,-10.0,-10.0,-10.0,-10.0,-50.0,-50.0,-10.0,-10.0,-10.0,-50.0,-10.0
71,25,'',37.60000000000028,50.20000000000031,29.20000000000026,-30.0,29.20000000000026,-30.0,50.20000000000031,50.20000000000031,-30.0,29.20000000000026,37.60000000000028,37.60000000000028,29.20000000000026,29.20000000000026,-30.0,29.20000000000026,29.20000000000026,37.60000000000028,37.60000000000028,-30.0,50.20000000000031,37.60000000000028,37.60000000000028,37.60000000000028,37.60000000000028
72,25,'',29.20000000000026,37.60000000000028,37.60000000000028,37.60000000000028,-30.0,-30.0,-30.0,50.20000000000031,29.20000000000026,-30.0,29.20000000000026,50.20000000000031,37.60000000000028,-30.0,29.20000000000026,-30.0,-30.0,-30.0,-30.0,50.20000000000031,37.60000000000028,-30.0,-30.0,37.60000000000028,-30.0
73,25,'',-20.0,-60.0,-60.0,-20.0,32.00000000000031,32.00000000000031,32.00000000000031,32.00000000000031,-60.0,32.00000000000031,32.00000000000031,-20.0,-20.0,-20.0,-20.0,-20.0,32.00000000000031,32.00000000000031,-20.0,-20.0,32.00000000000031,-20.0,32.00000000000031,-60.0,-20.0
74,25,'',-10.0,-60.0,-60.0,-60.0,-60.0,65.20000000000033,-10.0,-10.0,-10.0,65.20000000000033,-10.0,-60.0,-10.0,-10.0,-10.0,-10.0,65.20000000000033,65.20000000000033,-10.0,-10.0,-10.0,-10.0,-10.0,-10.0,65.20000000000033
75,25,'',-20.0,32.00000000000031,-60.0,-20.0,-20.0,-20.0,32.00000000000031,32.00000000000031,-20.0,32.00000000000031,-20.0,-20.0,-60.0,-20.0,32.00000000000031,-60.0,-20.0,32.00000000000031,32.00000000000031,-20.0,-20.0,32.00000000000031,32.00000000000031,32.00000000000031,-20.0
76,25,'',-20.0,50.60000000000028,50.60000000000028,-60.0,-20.0,-20.0,50.60000000000028,-20.0,-60.0,-20.0,50.60000000000028,-20.0,-20.0,50.60000000000028,50.60000000000028,-20.0,-20.0,-60.0,-60.0,50.60000000000028,-60.0,50.60000000000028,-20.0,-60.0,-20.0
77,25,'',29.20000000000026,-30.0,29.20000000000026,-30.0,50.20000000000031,50.20000000000031,37.60000000000028,-30.0,-30.0,50.20000000000031,29.20000000000026,29.20000000000026,50.20000000000031,29.20000000000026,29.20000000000026,37.60000000000028,29.20000000000026,-30.0,37.60000000000028,-30.0,50.20000000000031,29.20000000000026,50.20000000000031,-30.0,-30.0
78,25,'',-30.0,37.60000000000028,37.60000000000028,29.20000000000026,-30.0,-30.0,37.60000000000028,-30.0,50.20000000000031,37.60000000000028,29.20000000000026,29.20000000000026,50.20000000000031,37.60000000000028,-30.0,37.60000000000028,29.20000000000026,29.20000000000026,37.60000000000028,-30.0,29.20000000000026,-30.0,37.60000000000028,-30.0,37.60000000000028
79,25,'',37.60000000000028,29.20000000000026,-30.0,29.20000000000026,29.20000000000026,29.20000000000026,50.20000000000031,29.20000000000026,-30.0,50.20000000000031,-30.0,50.20000000000031,29.20000000000026,29.20000000000026,29.20000000000026,-30.0,29.20000000000026,-30.0,-30.0,50.20000000000031,37.60000000000028,50.20000000000031,50.20000000000031,-30.0,29.20000000000026
80,25,'',40.000000000000284,-60.0,43.00000000000029,43.00000000000029,40.000000000000284,-10.0,40.000000000000284,-10.0,-10.0,43.00000000000029,43.00000000000029,40.000000000000284,43.00000000000029,-60.0,-60.0,43.00000000000029,-10.0,43.00000000000029,-60.0,-60.0,-10.0,43.00000000000029,-10.0,43.00000000000029,-10.0
81,25,'',37.60000000000028,-30.0,29.20000000000026,50.20000000000031,-30.0,50.20000000000031,-30.0,29.20000000000026,37.60000000000028,-30.0,37.60000000000028,37.60000000000028,37.60000000000028,37.60000000000028,-30.0,29.20000000000026,-30.0,29.20000000000026,37.60000000000028,29.20000000000026,37.60000000000028,-30.0,37.60000000000028,37.60000000000028,-30.0
82,25,'',37.60000000000028,-30.0,-30.0,-30.0,29.20000000000026,29.20000000000026,-30.0,37.60000000000028,29.20000000000026,50.20000000000031,37.60000000000028,29.20000000000026,50.20000000000031,29.20000000000026,-30.0,37.60000000000028,29.20000000000026,37.60000000000028,-30.0,50.20000000000031,29.20000000000026,-30.0,-30.0,37.60000000000028,37.60000000000028
83,25,'',37.60000000000028,37.60000000000028,29.20000000000026,50.20000000000031,50.20000000000031,50.20000000000031,-30.0,29.20000000000026,50.20000000000031,29.20000000000026,37.60000000000028,-30.0,50.20000000000031,50.20000000000031,29.20000000000026,37.60000000000028,50.20000000000031,50.20000000000031,50.20000000000031,29.20000000000026,-30.0,-30.0,-30.0,37.60000000000028,29.20000000000026
84,25,'',61.600000000000335,-20.0,-20.0,61.600000000000335,61.000000000000334,61.000000000000334,-40.0,61.600000000000335,61.000000000000334,61.000000000000334,-20.0,61.000000000000334,61.000000000000334,-20.0,61.000000000000334,-40.0,-20.0,61.000000000000334,61.600000000000335,-20.0,-20.0,61.600000000000335,-20.0,61.600000000000335,-40.0
85,25,'',50.20000000000031,50.20000000000031,29.20000000000026,29.20000000000026,50.20000000000031,37.60000000000028,29.20000000000026,50.20000000000031,-30.0,50.20000000000031,-30.0,50.20000000000031,37.60000000000028,50.20000000000031,50.20000000000031,37.60000000000028,-30.0,50.20000000000031,37.60000000000028,50.20000000000031,37.60000000000028,-30.0,37.60000000000028,37.60000000000028,29.20000000000026
86,25,'',29.20000000000026,37.60000000000028,37.60000000000028,50.20000000000031,29.20000000000026,50.20000000000031,37.60000000000028,37.60000000000028,-30.0,29.20000000000026,29.20000000000026,-30.0,29.20000000000026,37.60000000000028,50.20000000000031,-30.0,37.60000000000028,29.20000000000026,37.60000000000028,-30.0,37.60000000000028,50.20000000000031,37.60000000000028,50.20000000000031,37.60000000000028
87,25,'',37.60000000000028,29.20000000000026,-30.0,29.20000000000026,-30.0,-30.0,50.20000000000031,-30.0,50.20000000000031,-30.0,-30.0,37.60000000000028,50.20000000000031,50.20000000000031,50.20000000000031,-30.0,29.20000000000026,37.60000000000028,-30.0,37.60000000000028,50.20000000000031,50.20000000000031,29.20000000000026,37.60000000000028,37.60000000000028
88,25,'',37.60000000000028,37.60000000000028,29.20000000000026,29.20000000000026,37.60000000000028,50.20000000000031,-30.0,50.20000000000031,50.20000000000031,37.60000000000028,50.20000000000031,29.20000000000026,50.20000000000031,-30.0,37.60000000000028,50.20000000000031,50.20000000000031,50.20000000000031,50.20000000000031,-30.0,50.20000000000031,37.60000000000028,29.20000000000026,50.20000000000031,29.20000000000026
89,25,'',-60.0,53.200000000000315,-20.0,47.8000000000003,-20.0,-20.0,47.8000000000003,47.8000000000003,47.8000000000003,-20.0,47.8000000000003,-60.0,47.8000000000003,-20.0,-60.0,47.8000000000003,53.200000000000315,47.8000000000003,-60.0,47.8000000000003,-20.0,47.8000000000003,-60.0,53.200000000000315,-20.0
90,25,'',53.200000000000315,47.8000000000003,53.200000000000315,-60.0,53.200000000000315,53.200000000000315,47.8000000000003,-20.0,47.8000000000003,-60.0,-20.0,-20.0,-20.0,53.200000000000315,-20.0,-20.0,-20.0,53.200000000000315,53.200000000000315,47.8000000000003,47.8000000000003,47.8000000000003,-60.0,-60.0,53.200000000000315
91,25,'',53.200000000000315,53.200000000000315,47.8000000000003,-20.0,53.200000000000315,53.200000000000315,-60.0,47.8000000000003,-60.0,-20.0,47.8000000000003,53.200000000000315,53.200000000000315,-60.0,47.8000000000003,53.200000000000315,-20.0,53.200000000000315,-60.0,47.8000000000003,47.8000000000003,53.200000000000315,47.8000000000003,-20.0,47.8000000000003
92,25,'',53.200000000000315,-20.0,47.8000000000003,-20.0,-60.0,53.200000000000315,-20.0,47.8000000000003,53.200000000000315,47.8000000000003,47.8000000000003,-60.0,-60.0,-60.0,-20.0,-20.0,-60.0,-60.0,47.8000000000003,47.8000000000003,53.200000000000315,-60.0,-20.0,-20.0,-20.0
93,25,'',-20.0,-20.0,47.8000000000003,-20.0,-60.0,-20.0,53.200000000000315,53.200000000000315,53.200000000000315,-60.0,47.8000000000003,53.200000000000315,53.200000000000315,53.200000000000315,47.8000000000003,47.8000000000003,-60.0,53.200000000000315,53.200000000000315,47.8000000000003,53.200000000000315,47.8000000000003,47.8000000000003,53.200000000000315,53.200000000000315
94,25,'',-60.0,-60.0,-20.0,-60.0,-20.0,-10.0,-20.0,-20.0,-10.0,-20.0,-20.0,-20.0,-20.0,-10.0,-60.0,-10.0,-60.0,-10.0,-60.0,-60.0,-60.0,-20.0,-20.0,-60.0,-20.0
95,25,'',-60.0,-10.0,-60.0,-10.0,-10.0,-10.0,-10.0,-10.0,-60.0,-60.0,-10.0,-60.0,-60.0,-10.0,-10.0,-10.0,-10.0,-60.0,-10.0,-10.0,-10.0,-10.0,-10.0,-10.0,-10.0
96,25,'',-20.0,16.000000000000227,35.20000000000027,-20.0,44.200000000000294,44.200000000000294,-20.0,-20.0,-20.0,44.200000000000294,44.200000000000294,44.200000000000294,-20.0,16.000000000000227,44.200000000000294,-20.0,44.200000000000294,-20.0,44.200000000000294,44.200000000000294,-20.0,35.20000000000027,16.000000000000227,35.20000000000027,-20.0
97,25,'',-20.0,35.20000000000027,44.200000000000294,-20.0,35.20000000000027,44.200000000000294,-20.0,44.200000000000294,44.200000000000294,-20.0,16.000000000000227,16.000000000000227,16.000000000000227,35.20000000000027,-20.0,-20.0,-20.0,16.000000000000227,35.20000000000027,35.20000000000027,44.200000000000294,35.20000000000027,44.200000000000294,-20.0,35.20000000000027
98,25,'',68.8000000000003,-10.0,-10.0,-10.0,-10.0,-50.0,-10.0,-50.0,-10.0,-50.0,-10.0,-50.0,68.8000000000003,-10.0,-10.0,68.8000000000003,-50.0,68.8000000000003,-10.0,68.8000000000003,-10.0,-50.0,-50.0,-10.0,-50.0
99,25,'',35.20000000000027,35.20000000000027,16.000000000000227,-20.0,16.000000000000227,44.200000000000294,16.000000000000227,-20.0,16.000000000000227,-20.0,-20.0,16.000000000000227,44.200000000000294,35.20000000000027,44.200000000000294,16.000000000000227,35.20000000000027,16.000000000000227,44.200000000000294,44.200000000000294,44.200000000000294,-20.0,16.000000000000227,44.200000000000294,16.000000000000227
