1,25,'',-70.0,11.20000000000023,34.60000000000028,11.20000000000023,11.20000000000023,11.20000000000023,11.20000000000023,34.60000000000028,11.20000000000023,11.20000000000023,11.20000000000023,-70.0,11.20000000000023,-70.0,-70.0,11.20000000000023,11.20000000000023,-70.0,11.20000000000023,11.20000000000023,-70.0,11.20000000000023,11.20000000000023,-70.0,-70.0
2,25,'',17.20000000000023,17.20000000000023,17.20000000000023,34.60000000000028,17.20000000000023,-70.0,17.20000000000023,17.20000000000023,17.20000000000023,34.60000000000028,-70.0,17.20000000000023,17.20000000000023,34.60000000000028,17.20000000000023,17.20000000000023,17.20000000000023,34.60000000000028,-70.0,17.20000000000023,-70.0,34.60000000000028,17.20000000000023,-70.0,17.20000000000023
3,25,'',-70.0,44.200000000000294,12.400000000000233,-70.0,44.200000000000294,12.400000000000233,12.400000000000233,44.200000000000294,44.200000000000294,12.400000000000233,12.400000000000233,44.200000000000294,12.400000000000233,12.400000000000233,44.200000000000294,12.400000000000233,12.400000000000233,12.400000000000233,44.200000000000294,12.400000000000233,12.400000000000233,12.400000000000233,44.200000000000294,12.400000000000233,12.400000000000233
4,25,'',12.400000000000233,12.400000000000233,12.400000000000233,12.400000000000233,44.200000000000294,-70.0,44.200000000000294,-70.0,44.200000000000294,44.200000000000294,12.400000000000233,-70.0,44.200000000000294,44.200000000000294,44.200000000000294,12.400000000000233,12.400000000000233,44.200000000000294,44.200000000000294,12.400000000000233,12.400000000000233,12.400000000000233,44.200000000000294,12.400000000000233,12.400000000000233
5,25,'',49.000000000000306,49.000000000000306,49.000000000000306,0.4000000000002615,49.000000000000306,-70.0,-70.0,-70.0,49.000000000000306,-70.0,-70.0,0.4000000000002615,0.4000000000002615,0.4000000000002615,49.000000000000306,-70.0,0.4000000000002615,0.4000000000002615,49.000000000000306,0.4000000000002615,49.000000000000306,-70.0,0.4000000000002615,0.4000000000002615,0.4000000000002615
6,25,'',12.400000000000233,12.400000000000233,-70.0,44.200000000000294,12.400000000000233,44.200000000000294,12.400000000000233,12.400000000000233,44.200000000000294,12.400000000000233,12.400000000000233,44.200000000000294,12.400000000000233,12.400000000000233,12.400000000000233,44.200000000000294,-70.0,12.400000000000233,12.400000000000233,12.400000000000233,44.200000000000294,-70.0,12.400000000000233,-70.0,12.400000000000233
7,25,'',-70.0,-70.0,12.400000000000233,12.400000000000233,-70.0,44.200000000000294,12.400000000000233,44.200000000000294,44.200000000000294,12.400000000000233,44.200000000000294,44.200000000000294,12.400000000000233,-70.0,12.400000000000233,44.200000000000294,12.400000000000233,12.400000000000233,12.400000000000233,12.400000000000233,12.400000000000233,-70.0,12.400000000000233,12.400000000000233,44.200000000000294
8,25,'',-70.0,12.400000000000233,44.200000000000294,-70.0,44.200000000000294,12.400000000000233,-70.0,44.200000000000294,-70.0,12.400000000000233,12.400000000000233,-70.0,12.400000000000233,44.200000000000294,44.200000000000294,12.400000000000233,12.400000000000233,12.400000000000233,12.400000000000233,44.200000000000294,12.400000000000233,12.400000000000233,12.400000000000233,12.400000000000233,44.200000000000294
9,25,'',44.200000000000294,-70.0,12.400000000000233,-70.0,-70.0,-70.0,44.200000000000294,12.400000000000233,12.400000000000233,12.400000000000233,12.400000000000233,12.400000000000233,12.400000000000233,12.400000000000233,12.400000000000233,-70.0,12.400000000000233,-70.0,12.400000000000233,-70.0,44.200000000000294,44.200000000000294,12.400000000000233,12.400000000000233,-70.0
10,25,'',34.60000000000028,-70.0,11.20000000000023,11.20000000000023,-70.0,34.60000000000028,-70.0,-70.0,11.20000000000023,11.20000000000023,11.20000000000023,-70.0,11.20000000000023,11.20000000000023,34.60000000000028,11.20000000000023,-70.0,11.20000000000023,11.20000000000023,34.60000000000028,11.20000000000023,11.20000000000023,34.60000000000028,-70.0,11.20000000000023
11,25,'',11.20000000000023,11.20000000000023,34.60000000000028,11.20000000000023,-70.0,11.20000000000023,11.20000000000023,11.20000000000023,11.20000000000023,11.20000000000023,34.60000000000028,34.60000000000028,-70.0,11.20000000000023,-70.0,34.60000000000028,-70.0,34.60000000000028,34.60000000000028,11.20000000000023,11.20000000000023,11.20000000000023,11.20000000000023,11.20000000000023,34.60000000000028
12,25,'',47.8000000000003,-70.0,-70.0,47.8000000000003,-70.0,-60.0,-60.0,-60.0,-60.0,-60.0,47.8000000000003,-60.0,-60.0,-60.0,-70.0,-60.0,-60.0,47.8000000000003,-60.0,-70.0,-60.0,47.8000000000003,47.8000000000003,-60.0,-60.0
13,25,'',-80.0,-80.0,51.40000000000031,51.40000000000031,51.40000000000031,51.40000000000031,-80.0,-80.0,51.40000000000031,-80.0,-80.0,-80.0,-80.0,51.40000000000031,-80.0,-80.0,51.40000000000031,-80.0,-80.0,-80.0,-80.0,-80.0,-80.0,-80.0,51.40000000000031
14,25,'',40.600000000000286,-40.0,-40.0,40.600000000000286,40.600000000000286,-40.0,-40.0,-70.0,-40.0,-40.0,-70.0,40.600000000000286,40.600000000000286,-40.0,-40.0,-40.0,-40.0,40.600000000000286,40.600000000000286,-70.0,-40.0,-70.0,-70.0,-40.0,40.600000000000286
15,25,'',71.80000000000027,55.00000000000032,71.80000000000027,-70.0,71.80000000000027,71.80000000000027,55.00000000000032,71.80000000000027,55.00000000000032,-70.0,55.00000000000032,71.80000000000027,-70.0,55.00000000000032,55.00000000000032,55.00000000000032,55.00000000000032,-70.0,55.00000000000032,71.80000000000027,71.80000000000027,71.80000000000027,71.80000000000027,55.00000000000032,55.00000000000032
16,25,'',-70.0,-70.0,55.00000000000032,55.00000000000032,-70.0,-70.0,-70.0,55.00000000000032,-70.0,55.00000000000032,55.00000000000032,-70.0,71.80000000000027,-70.0,-70.0,-70.0,55.00000000000032,55.00000000000032,-70.0,-70.0,-70.0,55.00000000000032,55.00000000000032,55.00000000000032,55.00000000000032
17,25,'',71.80000000000027,71.80000000000027,55.00000000000032,-70.0,55.00000000000032,71.80000000000027,55.00000000000032,55.00000000000032,55.00000000000032,71.80000000000027,55.00000000000032,71.80000000000027,-70.0,55.00000000000032,-70.0,55.00000000000032,-70.0,-70.0,55.00000000000032,71.80000000000027,-70.0,55.00000000000032,55.00000000000032,55.00000000000032,-70.0
18,25,'',55.00000000000032,55.00000000000032,-70.0,55.00000000000032,-70.0,-70.0,-70.0,71.80000000000027,55.00000000000032,55.00000000000032,-70.0,55.00000000000032,-70.0,71.80000000000027,71.80000000000027,55.00000000000032,55.00000000000032,55.00000000000032,55.00000000000032,-70.0,55.00000000000032,-70.0,55.00000000000032,-70.0,-70.0
19,25,'',55.00000000000032,-70.0,-70.0,55.00000000000032,71.80000000000027,71.80000000000027,-70.0,71.80000000000027,55.00000000000032,71.80000000000027,55.00000000000032,-70.0,55.00000000000032,71.80000000000027,71.80000000000027,71.80000000000027,71.80000000000027,71.80000000000027,-70.0,55.00000000000032,55.00000000000032,-70.0,71.80000000000027,55.00000000000032,-70.0
20,25,'',55.00000000000032,71.80000000000027,55.00000000000032,71.80000000000027,55.00000000000032,55.00000000000032,71.80000000000027,71.80000000000027,55.00000000000032,-70.0,55.00000000000032,55.00000000000032,55.00000000000032,55.00000000000032,55.00000000000032,55.00000000000032,55.00000000000032,-70.0,71.80000000000027,55.00000000000032,55.00000000000032,-70.0,55.00000000000032,-70.0,55.00000000000032
21,25,'',71.80000000000027,-70.0,55.00000000000032,71.80000000000027,-70.0,55.00000000000032,55.00000000000032,55.00000000000032,-70.0,-70.0,55.00000000000032,55.00000000000032,-70.0,-70.0,71.80000000000027,55.00000000000032,55.00000000000032,55.00000000000032,71.80000000000027,55.00000000000032,55.00000000000032,-70.0,55.00000000000032,55.00000000000032,55.00000000000032
22,25,'',56.20000000000032,-20.0,56.20000000000032,56.20000000000032,-70.0,32.20000000000027,-70.0,32.20000000000027,-70.0,-20.0,-20.0,-20.0,56.20000000000032,-20.0,32.20000000000027,-70.0,32.20000000000027,-20.0,32.20000000000027,-20.0,-20.0,-20.0,56.20000000000032,56.20000000000032,32.20000000000027
23,25,'',55.00000000000032,55.00000000000032,55.00000000000032,55.00000000000032,55.00000000000032,71.80000000000027,-70.0,55.00000000000032,71.80000000000027,71.80000000000027,55.00000000000032,55.00000000000032,-70.0,-70.0,71.80000000000027,55.00000000000032,71.80000000000027,55.00000000000032,-70.0,55.00000000000032,55.00000000000032,55.00000000000032,55.00000000000032,55.00000000000032,55.00000000000032
24,25,'',-70.0,-70.0,-60.0,-60.0,46.6000000000003,46.6000000000003,-60.0,-60.0,-60.0,-60.0,-60.0,46.6000000000003,46.6000000000003,-70.0,-60.0,-60.0,46.6000000000003,-60.0,-70.0,-70.0,-60.0,-60.0,-70.0,-60.0,-70.0
25,25,'',-60.0,-60.0,-70.0,-70.0,-60.0,41.000000000000334,41.000000000000334,-70.0,-70.0,-60.0,-70.0,-60.0,-60.0,-60.0,-60.0,-70.0,41.000000000000334,-70.0,41.000000000000334,41.000000000000334,41.000000000000334,-70.0,-60.0,-70.0,41.000000000000334
26,25,'',-60.0,41.000000000000334,41.000000000000334,41.000000000000334,41.000000000000334,41.000000000000334,-70.0,41.000000000000334,41.000000000000334,-70.0,41.000000000000334,41.000000000000334,-60.0,-70.0,-60.0,-60.0,-70.0,-70.0,41.000000000000334,41.000000000000334,-60.0,41.000000000000334,41.000000000000334,-60.0,-70.0
27,25,'',-70.0,11.20000000000023,11.20000000000023,11.20000000000023,11.20000000000023,34.60000000000028,34.60000000000028,11.20000000000023,11.20000000000023,-70.0,11.20000000000023,-70.0,11.20000000000023,11.20000000000023,11.20000000000023,11.20000000000023,11.20000000000023,34.60000000000028,11.20000000000023,11.20000000000023,11.20000000000023,-70.0,11.20000000000023,34.60000000000028,11.20000000000023
28,25,'',6.400000000000233,-70.0,6.400000000000233,6.400000000000233,37.00000000000028,-70.0,37.00000000000028,37.00000000000028,6.400000000000233,-70.0,37.00000000000028,37.00000000000028,-70.0,-70.0,-70.0,6.400000000000233,37.00000000000028,37.00000000000028,6.400000000000233,6.400000000000233,6.400000000000233,-70.0,-70.0,-70.0,37.00000000000028
29,25,'',6.400000000000233,37.00000000000028,37.00000000000028,6.400000000000233,6.400000000000233,37.00000000000028,6.400000000000233,6.400000000000233,37.00000000000028,6.400000000000233,-70.0,6.400000000000233,-70.0,37.00000000000028,6.400000000000233,6.400000000000233,37.00000000000028,-70.0,6.400000000000233,-70.0,6.400000000000233,6.400000000000233,6.400000000000233,6.400000000000233,-70.0
30,25,'',42.40000000000029,-70.0,42.40000000000029,42.40000000000029,-70.0,-70.0,-70.0,42.40000000000029,42.40000000000029,35.80000000000027,-70.0,-70.0,35.80000000000027,42.40000000000029,42.40000000000029,35.80000000000027,-70.0,35.80000000000027,42.40000000000029,35.80000000000027,42.40000000000029,42.40000000000029,42.40000000000029,42.40000000000029,42.40000000000029
31,25,'',-10.0,-10.0,49.000000000000306,49.000000000000306,-70.0,-10.0,-10.0,-10.0,-10.0,-10.0,-10.0,49.000000000000306,-10.0,-10.0,-10.0,49.000000000000306,-70.0,-10.0,49.000000000000306,-10.0,-10.0,49.000000000000306,-10.0,-70.0,-10.0
32,25,'',-20.0,-20.0,-20.0,-80.0,-20.0,-20.0,46.6000000000003,-20.0,-20.0,-20.0,-80.0,-80.0,-20.0,-20.0,-20.0,46.6000000000003,46.6000000000003,-20.0,-20.0,-20.0,46.6000000000003,-80.0,46.6000000000003,-20.0,-80.0
33,25,'',-2.9999999999997726,40.600000000000286,-2.9999999999997726,40.600000000000286,40.600000000000286,-70.0,-70.0,-2.9999999999997726,-2.9999999999997726,-2.9999999999997726,-70.0,-70.0,40.600000000000286,40.600000000000286,-2.9999999999997726,-70.0,40.600000000000286,40.600000000000286,40.600000000000286,-70.0,-2.9999999999997726,-2.9999999999997726,-2.9999999999997726,-2.9999999999997726,40.600000000000286
34,25,'',44.800000000000296,-9.199999999999761,-9.199999999999761,-70.0,44.800000000000296,-9.199999999999761,44.800000000000296,44.800000000000296,-9.199999999999761,-9.199999999999761,-9.199999999999761,-70.0,44.800000000000296,-9.199999999999761,-9.199999999999761,-70.0,44.800000000000296,-9.199999999999761,-70.0,-9.199999999999761,-9.199999999999761,-9.199999999999761,44.800000000000296,-9.199999999999761,44.800000000000296
35,25,'',44.800000000000296,44.800000000000296,-9.199999999999761,44.800000000000296,-9.199999999999761,-70.0,44.800000000000296,-9.199999999999761,-70.0,44.800000000000296,-9.199999999999761,-9.199999999999761,44.800000000000296,44.800000000000296,-9.199999999999761,44.800000000000296,-9.199999999999761,-9.199999999999761,-70.0,-9.199999999999761,-9.199999999999761,44.800000000000296,-9.199999999999761,-70.0,-9.199999999999761
36,25,'',11.20000000000023,37.00000000000028,-70.0,11.20000000000023,-70.0,-70.0,11.20000000000023,11.20000000000023,11.20000000000023,37.00000000000028,37.00000000000028,37.00000000000028,11.20000000000023,37.00000000000028,-70.0,-70.0,37.00000000000028,11.20000000000023,11.20000000000023,11.20000000000023,37.00000000000028,-70.0,37.00000000000028,11.20000000000023,-70.0
37,25,'',-80.0,59.20000000000033,59.20000000000033,59.20000000000033,-80.0,59.20000000000033,-70.0,-70.0,59.20000000000033,59.20000000000033,59.20000000000033,59.20000000000033,-70.0,59.20000000000033,59.20000000000033,-70.0,59.20000000000033,59.20000000000033,59.20000000000033,-80.0,-70.0,59.20000000000033,59.20000000000033,59.20000000000033,-70.0
38,25,'',59.20000000000033,-70.0,-70.0,59.20000000000033,-80.0,-80.0,59.20000000000033,-80.0,59.20000000000033,-70.0,-70.0,-80.0,-80.0,59.20000000000033,-80.0,-70.0,-70.0,59.20000000000033,59.20000000000033,-80.0,-80.0,59.20000000000033,59.20000000000033,59.20000000000033,59.20000000000033
39,25,'',37.00000000000028,-70.0,4.000000000000227,4.000000000000227,4.000000000000227,37.00000000000028,4.000000000000227,4.000000000000227,37.00000000000028,4.000000000000227,-70.0,4.000000000000227,-70.0,4.000000000000227,-70.0,4.000000000000227,-70.0,37.00000000000028,37.00000000000028,37.00000000000028,4.000000000000227,37.00000000000028,-70.0,4.000000000000227,4.000000000000227
40,25,'',-90.0,-70.0,-70.0,-70.0,43.60000000000029,43.60000000000029,-70.0,-90.0,-90.0,43.60000000000029,-90.0,-90.0,-90.0,-90.0,-90.0,-70.0,-70.0,-90.0,43.60000000000029,-90.0,-90.0,-90.0,-90.0,43.60000000000029,-90.0
41,25,'',7.600000000000236,-80.0,41.80000000000029,-80.0,-80.0,41.80000000000029,41.80000000000029,41.80000000000029,7.600000000000236,7.600000000000236,41.80000000000029,-80.0,41.80000000000029,41.80000000000029,-80.0,41.80000000000029,41.80000000000029,-80.0,41.80000000000029,41.80000000000029,7.600000000000236,7.600000000000236,41.80000000000029,41.80000000000029,7.600000000000236
42,25,'',66.40000000000032,-70.0,-80.0,66.40000000000032,66.40000000000032,66.40000000000032,-80.0,-80.0,-80.0,66.40000000000032,66.40000000000032,-70.0,-80.0,66.40000000000032,-80.0,66.40000000000032,66.40000000000032,-70.0,66.40000000000032,66.40000000000032,-70.0,66.40000000000032,-70.0,66.40000000000032,-70.0
43,25,'',66.40000000000032,-80.0,-70.0,66.40000000000032,66.40000000000032,-80.0,66.40000000000032,-80.0,-70.0,-80.0,66.40000000000032,66.40000000000032,-80.0,-80.0,-70.0,-80.0,-80.0,66.40000000000032,66.40000000000032,-80.0,-70.0,-80.0,-70.0,-80.0,66.40000000000032
44,25,'',66.40000000000032,66.40000000000032,-70.0,-70.0,-80.0,-70.0,66.40000000000032,66.40000000000032,-70.0,-80.0,-80.0,66.40000000000032,66.40000000000032,-70.0,-70.0,66.40000000000032,66.40000000000032,66.40000000000032,-70.0,-80.0,66.40000000000032,-70.0,-80.0,66.40000000000032,-70.0
45,25,'',66.40000000000032,-70.0,66.40000000000032,-80.0,66.40000000000032,-80.0,66.40000000000032,-70.0,66.40000000000032,-80.0,-70.0,-70.0,-80.0,-80.0,-70.0,66.40000000000032,66.40000000000032,-80.0,-70.0,66.40000000000032,-80.0,66.40000000000032,66.40000000000032,-80.0,-70.0
46,25,'',66.40000000000032,66.40000000000032,66.40000000000032,-70.0,66.40000000000032,66.40000000000032,-80.0,-70.0,66.40000000000032,66.40000000000032,-70.0,66.40000000000032,66.40000000000032,66.40000000000032,-80.0,-80.0,66.40000000000032,-70.0,-80.0,-80.0,66.40000000000032,66.40000000000032,-70.0,-80.0,66.40000000000032
47,25,'',-60.0,-80.0,-60.0,-60.0,-60.0,-80.0,-80.0,-80.0,-80.0,52.00000000000031,-80.0,-80.0,52.00000000000031,52.00000000000031,-60.0,-80.0,-80.0,-80.0,-60.0,52.00000000000031,-80.0,52.00000000000031,52.00000000000031,52.00000000000031,52.00000000000031
48,25,'',-70.0,-70.0,-70.0,43.60000000000029,43.60000000000029,-30.0,-70.0,-80.0,-70.0,-30.0,-70.0,43.60000000000029,43.60000000000029,43.60000000000029,43.60000000000029,-30.0,43.60000000000029,-80.0,-30.0,43.60000000000029,-70.0,-80.0,43.60000000000029,-70.0,-30.0
49,25,'',11.20000000000023,34.60000000000028,11.20000000000023,-70.0,11.20000000000023,34.60000000000028,34.60000000000028,-70.0,11.20000000000023,34.60000000000028,-70.0,-70.0,34.60000000000028,-70.0,-70.0,-70.0,-70.0,34.60000000000028,11.20000000000023,11.20000000000023,11.20000000000023,34.60000000000028,11.20000000000023,34.60000000000028,11.20000000000023
50,25,'',11.20000000000023,34.60000000000028,11.20000000000023,11.20000000000023,-70.0,11.20000000000023,11.20000000000023,11.20000000000023,-70.0,11.20000000000023,11.20000000000023,11.20000000000023,11.20000000000023,11.20000000000023,34.60000000000028,11.20000000000023,11.20000000000023,-70.0,34.60000000000028,11.20000000000023,11.20000000000023,11.20000000000023,34.60000000000028,34.60000000000028,34.60000000000028
51,25,'',75.40000000000023,-70.0,-70.0,75.40000000000023,-70.0,75.40000000000023,-70.0,-70.0,75.40000000000023,75.40000000000023,75.40000000000023,62.20000000000034,75.40000000000023,-70.0,75.40000000000023,75.40000000000023,75.40000000000023,-70.0,62.20000000000034,75.40000000000023,62.20000000000034,75.40000000000023,75.40000000000023,-70.0,75.40000000000023
52,25,'',-70.0,-70.0,62.20000000000034,-70.0,-70.0,75.40000000000023,62.20000000000034,75.40000000000023,75.40000000000023,75.40000000000023,62.20000000000034,75.40000000000023,62.20000000000034,-70.0,75.40000000000023,62.20000000000034,75.40000000000023,-70.0,62.20000000000034,75.40000000000023,75.40000000000023,75.40000000000023,-70.0,75.40000000000023,62.20000000000034
53,25,'',62.20000000000034,75.40000000000023,75.40000000000023,62.20000000000034,75.40000000000023,75.40000000000023,62.20000000000034,75.40000000000023,75.40000000000023,75.40000000000023,75.40000000000023,-70.0,75.40000000000023,-70.0,-70.0,75.40000000000023,75.40000000000023,62.20000000000034,75.40000000000023,75.40000000000023,75.40000000000023,75.40000000000023,-70.0,75.40000000000023,-70.0
54,25,'',75.40000000000023,62.20000000000034,75.40000000000023,62.20000000000034,75.40000000000023,-70.0,-70.0,75.40000000000023,75.40000000000023,75.40000000000023,75.40000000000023,75.40000000000023,-70.0,-70.0,62.20000000000034,75.40000000000023,62.20000000000034,62.20000000000034,62.20000000000034,75.40000000000023,75.40000000000023,-70.0,75.40000000000023,75.40000000000023,62.20000000000034
55,25,'',75.40000000000023,-70.0,75.40000000000023,-70.0,75.40000000000023,-70.0,62.20000000000034,-70.0,62.20000000000034,-70.0,75.40000000000023,62.20000000000034,75.40000000000023,75.40000000000023,75.40000000000023,75.40000000000023,-70.0,-70.0,75.40000000000023,-70.0,-70.0,75.40000000000023,75.40000000000023,75.40000000000023,75.40000000000023
56,25,'',-70.0,-70.0,75.40000000000023,-70.0,75.40000000000023,75.40000000000023,75.40000000000023,62.20000000000034,75.40000000000023,75.40000000000023,-70.0,-70.0,75.40000000000023,-70.0,62.20000000000034,75.40000000000023,75.40000000000023,62.20000000000034,75.40000000000023,62.20000000000034,-70.0,-70.0,62.20000000000034,75.40000000000023,-70.0
57,25,'',62.20000000000034,62.20000000000034,62.20000000000034,75.40000000000023,75.40000000000023,75.40000000000023,62.20000000000034,-70.0,75.40000000000023,62.20000000000034,62.20000000000034,-70.0,75.40000000000023,75.40000000000023,62.20000000000034,75.40000000000023,75.40000000000023,-70.0,75.40000000000023,75.40000000000023,62.20000000000034,62.20000000000034,-70.0,75.40000000000023,75.40000000000023
58,25,'',62.20000000000034,75.40000000000023,75.40000000000023,75.40000000000023,62.20000000000034,75.40000000000023,75.40000000000023,75.40000000000023,75.40000000000023,-70.0,75.40000000000023,-70.0,75.40000000000023,75.40000000000023,75.40000000000023,62.20000000000034,75.40000000000023,75.40000000000023,75.40000000000023,62.20000000000034,75.40000000000023,75.40000000000023,75.40000000000023,62.20000000000034,-70.0
59,25,'',65.20000000000033,-90.0,-80.0,65.20000000000033,65.20000000000033,65.20000000000033,-80.0,65.20000000000033,-90.0,65.20000000000033,-80.0,65.20000000000033,-90.0,65.20000000000033,65.20000000000033,-80.0,65.20000000000033,-90.0,65.20000000000033,-80.0,-90.0,65.20000000000033,65.20000000000033,65.20000000000033,65.20000000000033
60,25,'',-70.0,-70.0,75.40000000000023,-70.0,75.40000000000023,75.40000000000023,62.20000000000034,75.40000000000023,75.40000000000023,75.40000000000023,-70.0,75.40000000000023,75.40000000000023,75.40000000000023,75.40000000000023,75.40000000000023,-70.0,75.40000000000023,62.20000000000034,-70.0,75.40000000000023,75.40000000000023,75.40000000000023,75.40000000000023,62.20000000000034
61,25,'',62.20000000000034,-70.0,75.40000000000023,62.20000000000034,75.40000000000023,75.40000000000023,62.20000000000034,62.20000000000034,-70.0,75.40000000000023,62.20000000000034,75.40000000000023,-70.0,75.40000000000023,-70.0,75.40000000000023,62.20000000000034,-70.0,75.40000000000023,-70.0,-70.0,75.40000000000023,62.20000000000034,75.40000000000023,75.40000000000023
62,25,'',62.20000000000034,75.40000000000023,62.20000000000034,75.40000000000023,75.40000000000023,62.20000000000034,-70.0,75.40000000000023,75.40000000000023,75.40000000000023,62.20000000000034,75.40000000000023,-70.0,-70.0,75.40000000000023,-70.0,75.40000000000023,75.40000000000023,-70.0,62.20000000000034,-70.0,62.20000000000034,75.40000000000023,75.40000000000023,75.40000000000023
63,25,'',-70.0,75.40000000000023,-70.0,75.40000000000023,62.20000000000034,62.20000000000034,-70.0,-70.0,75.40000000000023,75.40000000000023,-70.0,-70.0,75.40000000000023,62.20000000000034,75.40000000000023,75.40000000000023,62.20000000000034,-70.0,75.40000000000023,75.40000000000023,62.20000000000034,75.40000000000023,62.20000000000034,75.40000000000023,75.40000000000023
64,25,'',62.20000000000034,62.20000000000034,75.40000000000023,75.40000000000023,62.20000000000034,62.20000000000034,62.20000000000034,-70.0,75.40000000000023,75.40000000000023,75.40000000000023,75.40000000000023,-70.0,75.40000000000023,62.20000000000034,-70.0,62.20000000000034,75.40000000000023,75.40000000000023,62.20000000000034,62.20000000000034,-70.0,-70.0,-70.0,-70.0
65,25,'',70.00000000000028,70.00000000000028,-70.0,50.80000000000031,70.00000000000028,50.80000000000031,50.80000000000031,50.80000000000031,-70.0,50.80000000000031,50.80000000000031,50.80000000000031,50.80000000000031,50.80000000000031,70.00000000000028,70.00000000000028,50.80000000000031,50.80000000000031,50.80000000000031,50.80000000000031,50.80000000000031,70.00000000000028,70.00000000000028,70.00000000000028,70.00000000000028
66,25,'',50.80000000000031,50.80000000000031,50.80000000000031,70.00000000000028,50.80000000000031,50.80000000000031,-70.0,-70.0,50.80000000000031,50.80000000000031,50.80000000000031,-70.0,-70.0,70.00000000000028,50.80000000000031,50.80000000000031,-70.0,-70.0,50.80000000000031,-70.0,-70.0,50.80000000000031,50.80000000000031,50.80000000000031,50.80000000000031
67,25,'',70.00000000000028,50.80000000000031,50.80000000000031,50.80000000000031,70.00000000000028,-70.0,50.80000000000031,-70.0,50.80000000000031,50.80000000000031,50.80000000000031,50.80000000000031,-70.0,70.00000000000028,50.80000000000031,-70.0,50.80000000000031,-70.0,50.80000000000031,50.80000000000031,-70.0,50.80000000000031,50.80000000000031,-70.0,50.80000000000031
68,25,'',70.00000000000028,-70.0,50.80000000000031,50.80000000000031,50.80000000000031,50.80000000000031,-70.0,50.80000000000031,70.00000000000028,50.80000000000031,50.80000000000031,50.80000000000031,-70.0,50.80000000000031,70.00000000000028,-70.0,50.80000000000031,50.80000000000031,-70.0,50.80000000000031,70.00000000000028,-70.0,70.00000000000028,70.00000000000028,-70.0
69,25,'',70.00000000000028,50.80000000000031,70.00000000000028,-70.0,50.80000000000031,-70.0,50.80000000000031,50.80000000000031,70.00000000000028,70.00000000000028,-70.0,50.80000000000031,70.00000000000028,50.80000000000031,70.00000000000028,50.80000000000031,-70.0,-70.0,50.80000000000031,-70.0,50.80000000000031,50.80000000000031,50.80000000000031,-70.0,50.80000000000031
70,25,'',50.80000000000031,-70.0,50.80000000000031,-70.0,70.00000000000028,50.80000000000031,70.00000000000028,70.00000000000028,70.00000000000028,70.00000000000028,50.80000000000031,-70.0,50.80000000000031,50.80000000000031,50.80000000000031,50.80000000000031,-70.0,-70.0,70.00000000000028,-70.0,50.80000000000031,-70.0,50.80000000000031,50.80000000000031,50.80000000000031
71,25,'',-70.0,-70.0,-30.0,48.400000000000304,-30.0,-30.0,-70.0,-30.0,-30.0,-70.0,-70.0,-30.0,-30.0,-30.0,-70.0,-30.0,-30.0,48.400000000000304,-70.0,-70.0,-30.0,48.400000000000304,48.400000000000304,-30.0,-30.0
72,25,'',-70.0,-70.0,48.400000000000304,48.400000000000304,-30.0,-30.0,-30.0,48.400000000000304,-70.0,-70.0,48.400000000000304,-30.0,-30.0,-70.0,-30.0,-30.0,-70.0,-70.0,-30.0,-30.0,-30.0,-30.0,-30.0,48.400000000000304,48.400000000000304
73,25,'',48.400000000000304,-30.0,-30.0,-30.0,48.400000000000304,-70.0,-70.0,-30.0,48.400000000000304,-70.0,-30.0,-30.0,-70.0,48.400000000000304,48.400000000000304,48.400000000000304,-30.0,-30.0,48.400000000000304,-30.0,-30.0,-70.0,-70.0,-30.0,48.400000000000304
74,25,'',-30.0,-70.0,-30.0,-30.0,-30.0,-30.0,-70.0,-70.0,48.400000000000304,-30.0,-70.0,-70.0,48.400000000000304,48.400000000000304,48.400000000000304,48.400000000000304,-30.0,-70.0,-70.0,-30.0,-30.0,48.400000000000304,48.400000000000304,-30.0,-70.0
75,25,'',48.400000000000304,-30.0,48.400000000000304,-30.0,-30.0,48.400000000000304,-30.0,-30.0,-30.0,-30.0,-30.0,-30.0,-70.0,-30.0,48.400000000000304,-30.0,-70.0,-30.0,48.400000000000304,-70.0,-30.0,-30.0,-30.0,48.400000000000304,-30.0
76,25,'',-20.0,-70.0,-20.0,-70.0,-20.0,-20.0,-20.0,-20.0,-20.0,-20.0,-20.0,-20.0,-20.0,-20.0,-20.0,-20.0,-70.0,-70.0,50.80000000000031,-20.0,50.80000000000031,-20.0,-70.0,-70.0,-70.0
77,25,'',50.80000000000031,50.80000000000031,-20.0,-20.0,-20.0,50.80000000000031,-70.0,-20.0,-20.0,-20.0,-70.0,-70.0,50.80000000000031,50.80000000000031,-70.0,50.80000000000031,-70.0,-20.0,-20.0,-70.0,50.80000000000031,-70.0,-20.0,-20.0,-70.0
78,25,'',-70.0,-20.0,-20.0,50.80000000000031,-70.0,-70.0,-20.0,50.80000000000031,-20.0,50.80000000000031,-20.0,-20.0,-70.0,-70.0,-20.0,-20.0,-20.0,-20.0,-20.0,50.80000000000031,-20.0,50.80000000000031,-20.0,-70.0,50.80000000000031
79,25,'',-30.0,55.00000000000032,-30.0,-30.0,-30.0,-30.0,-30.0,-30.0,-70.0,55.00000000000032,-30.0,-70.0,-70.0,-70.0,55.00000000000032,55.00000000000032,-70.0,-30.0,-30.0,-70.0,-70.0,-70.0,-30.0,-30.0,-30.0
80,25,'',-20.0,-70.0,-20.0,-20.0,-70.0,-20.0,-20.0,-70.0,-70.0,-20.0,-70.0,-20.0,40.600000000000286,-20.0,-20.0,-20.0,40.600000000000286,40.600000000000286,-20.0,-20.0,-20.0,-20.0,-20.0,-20.0,-20.0
81,25,'',-20.0,38.20000000000028,-20.0,38.20000000000028,-70.0,38.20000000000028,-20.0,38.20000000000028,38.20000000000028,-70.0,38.20000000000028,38.20000000000028,-70.0,-70.0,-20.0,38.20000000000028,-20.0,-20.0,38.20000000000028,-70.0,-20.0,-20.0,-20.0,-70.0,-70.0
82,25,'',-70.0,11.20000000000023,35.20000000000027,11.20000000000023,11.20000000000023,11.20000000000023,11.20000000000023,-70.0,11.20000000000023,-70.0,35.20000000000027,11.20000000000023,11.20000000000023,35.20000000000027,11.20000000000023,11.20000000000023,11.20000000000023,11.20000000000023,-70.0,11.20000000000023,11.20000000000023,-70.0,-70.0,11.20000000000023,-70.0
83,25,'',11.20000000000023,11.20000000000023,11.20000000000023,11.20000000000023,35.20000000000027,11.20000000000023,11.20000000000023,35.20000000000027,-70.0,-70.0,11.20000000000023,35.20000000000027,-70.0,35.20000000000027,11.20000000000023,11.20000000000023,-70.0,11.20000000000023,11.20000000000023,35.20000000000027,11.20000000000023,35.20000000000027,11.20000000000023,11.20000000000023,11.20000000000023
84,25,'',37.00000000000028,37.00000000000028,-40.0,-70.0,37.00000000000028,-70.0,37.00000000000028,-40.0,37.00000000000028,-40.0,37.00000000000028,-40.0,-40.0,-70.0,-40.0,-70.0,-40.0,-40.0,-40.0,-70.0,37.00000000000028,37.00000000000028,-40.0,37.00000000000028,-40.0
85,25,'',-40.0,-70.0,-40.0,-40.0,37.00000000000028,-70.0,-70.0,37.00000000000028,37.00000000000028,-70.0,-70.0,37.00000000000028,37.00000000000028,-70.0,-40.0,-40.0,37.00000000000028,37.00000000000028,-40.0,-40.0,37.00000000000028,-70.0,37.00000000000028,-40.0,-40.0
86,25,'',11.20000000000023,34.60000000000028,34.60000000000028,-70.0,11.20000000000023,11.20000000000023,11.20000000000023,34.60000000000028,-70.0,11.20000000000023,-70.0,34.60000000000028,11.20000000000023,-70.0,-70.0,11.20000000000023,-70.0,-70.0,34.60000000000028,11.20000000000023,-70.0,-70.0,-70.0,34.60000000000028,-70.0
87,25,'',-70.0,35.80000000000027,11.20000000000023,11.20000000000023,11.20000000000023,-70.0,35.80000000000027,11.20000000000023,11.20000000000023,11.20000000000023,35.80000000000027,35.80000000000027,35.80000000000027,35.80000000000027,11.20000000000023,11.20000000000023,11.20000000000023,11.20000000000023,11.20000000000023,11.20000000000023,35.80000000000027,11.20000000000023,-70.0,35.80000000000027,11.20000000000023
88,25,'',-70.0,60.40000000000033,60.40000000000033,60.40000000000033,60.40000000000033,37.00000000000028,37.00000000000028,60.40000000000033,-70.0,60.40000000000033,-70.0,60.40000000000033,-70.0,60.40000000000033,37.00000000000028,37.00000000000028,37.00000000000028,37.00000000000028,-70.0,60.40000000000033,37.00000000000028,60.40000000000033,-70.0,-70.0,60.40000000000033
89,25,'',60.40000000000033,60.40000000000033,60.40000000000033,-70.0,60.40000000000033,60.40000000000033,60.40000000000033,-70.0,-70.0,-70.0,37.00000000000028,60.40000000000033,-70.0,60.40000000000033,60.40000000000033,-70.0,60.40000000000033,60.40000000000033,60.40000000000033,-70.0,60.40000000000033,-70.0,60.40000000000033,60.40000000000033,60.40000000000033
90,25,'',60.40000000000033,60.40000000000033,-70.0,-70.0,37.00000000000028,60.40000000000033,60.40000000000033,37.00000000000028,37.00000000000028,60.40000000000033,-70.0,60.40000000000033,-70.0,-70.0,-70.0,60.40000000000033,60.40000000000033,60.40000000000033,-70.0,-70.0,-70.0,-70.0,60.40000000000033,60.40000000000033,60.40000000000033
91,25,'',37.00000000000028,60.40000000000033,37.00000000000028,-70.0,37.00000000000028,60.40000000000033,-70.0,-70.0,60.40000000000033,60.40000000000033,60.40000000000033,60.40000000000033,37.00000000000028,60.40000000000033,-70.0,60.40000000000033,60.40000000000033,60.40000000000033,60.40000000000033,60.40000000000033,37.00000000000028,60.40000000000033,60.40000000000033,37.00000000000028,60.40000000000033
92,25,'',60.40000000000033,37.00000000000028,60.40000000000033,37.00000000000028,60.40000000000033,-70.0,60.40000000000033,60.40000000000033,60.40000000000033,37.00000000000028,37.00000000000028,60.40000000000033,60.40000000000033,37.00000000000028,-70.0,60.40000000000033,60.40000000000033,60.40000000000033,60.40000000000033,-70.0,60.40000000000033,-70.0,-70.0,37.00000000000028,60.40000000000033
93,25,'',39.40000000000028,5.20000000000023,5.20000000000023,5.20000000000023,39.40000000000028,-70.0,-70.0,39.40000000000028,5.20000000000023,39.40000000000028,-70.0,-70.0,5.20000000000023,5.20000000000023,39.40000000000028,5.20000000000023,5.20000000000023,5.20000000000023,-70.0,5.20000000000023,5.20000000000023,39.40000000000028,-70.0,5.20000000000023,5.20000000000023
94,25,'',36.400000000000276,37.00000000000028,37.00000000000028,37.00000000000028,36.400000000000276,36.400000000000276,36.400000000000276,37.00000000000028,36.400000000000276,36.400000000000276,36.400000000000276,36.400000000000276,37.00000000000028,36.400000000000276,36.400000000000276,-70.0,-70.0,36.400000000000276,37.00000000000028,-70.0,37.00000000000028,36.400000000000276,36.400000000000276,37.00000000000028,-70.0
95,25,'',-70.0,0.40000000000023306,-70.0,-70.0,-70.0,0.40000000000023306,0.40000000000023306,0.40000000000023306,0.40000000000023306,0.40000000000023306,0.40000000000023306,39.40000000000028,-70.0,0.40000000000023306,0.40000000000023306,0.40000000000023306,0.40000000000023306,39.40000000000028,0.40000000000023306,-70.0,0.40000000000023306,39.40000000000028,39.40000000000028,-70.0,0.40000000000023306
96,25,'',-70.0,40.000000000000284,40.000000000000284,-70.0,-70.0,-70.0,-70.0,-70.0,40.000000000000284,-70.0,40.000000000000284,40.000000000000284,40.000000000000284,-70.0,-70.0,-70.0,-70.0,40.000000000000284,-70.0,-70.0,-70.0,40.000000000000284,40.000000000000284,-70.0,-70.0
97,25,'',-70.0,34.60000000000028,34.60000000000028,11.20000000000023,11.20000000000023,-70.0,11.20000000000023,11.20000000000023,34.60000000000028,11.20000000000023,-70.0,11.20000000000023,34.60000000000028,11.20000000000023,11.20000000000023,34.60000000000028,11.20000000000023,11.20000000000023,11.20000000000023,11.20000000000023,34.60000000000028,11.20000000000023,-70.0,34.60000000000028,-70.0
98,25,'',11.20000000000023,34.60000000000028,34.60000000000028,-70.0,11.20000000000023,11.20000000000023,11.20000000000023,-70.0,34.60000000000028,11.20000000000023,-70.0,11.20000000000023,11.20000000000023,-70.0,34.60000000000028,34.60000000000028,11.20000000000023,11.20000000000023,-70.0,11.20000000000023,11.20000000000023,34.60000000000028,34.60000000000028,34.60000000000028,11.20000000000023
99,25,'',11.20000000000023,35.80000000000027,-70.0,11.20000000000023,11.20000000000023,35.80000000000027,-70.0,11.20000000000023,35.80000000000027,11.20000000000023,11.20000000000023,35.80000000000027,11.20000000000023,11.20000000000023,11.20000000000023,35.80000000000027,-70.0,11.20000000000023,11.20000000000023,-70.0,11.20000000000023,-70.0,-70.0,11.20000000000023,35.80000000000027
