12500,25,'',-60.000000000000036,-69.99999999999996,-89.99999999999979,-89.99999999999983,-89.9999999999998,-60.00000000000004,-79.99999999999991,-69.99999999999991,-69.99999999999999,-70.00000000000003,-79.99999999999989,-79.99999999999986,-89.99999999999974,-79.99999999999991,-69.99999999999999,-70.00000000000003,-89.99999999999983,-69.99999999999997,-89.99999999999974,-79.99999999999986,-79.99999999999987,-70.00000000000003,-69.99999999999997,-69.99999999999997,-99.99999999999963
25000,25,'',-50.00000000000004,-79.99999999999986,-89.99999999999974,-79.99999999999997,-79.99999999999997,-89.99999999999977,-89.99999999999982,-69.99999999999997,-80.0,-60.00000000000004,-89.99999999999982,-79.99999999999996,-99.99999999999963,-89.99999999999974,-69.99999999999997,-89.99999999999974,-69.99999999999997,-70.00000000000003,-89.99999999999989,-79.99999999999994,-89.99999999999977,-89.99999999999974,-70.00000000000003,-69.99999999999999,-79.99999999999986
37500,25,'',-70.00000000000003,-70.00000000000003,-99.99999999999973,-40.00000000000004,-99.99999999999963,-40.00000000000004,-79.99999999999987,-60.00000000000004,-79.99999999999987,-69.99999999999997,-79.99999999999986,-69.99999999999997,-79.99999999999987,-79.99999999999987,-89.99999999999974,-79.99999999999989,-89.99999999999987,-79.99999999999986,-79.99999999999987,-89.99999999999973,-79.99999999999986,-79.99999999999986,-69.99999999999997,-99.99999999999966,-69.99999999999999
50000,25,'',-69.99999999999997,-89.9999999999998,-79.99999999999986,-79.99999999999991,-79.99999999999986,-60.00000000000004,-70.00000000000001,-69.99999999999997,-80.0,-89.99999999999974,-89.9999999999999,-99.99999999999972,-69.99999999999997,-60.00000000000004,-60.0,-79.99999999999994,-89.99999999999982,-100.0,-79.99999999999986,-89.99999999999974,-60.0,-69.99999999999997,-60.00000000000003,-79.99999999999999,-79.99999999999987
62500,25,'',-99.99999999999977,-79.99999999999994,-70.00000000000003,-89.99999999999974,-69.99999999999997,-89.99999999999977,-70.0,-89.99999999999977,-79.99999999999999,-89.99999999999984,-70.00000000000003,-69.99999999999996,-79.99999999999999,-80.0,-79.99999999999989,-99.99999999999969,-69.99999999999997,-50.00000000000004,-69.99999999999996,-89.99999999999976,-99.99999999999963,-89.99999999999974,-99.99999999999979,-99.99999999999966,-89.99999999999982
75000,25,'',-89.99999999999982,-79.99999999999986,-89.9999999999998,-89.9999999999998,-79.99999999999991,-100.0,-79.99999999999986,-99.99999999999977,-79.99999999999989,-99.99999999999974,-79.99999999999987,-60.00000000000003,-89.99999999999983,-99.99999999999963,-79.99999999999986,-89.99999999999977,-89.99999999999984,-89.99999999999974,-79.99999999999987,-79.99999999999986,-89.99999999999974,-79.99999999999987,-89.99999999999974,-50.0,-99.99999999999963
87500,25,'',-79.99999999999993,30.40000000000026,-69.99999999999999,-89.99999999999977,-50.00000000000002,-69.99999999999996,-69.99999999999997,-79.99999999999986,-79.99999999999986,-90.0,-79.99999999999996,-89.99999999999977,-99.99999999999979,-89.99999999999974,-60.00000000000004,-69.99999999999997,-99.99999999999977,-69.99999999999999,-30.000000000000036,-89.99999999999989,-70.0,-40.00000000000002,-79.99999999999993,-79.99999999999986,-89.99999999999986
100000,25,'',-50.000000000000036,-89.99999999999986,-79.99999999999999,-89.9999999999999,-79.99999999999986,-79.9999999999999,-30.000000000000025,-89.99999999999986,-89.99999999999984,-79.99999999999996,-30.000000000000036,-70.0,-79.99999999999977,-89.9999999999998,-89.99999999999984,-40.000000000000036,-99.99999999999982,-60.00000000000004,-79.99999999999986,-60.00000000000003,-79.9999999999999,-70.0,-79.99999999999999,-60.00000000000004,-79.99999999999986
112500,25,'',-89.9999999999998,-79.99999999999989,-89.99999999999984,-99.99999999999976,-99.99999999999976,-69.99999999999997,-79.99999999999991,-89.99999999999984,-99.99999999999966,-79.9999999999999,-99.99999999999963,-89.99999999999989,-99.99999999999974,-70.0,-89.99999999999977,-89.99999999999984,-99.9999999999998,-69.99999999999997,-89.9999999999998,-89.99999999999974,-89.99999999999974,-89.99999999999974,-90.0,-89.99999999999974,-79.99999999999987
125000,25,'',-79.99999999999986,-89.99999999999982,-89.99999999999976,-89.9999999999999,-79.99999999999989,-89.99999999999987,-89.99999999999974,-69.99999999999997,-79.99999999999989,-69.99999999999996,-89.99999999999991,-60.00000000000004,-79.99999999999991,-70.0,-79.99999999999999,-80.0,-99.99999999999966,-69.99999999999996,-79.99999999999986,-69.99999999999997,-79.99999999999986,-89.99999999999984,-69.99999999999997,-89.99999999999976,-89.99999999999976
137500,25,'',-100.0,-79.99999999999997,-69.99999999999996,-79.99999999999989,-79.99999999999986,-79.99999999999989,-79.99999999999989,-69.99999999999997,-89.99999999999974,-99.9999999999998,-79.99999999999977,-99.9999999999997,-99.9999999999997,-89.99999999999987,-69.99999999999997,-99.99999999999974,-89.99999999999984,-79.99999999999991,-99.99999999999966,-90.0,-79.99999999999989,-89.99999999999974,-99.9999999999998,-89.99999999999991,-79.99999999999996
150000,25,'',-89.99999999999983,-70.00000000000001,-79.99999999999993,-89.99999999999977,-89.9999999999999,-99.99999999999977,-89.99999999999977,-69.99999999999987,-99.99999999999966,-60.00000000000002,-89.99999999999974,-40.00000000000004,-79.99999999999989,-70.0,-89.99999999999976,-79.99999999999987,-69.99999999999999,-89.99999999999991,-69.99999999999997,-89.99999999999991,-69.99999999999996,-79.99999999999983,-89.99999999999983,-89.9999999999998,-89.99999999999989
162500,25,'',-99.9999999999998,-90.0,-60.00000000000004,-90.0,-100.0,-89.99999999999987,-89.99999999999989,-100.0,-89.9999999999999,-99.99999999999976,-99.99999999999969,-99.99999999999972,-99.9999999999997,-90.0,-100.0,-89.99999999999986,-89.99999999999984,-89.9999999999999,-80.0,-99.99999999999979,-100.0,-89.99999999999982,-99.9999999999997,-99.99999999999976,-60.00000000000004
175000,25,'',-79.99999999999991,-79.99999999999994,-79.99999999999972,-69.99999999999996,-89.99999999999979,-89.99999999999991,-69.99999999999973,-79.9999999999999,-50.00000000000004,-69.99999999999997,-89.99999999999977,-40.00000000000004,-89.99999999999982,-79.99999999999984,-89.99999999999989,-89.99999999999983,-89.99999999999986,-89.99999999999974,-89.99999999999986,-89.9999999999998,-89.99999999999984,-69.99999999999997,-79.99999999999991,-69.99999999999996,-89.99999999999982
187500,25,'',-99.99999999999969,-40.00000000000003,-79.99999999999987,-100.0,-40.000000000000036,-99.99999999999976,-70.0,-69.99999999999997,-79.99999999999996,-89.9999999999998,-100.0,-70.00000000000003,-69.9999999999999,-100.0,-69.99999999999999,-60.000000000000036,-50.000000000000036,-99.99999999999964,-70.0,-50.000000000000036,-50.00000000000004,-69.99999999999987,-39.999999999999986,-60.00000000000004,-79.99999999999983
200000,25,'',-30.000000000000036,-89.99999999999983,-100.0,-70.0,-100.0,-89.99999999999963,-69.99999999999991,-30.000000000000043,-89.99999999999974,-79.99999999999986,-100.0,-69.99999999999997,-89.99999999999969,-60.00000000000004,-60.00000000000004,-60.00000000000003,-100.0,-30.00000000000003,-30.00000000000003,-60.000000000000036,-89.99999999999991,-50.00000000000004,-69.99999999999997,-79.99999999999986,-69.99999999999997
212500,25,'',-99.99999999999963,-89.99999999999983,-89.9999999999998,-79.99999999999984,-99.99999999999963,-89.99999999999976,-89.99999999999994,-89.99999999999974,-89.99999999999984,-69.99999999999997,-99.99999999999974,-89.99999999999979,-99.99999999999979,-69.99999999999999,-89.99999999999986,-99.9999999999998,-89.99999999999986,-99.99999999999972,-79.99999999999999,-89.99999999999974,-99.9999999999998,-79.99999999999997,-99.99999999999972,-99.99999999999982,-99.99999999999974
225000,25,'',-90.0,-90.0,-100.0,-69.99999999999997,-100.0,-89.99999999999977,-80.0,-90.0,-80.0,-100.0,-60.00000000000004,-69.99999999999991,-60.0,-90.0,-100.0,-69.99999999999999,-100.0,-100.0,-100.0,-79.99999999999993,-100.0,-99.99999999999989,-89.99999999999974,-100.0,-100.0
237500,25,'',-60.00000000000004,-80.0,-60.000000000000036,-59.999999999999986,-50.00000000000004,-50.00000000000003,-79.9999999999999,-60.0,-80.0,-50.00000000000004,-79.99999999999979,-70.00000000000003,-69.99999999999999,-69.99999999999993,-69.99999999999997,-79.99999999999997,-69.99999999999997,-60.000000000000036,-60.00000000000004,-80.0,-80.0,-50.000000000000036,-20.000000000000036,-79.99999999999989,-89.99999999999974
250000,25,'',-90.0,-69.99999999999997,-90.0,-70.0,-90.0,-80.0,-80.0,-70.0,-80.0,-40.0,-60.0,-100.0,-80.0,-69.99999999999997,-89.99999999999963,-60.000000000000014,-100.0,-90.0,-100.0,-90.0,-60.0,-59.999999999999865,-90.0,-80.0,-90.0
262500,25,'',-89.99999999999989,-79.99999999999986,-100.0,-79.99999999999996,-79.9999999999998,-69.99999999999997,-79.99999999999999,-70.00000000000001,-50.00000000000004,-89.99999999999973,-69.99999999999997,-59.999999999999986,-90.0,-99.99999999999963,-60.00000000000004,-89.99999999999997,-80.0,-70.00000000000001,-70.0,-69.99999999999997,-79.99999999999986,-69.99999999999997,-89.99999999999984,-79.99999999999986,-89.99999999999976
275000,25,'',-100.0,-100.0,-100.0,-100.0,-100.0,-100.0,-80.0,-100.0,-100.0,-100.0,-100.0,-79.99999999999993,-100.0,-80.0,-40.0,-100.0,-90.0,-100.0,-100.0,-100.0,-100.0,-100.0,-100.0,-100.0,-90.0
287500,25,'',-90.0,-100.0,-100.0,-89.99999999999972,-100.0,-100.0,-100.0,-100.0,-100.0,-100.0,-100.0,-100.0,-100.0,-100.0,-100.0,-100.0,-100.0,-90.0,-100.0,-100.0,-100.0,-100.0,-100.0,-100.0,-100.0
300000,25,'',-100.0,-100.0,-100.0,-100.0,-100.0,-100.0,-100.0,-100.0,-90.0,-100.0,-100.0,-100.0,-100.0,-100.0,-70.0,-100.0,-100.0,-90.0,-100.0,-100.0,-100.0,-100.0,-80.0,-100.0,-100.0
312500,25,'',-100.0,-100.0,-100.0,-50.0,-100.0,-100.0,-100.0,-100.0,-100.0,-100.0,-100.0,-100.0,-100.0,-100.0,-100.0,-100.0,-100.0,-100.0,-100.0,-100.0,-100.0,-100.0,-100.0,-100.0,-100.0
325000,25,'',-100.0,-100.0,-100.0,-100.0,-100.0,-100.0,-100.0,-100.0,-99.99999999999983,-99.99999999999969,-100.0,-30.000000000000043,-100.0,-100.0,-100.0,-100.0,-100.0,-100.0,-99.99999999999964,-100.0,-100.0,-79.9999999999998,-100.0,-100.0,-80.0
337500,25,'',-80.0,-50.000000000000036,-60.00000000000003,-49.99999999999999,-50.0,-79.99999999999999,-60.00000000000004,-79.99999999999986,-89.9999999999998,-79.9999999999999,-60.000000000000014,-80.0,-60.0,-50.00000000000004,-50.00000000000004,-79.99999999999986,-60.0,-89.99999999999999,-60.00000000000002,-60.00000000000003,-79.99999999999987,-79.99999999999977,-100.0,-60.000000000000036,-60.00000000000004
350000,25,'',-100.0,-100.0,-100.0,-100.0,-100.0,-100.0,-100.0,-100.0,-100.0,-100.0,-100.0,-100.0,-80.0,-100.0,-100.0,-100.0,-100.0,-100.0,-100.0,-100.0,-100.0,-100.0,-100.0,-100.0,-100.0
362500,25,'',-90.0,-100.0,-80.0,-100.0,-100.0,-90.0,-100.0,-100.0,-90.0,-89.99999999999991,-80.0,-70.0,-79.99999999999989,-100.0,-100.0,-100.0,-90.0,-100.0,-90.0,-79.99999999999993,-99.99999999999973,-100.0,-100.0,-90.0,-100.0
375000,25,'',-100.0,-100.0,-100.0,-100.0,-100.0,-100.0,-100.0,-100.0,-100.0,-100.0,-90.0,-100.0,-100.0,-90.0,-100.0,-100.0,-100.0,-100.0,-100.0,-100.0,-100.0,-99.99999999999991,-90.0,-100.0,-100.0
387500,25,'',-90.0,-60.0,-60.0,-90.0,-90.0,-90.0,-89.99999999999987,-80.0,-50.0,-100.0,-80.0,-100.0,-70.0,-69.99999999999994,-100.0,-100.0,-90.0,-50.0,-99.99999999999996,-89.99999999999982,-80.0,-100.0,-90.0,-90.0,-100.0
400000,25,'',-100.0,-100.0,-100.0,-100.0,-100.0,-100.0,-100.0,-100.0,-100.0,-90.0,-80.0,-80.0,-90.0,-100.0,-70.0,-100.0,-100.0,-100.0,-70.0,-100.0,-100.0,-100.0,-100.0,-100.0,-90.0
412500,25,'',-20.000000000000014,-79.99999999999979,-50.0,-69.99999999999999,-89.99999999999979,-89.99999999999983,-89.99999999999976,-69.99999999999991,-99.99999999999976,-79.99999999999997,-70.0,-79.99999999999991,-89.9999999999998,-69.9999999999999,-89.99999999999976,-80.0,-80.0,-69.99999999999991,-99.99999999999972,-60.00000000000004,-69.99999999999997,-79.99999999999986,-79.99999999999996,-80.0,-79.99999999999987
425000,25,'',-100.0,-100.0,-100.0,-100.0,-100.0,-100.0,-100.0,-100.0,-100.0,-89.99999999999973,-89.99999999999969,-100.0,-100.0,-100.0,-100.0,-100.0,-100.0,-100.0,-100.0,-100.0,-100.0,-59.99999999999997,-100.0,-100.0,-90.0
437500,25,'',-90.0,-60.000000000000036,-90.0,-70.0,-90.0,-89.99999999999982,-80.0,-100.0,-90.0,-90.0,-89.99999999999991,-100.0,-80.0,-100.0,-100.0,-70.0,-80.0,-100.0,-90.0,-80.0,-70.0,-100.0,-80.0,-80.0,-80.0
450000,25,'',-100.0,-100.0,-90.0,-100.0,-100.0,-100.0,-80.0,-100.0,-100.0,-90.0,-100.0,-100.0,-100.0,-100.0,-100.0,-100.0,-100.0,-100.0,-100.0,-100.0,-100.0,-100.0,-100.0,-100.0,-100.0
462500,25,'',-100.0,-100.0,-100.0,-100.0,-100.0,-100.0,-100.0,-100.0,-100.0,-100.0,-100.0,-100.0,-100.0,-100.0,-100.0,-100.0,-100.0,-100.0,-100.0,-100.0,-100.0,-100.0,-80.0,-100.0,-100.0
475000,25,'',-50.00000000000004,-100.0,-79.99999999999997,-40.00000000000004,-69.99999999999989,-59.999999999999844,-50.000000000000014,-69.99999999999997,-50.000000000000014,-60.00000000000004,-60.00000000000001,-60.00000000000004,-79.99999999999999,-79.99999999999991,-40.000000000000036,-70.00000000000001,-89.99999999999983,-40.00000000000004,-69.99999999999989,-79.99999999999994,-80.0,-60.00000000000004,-90.0,-80.0,-50.00000000000004
487500,25,'',-80.0,-89.99999999999967,-50.0,-100.0,-60.0,-100.0,-90.0,-80.0,-100.0,-100.0,-80.0,-100.0,-60.00000000000004,-90.0,-89.99999999999991,-80.0,-100.0,-30.000000000000036,-70.0,-90.0,-90.0,-90.0,-80.0,-40.0,-100.0
500000,25,'',-89.99999999999986,-79.99999999999996,-79.99999999999997,-89.99999999999996,-79.99999999999974,-59.99999999999992,-89.99999999999976,-79.99999999999996,-69.99999999999991,-69.99999999999997,-89.99999999999983,-60.00000000000004,-89.99999999999987,-79.99999999999989,-69.99999999999997,-89.99999999999986,-60.00000000000004,-69.9999999999999,-79.99999999999977,-69.99999999999999,-79.99999999999991,-79.99999999999994,-99.99999999999972,-80.00000000000001,-60.000000000000014
512500,25,'',-100.0,-100.0,-100.0,-80.0,-100.0,-100.0,-100.0,-100.0,-100.0,-100.0,-100.0,-100.0,-80.0,-70.0,-100.0,-100.0,-100.0,-100.0,-100.0,-100.0,-100.0,-100.0,-100.0,-100.0,-100.0
525000,25,'',-100.0,-100.0,-100.0,-80.0,-90.0,-100.0,-100.0,-100.0,-100.0,-100.0,-100.0,-100.0,-99.99999999999987,-100.0,-100.0,-100.0,-100.0,-100.0,-100.0,-100.0,-100.0,-100.0,-100.0,-100.0,-70.0
537500,25,'',-100.0,-100.0,-100.0,-100.0,-100.0,-100.0,-100.0,-100.0,-100.0,-100.0,-100.0,-100.0,-60.000000000000036,-100.0,-100.0,-100.0,-90.0,-100.0,-100.0,-90.0,-100.0,-100.0,-100.0,-100.0,-100.0
550000,25,'',-90.0,-80.0,-90.0,-90.0,-80.0,-90.0,-90.0,-90.0,-90.0,-100.0,-90.0,-100.0,-90.0,-100.0,-79.99999999999977,-80.0,-100.0,-90.0,-89.99999999999997,-90.0,-90.0,-90.0,-100.0,-60.0,-100.0
562500,25,'',-90.0,-90.0,-90.0,-80.0,-80.0,-90.0,-90.0,-90.0,-90.0,-90.0,-90.0,-90.0,-80.0,-100.0,-80.0,-90.0,-90.0,-80.0,-90.0,-90.0,-80.0,-90.0,-90.0,-89.99999999999989,-100.0
575000,25,'',-100.0,-60.0,-60.0,-80.0,-80.0,-90.0,-100.0,-80.0,-80.0,-50.0,4.600000000000216,-100.0,-80.0,-60.0,-90.0,-100.0,-60.000000000000036,-70.0,-90.0,-60.0,-40.00000000000004,-69.99999999999997,-79.99999999999993,-100.0,-89.99999999999977
587500,25,'',-79.9999999999998,-100.0,-100.0,-69.99999999999997,-69.99999999999997,-89.99999999999984,-90.0,-40.0,-80.0,-80.0,-60.00000000000002,-80.0,-80.0,-69.99999999999996,-100.0,-90.0,-69.99999999999989,-89.99999999999963,-60.0,-70.0,-79.99999999999979,-70.0,-60.000000000000036,-50.00000000000004,-50.00000000000003
600000,25,'',-90.0,-69.99999999999993,-50.00000000000004,-60.00000000000004,-90.0,-50.00000000000004,-90.0,-50.00000000000003,-90.0,-40.0,-80.0,-90.0,-89.99999999999983,-90.0,-60.00000000000004,-70.00000000000001,-80.0,-50.00000000000003,-59.99999999999999,-80.0,-50.00000000000004,-70.00000000000001,-50.00000000000002,-90.0,-60.00000000000001
612500,25,'',-80.0,-70.0,-70.0,-40.0,-70.0,-70.0,-60.0,-80.0,-70.0,-70.0,-70.0,-70.0,-60.0,-80.0,-60.0,-70.0,-70.0,-50.0,-50.0,-70.0,-70.0,-70.0,-100.0,-100.0,-60.0
625000,25,'',-100.0,-100.0,-89.99999999999996,-100.0,-100.0,-100.0,-100.0,-90.0,-80.0,-100.0,-100.0,-100.0,-100.0,-100.0,-100.0,-100.0,-90.0,-100.0,-90.0,-80.0,-100.0,-90.0,-90.0,-90.0,-90.0
637500,25,'',-90.0,-100.0,-30.000000000000014,-70.0,-70.0,-60.0,-90.0,-60.0,-60.0,-80.0,-80.0,-80.0,-80.0,-90.0,-60.0,-100.0,-90.0,-60.0,-90.0,-100.0,-70.0,-60.0,-50.0,-100.0,-70.0
650000,25,'',-99.9999999999998,-89.99999999999991,-60.00000000000003,-70.0,-80.0,-49.99999999999992,-90.0,-60.00000000000004,-50.00000000000004,-60.00000000000004,-40.0,-50.00000000000004,-80.0,-80.0,-70.0,-30.000000000000043,-40.00000000000004,-79.99999999999989,-50.0,-69.99999999999997,-90.0,-60.000000000000036,-90.0,-50.000000000000014,-70.0
662500,25,'',-70.0,-50.0,-100.0,-80.0,-70.0,-79.99999999999991,-80.0,-100.0,-100.0,-90.0,-80.0,-80.0,-90.0,-90.0,-100.0,-90.0,-100.0,-90.0,-90.0,-90.0,-90.0,-80.0,-70.0,-90.0,-90.0
675000,25,'',-69.99999999999997,-90.0,-90.0,-20.000000000000007,-80.0,-90.0,-80.0,-40.0,-90.0,-60.000000000000014,-90.0,-30.000000000000036,-70.0,-80.0,-70.0,-80.0,-80.0,-60.00000000000002,-40.00000000000004,-80.0,-40.00000000000004,-80.0,-70.0,-70.0,-60.0
687500,25,'',-80.0,-89.99999999999987,-89.99999999999991,-100.0,-70.0,-80.0,-90.0,-79.99999999999999,-90.0,-60.00000000000001,-80.0,-99.99999999999986,-79.99999999999993,-100.0,-90.0,-89.99999999999982,-89.99999999999999,-90.0,-79.99999999999996,-80.0,-70.0,-100.0,-89.99999999999993,-79.99999999999993,-30.000000000000007
700000,25,'',-100.0,-90.0,-69.99999999999997,-80.0,-90.0,-90.0,-80.0,-90.0,-80.0,-90.0,-90.0,-90.0,-80.0,-80.0,-80.0,-90.0,-80.0,-80.0,-89.99999999999977,-90.0,-69.99999999999997,-90.0,-90.0,-90.0,-100.0
712500,25,'',-10.000000000000002,-80.0,-80.0,-90.0,-100.0,-50.000000000000036,-90.0,-90.0,-90.0,-70.0,-80.0,-20.000000000000004,-80.0,-90.0,-70.0,-80.0,-90.0,-90.0,-90.0,-90.0,-80.0,-90.0,-80.0,-70.0,-90.0
725000,25,'',-100.0,-100.0,-100.0,-60.00000000000004,-80.0,-80.0,-100.0,-100.0,-100.0,-100.0,-90.0,-100.0,-100.0,-80.0,-80.0,-90.0,-90.0,-30.000000000000043,-90.0,-90.0,-90.0,-100.0,-80.0,-90.0,-100.0
737500,25,'',-70.0,-100.0,-80.0,-80.0,-100.0,-70.0,-90.0,-90.0,-90.0,-60.00000000000004,-90.0,-90.0,-80.0,-90.0,-90.0,-90.0,-49.99999999999998,-100.0,-80.0,-100.0,-60.00000000000004,-80.0,-70.0,-90.0,-90.0
750000,25,'',-90.0,-100.0,-90.0,-100.0,-90.0,-100.0,-90.0,-80.0,-60.00000000000004,-90.0,-80.0,-80.0,-100.0,-90.0,-100.0,-79.99999999999989,-90.0,-90.0,-90.0,-90.0,-90.0,-70.0,-90.0,-80.0,-80.0
762500,25,'',-80.0,-100.0,-100.0,-100.0,-100.0,-100.0,-100.0,-90.0,-90.0,-90.0,-90.0,-90.0,-100.0,-90.0,-100.0,-100.0,-90.0,-100.0,-100.0,-100.0,-90.0,-90.0,-100.0,-90.0,-90.0
775000,25,'',-90.0,-90.0,-90.0,-100.0,-90.0,-90.0,-90.0,-90.0,-90.0,-80.0,-80.0,-100.0,-90.0,-100.0,-90.0,-90.0,-90.0,-90.0,-89.99999999999987,-90.0,-100.0,-80.0,-90.0,-100.0,-89.99999999999983
787500,25,'',-80.0,-90.0,-80.0,-90.0,-90.0,-90.0,-80.0,-100.0,-90.0,-90.0,-90.0,-80.0,-79.99999999999983,-100.0,-80.0,-90.0,-59.999999999999986,-80.0,-80.0,-90.0,-100.0,-80.0,-70.0,-90.0,-80.0
800000,25,'',-100.0,-100.0,-100.0,-100.0,-100.0,-100.0,-100.0,-100.0,-100.0,-100.0,-100.0,-60.00000000000004,-100.0,-69.99999999999997,-100.0,-100.0,-60.000000000000036,-100.0,-100.0,-100.0,-30.000000000000036,-100.0,-100.0,-100.0,-100.0
812500,25,'',-50.00000000000004,-40.0,-50.00000000000004,-80.0,-90.0,-20.000000000000007,-80.0,-70.0,-80.0,-69.99999999999997,-80.0,-70.0,-20.000000000000036,-80.0,-60.00000000000004,-100.0,-80.0,-90.0,-69.99999999999997,-80.0,-80.0,-20.000000000000007,-60.0,-50.0,-40.000000000000036
825000,25,'',-90.0,-90.0,-80.0,-80.0,-90.0,-50.0,-50.0,-90.0,-80.0,-90.0,-80.0,-90.0,-70.0,-60.000000000000014,-90.0,-70.0,-80.0,-30.0,-40.00000000000004,-80.0,-80.0,-90.0,-90.0,-80.0,-80.0
837500,25,'',-80.0,-60.0,-80.0,-50.00000000000004,-89.99999999999974,-40.00000000000002,-40.00000000000004,-90.0,-89.99999999999977,-70.0,-80.0,-70.0,-80.0,-79.99999999999994,-70.0,-90.0,-99.99999999999964,-69.99999999999997,-79.99999999999986,-80.0,-80.0,-70.0,-100.0,-70.00000000000001,-89.9999999999998
850000,25,'',-80.0,-100.0,-79.99999999999991,-100.0,-90.0,-90.0,-90.0,-90.0,-90.0,-69.99999999999997,-100.0,-90.0,-90.0,-80.0,-90.0,-90.0,-90.0,-90.0,-100.0,-90.0,-100.0,-80.0,-99.99999999999999,-90.0,-90.0
862500,25,'',-79.99999999999977,-60.0,-50.0,-80.0,-80.0,-70.0,-50.00000000000004,-70.0,-80.0,-70.0,-90.0,-60.0,-90.0,-60.0,-50.0,-60.0,-30.0,-80.0,-80.0,-70.0,-90.0,-50.00000000000004,-80.0,-60.0,-60.0
875000,25,'',-70.0,-100.0,-70.0,-90.0,-70.0,-80.0,-59.999999999999986,-60.0,-50.00000000000001,-80.0,-60.00000000000003,-90.0,-60.0,-90.0,-70.00000000000001,-50.00000000000004,-70.0,-60.0,-40.0,-100.0,-80.0,-100.0,-70.0,-90.0,-90.0
887500,25,'',-69.99999999999989,-80.0,-80.0,-89.99999999999983,-80.0,-69.99999999999997,-79.99999999999994,-79.99999999999989,-99.9999999999998,-90.0,-89.99999999999977,-90.0,-79.99999999999989,-90.0,-89.9999999999999,-79.99999999999974,-80.00000000000001,-89.99999999999977,-80.0,-50.00000000000004,-100.0,-89.9999999999999,-80.0,-79.99999999999996,-90.0
900000,25,'',-90.0,-90.0,-90.0,-90.0,-100.0,-90.0,-100.0,-80.0,-90.0,-90.0,-100.0,-90.0,-100.0,-90.0,-90.0,-90.0,-100.0,-100.0,-100.0,-90.0,-90.0,-70.0,-100.0,-80.0,-100.0
912500,25,'',-90.0,-100.0,-90.0,-80.0,-100.0,-80.0,-20.000000000000007,-100.0,-100.0,-90.0,-30.0,-90.0,-90.0,-100.0,-90.0,-100.0,-100.0,-40.00000000000003,-100.0,-89.99999999999974,-90.0,-90.0,-100.0,-79.99999999999987,-100.0
925000,25,'',-50.00000000000004,-90.0,-99.99999999999984,-100.0,-99.99999999999972,-79.99999999999986,-100.0,-80.0,-100.0,-100.0,-100.0,-100.0,-100.0,-100.0,-100.0,-59.99999999999996,-30.00000000000003,-90.0,-70.00000000000004,-69.99999999999997,-79.9999999999999,-100.0,-60.00000000000002,-79.99999999999986,-100.0
937500,25,'',-100.0,-100.0,-100.0,-100.0,-100.0,-100.0,-100.0,-80.0,-100.0,-100.0,-100.0,-80.0,-100.0,-100.0,-90.0,-100.0,-90.0,-90.0,-80.0,-100.0,-100.0,-80.0,-90.0,-80.0,-100.0
950000,25,'',-100.0,-60.000000000000036,-100.0,-40.000000000000036,-90.0,-100.0,-89.99999999999977,-50.00000000000004,-60.00000000000004,-100.0,-60.0,-100.0,-100.0,-60.0,-90.0,-69.99999999999997,-100.0,-100.0,-20.0,-50.0,-100.0,-100.0,-100.0,-60.000000000000036,-100.0
962500,25,'',-90.0,-60.00000000000004,-80.0,-60.0,-100.0,-70.0,-90.0,-80.0,-100.0,-100.0,-69.99999999999999,-90.0,-79.99999999999994,-80.0,-20.000000000000014,-100.0,-69.99999999999997,-89.99999999999989,-90.0,-90.0,-50.0,-100.0,-100.0,-100.0,-70.0
975000,25,'',-50.00000000000003,-100.0,-80.0,-79.99999999999997,-80.0,-69.99999999999997,-70.0,-90.0,-100.0,-90.0,-49.99999999999999,-50.00000000000004,-100.0,-90.0,-100.0,-80.0,-100.0,-70.0,-80.0,-70.0,-90.0,-90.0,-90.0,-80.0,-90.0
987500,25,'',-90.0,-80.0,-50.0,-80.0,-90.0,-80.0,-60.0,-70.0,-60.0,-30.0,-60.000000000000036,-80.0,-50.0,-80.0,-80.0,-60.0,-80.0,-60.0,-80.0,-70.0,-80.0,-40.0,-60.0,-60.0,-10.000000000000002
1000000,25,'',-59.999999999999986,-50.00000000000001,-69.99999999999997,-80.0,-20.0,-80.0,-50.00000000000004,-80.0,-60.000000000000036,-90.0,-50.00000000000004,-90.0,-80.0,-90.0,-70.0,-10.000000000000034,-80.0,-80.0,-90.0,-50.00000000000004,-50.000000000000036,-30.000000000000043,-70.0,-80.0,-80.0
1012500,25,'',-80.0,-100.0,-80.0,-40.00000000000004,-69.99999999999997,-90.0,-69.99999999999997,-70.0,-40.00000000000002,-80.0,-80.0,-80.0,-70.0,-89.99999999999989,-40.000000000000036,-90.0,-80.0,-90.0,-80.0,-90.0,-80.0,-90.0,-80.0,-90.0,-80.0
1025000,25,'',-30.000000000000036,-100.0,-80.0,-90.0,-80.0,-90.0,-90.0,-90.0,-100.0,-90.0,-90.0,-90.0,-90.0,-90.0,-90.0,-100.0,-90.0,-90.0,-90.0,-100.0,-100.0,-90.0,-50.00000000000004,-90.0,-100.0
1037500,25,'',-90.0,-70.0,-50.000000000000036,-40.00000000000004,-50.00000000000004,-90.0,-90.0,-50.0,-100.0,-100.0,-60.0,-40.00000000000001,-90.0,-70.0,-80.00000000000001,-99.99999999999994,-59.999999999999986,-69.99999999999997,-60.0,-50.000000000000014,-49.99999999999999,-50.00000000000003,-89.99999999999994,-89.99999999999974,-90.0
1050000,25,'',-70.0,-60.0,-80.0,-70.0,-20.0,-80.0,-100.0,-80.0,-80.0,-90.0,-80.0,-80.0,-100.0,-100.0,-80.0,-50.00000000000002,-90.0,-60.0,-70.0,-100.0,-100.0,-90.0,-90.0,-100.0,-60.0
1062500,25,'',-80.0,-50.0,-100.0,-90.0,-80.0,-80.0,-69.99999999999997,-10.000000000000002,-70.0,-70.0,-30.0,-30.0,-90.0,-30.000000000000025,-40.000000000000036,-90.0,-50.00000000000002,-80.0,-70.0,-70.0,-60.0,-80.0,-90.0,-70.0,-70.0
1075000,25,'',-40.00000000000001,-90.0,-80.0,-79.99999999999986,-30.000000000000043,-80.0,-89.99999999999979,-100.0,-100.0,-70.0,-90.0,-80.0,-50.0,-30.000000000000036,-50.0,-30.00000000000001,-100.0,-90.0,-80.0,-100.0,-90.0,-80.0,-79.99999999999986,-80.0,-20.000000000000007
1087500,25,'',-90.0,-80.0,-80.0,-40.0,-80.0,-80.0,-80.0,-80.0,-70.0,-90.0,-80.0,-90.0,-80.0,-60.00000000000004,-80.0,-70.0,-70.0,-90.0,-90.0,-70.0,-70.0,-90.0,-80.0,-80.0,-80.0
1100000,25,'',-80.0,-90.0,-80.0,-70.0,-80.0,-80.0,-70.0,-90.0,-80.0,-60.0,-80.0,-80.0,-70.0,-80.0,-80.0,-90.0,-80.0,-90.0,-80.0,-70.0,-80.0,-80.0,-80.0,-90.0,-90.0
1112500,25,'',-80.0,-90.0,-50.000000000000036,-20.000000000000043,-100.0,-90.0,-70.0,-80.0,-70.0,-60.0,-100.0,-60.000000000000014,-70.0,-70.0,-90.0,-90.0,-70.0,-80.0,-100.0,-90.0,-90.0,-90.0,-90.0,-80.0,-70.0
1125000,25,'',-60.0,-100.0,-100.0,-80.0,-100.0,-70.0,-100.0,-100.0,-100.0,-100.0,-100.0,-80.0,-100.0,-100.0,-100.0,-100.0,-80.0,-100.0,-100.0,-100.0,-100.0,-70.0,-100.0,-100.0,-80.0
1137500,25,'',-20.000000000000007,-80.0,-80.0,-70.0,-70.00000000000003,-90.0,-90.0,-80.0,-90.0,-90.0,-70.0,-50.0,-90.0,-90.0,-90.0,-80.0,-100.0,-90.0,-80.0,-100.0,-80.0,-70.0,-90.0,-90.0,-80.0
1150000,25,'',-90.0,-90.0,-90.0,-90.0,-100.0,-90.0,-80.0,-90.0,-90.0,-80.0,-100.0,-90.0,-90.0,-80.0,-90.0,-90.0,-80.0,-90.0,-90.0,-90.0,-80.0,-90.0,-90.0,-90.0,-90.0
1162500,25,'',-100.0,-60.0,-90.0,-90.0,-69.99999999999997,-90.0,-80.0,-60.0,-50.0,-60.0,-80.0,-70.0,-80.0,-80.0,-80.0,-70.0,-100.0,-90.0,-90.0,-90.0,-90.0,-80.0,-90.0,-30.0,-90.0
1175000,25,'',-90.0,-100.0,-80.0,-90.0,-100.0,-90.0,-80.0,-49.99999999999999,-80.0,-100.0,-100.0,-100.0,-80.0,-70.0,-90.0,-80.0,-90.0,-100.0,-90.0,-100.0,-90.0,-100.0,-100.0,-90.0,-70.0
1187500,25,'',-100.0,-100.0,-100.0,-100.0,-100.0,-100.0,-90.0,-100.0,-70.0,-100.0,-100.0,-100.0,-100.0,-100.0,-100.0,-100.0,-80.0,-100.0,-100.0,-100.0,-100.0,-100.0,-100.0,-100.0,-100.0
1200000,25,'',-100.0,-100.0,-60.0,-100.0,-100.0,-80.0,-50.00000000000003,-100.0,-80.0,-80.0,-100.0,-60.0,-100.0,-100.0,-100.0,-100.0,-80.0,-100.0,-100.0,-100.0,-90.0,-90.0,-100.0,-100.0,-100.0
1212500,25,'',-69.99999999999997,-90.0,-90.0,-89.9999999999998,-79.99999999999997,-80.0,-89.99999999999984,-100.0,-69.99999999999997,-90.0,-80.0,-100.0,-80.0,-90.0,-69.99999999999991,-90.0,-79.99999999999986,-80.0,-99.9999999999998,-90.0,-90.0,-89.99999999999974,-89.99999999999979,-80.00000000000001,-89.99999999999974
1225000,25,'',-100.0,-50.0,-100.0,-100.0,-100.0,-100.0,-100.0,-100.0,-100.0,-100.0,-100.0,-80.0,-100.0,-70.00000000000001,-100.0,-100.0,-100.0,-100.0,-100.0,-100.0,-100.0,-100.0,-100.0,-100.0,-100.0
1237500,25,'',-60.0,-70.0,-80.0,-80.0,-60.0,-60.0,-70.0,-70.0,-70.0,-70.0,-80.0,-70.0,-80.0,-80.0,-60.0,-89.9999999999999,-90.0,-70.0,-60.0,-60.0,-80.0,-59.99999999999996,-80.0,-50.0,-80.0
1250000,25,'',-40.000000000000036,-70.0,-70.0,-70.0,-80.0,-90.0,-90.0,-80.0,-60.000000000000036,-80.0,-70.0,-80.0,-60.0,-70.0,-90.0,-80.0,-60.0,-90.0,-80.0,-60.0,-80.0,-80.0,-80.0,-70.0,-80.0
1262500,25,'',-100.0,-100.0,-100.0,-100.0,-70.0,-100.0,-80.0,-100.0,-80.0,-100.0,-50.0,-100.0,-100.0,-100.0,-100.0,-90.0,-100.0,-100.0,-100.0,-100.0,-80.0,-100.0,-100.0,-100.0,-100.0
1275000,25,'',-100.0,-90.0,-90.0,-70.0,-100.0,-100.0,-100.0,-100.0,-100.0,-90.0,-100.0,-80.0,-100.0,-100.0,-60.0,-100.0,-100.0,-100.0,-100.0,-100.0,-100.0,-100.0,-100.0,-100.0,-30.000000000000036
1287500,25,'',-50.0,-80.0,-90.0,-70.0,-80.0,-70.0,-70.0,-50.0,-60.0,-60.0,-60.0,-100.0,-80.0,-40.0,-70.0,-70.0,-60.0,-80.0,-70.0,-80.0,-60.0,-70.0,-70.0,-50.0,-50.0
1300000,25,'',-30.0,-40.00000000000002,-60.000000000000014,-80.0,-80.0,-50.00000000000004,-80.0,-60.0,-60.0,-80.0,-70.0,-80.0,-80.0,-80.0,-70.0,-60.000000000000014,-60.00000000000001,-70.0,-10.0,-80.0,-60.0,-70.0,-70.0,-80.0,-50.0
1312500,25,'',-60.0,-90.0,-70.0,-80.0,-60.0,-70.0,-70.0,-80.0,-70.0,-80.0,-70.0,-90.0,-69.99999999999997,-80.0,-70.0,-80.0,-70.0,-80.0,-80.0,-70.0,-80.0,-90.0,-80.0,-70.0,-70.0
1325000,25,'',-50.0,-80.0,-70.0,-20.000000000000004,-80.0,-70.0,-70.00000000000001,-80.0,-60.0,-60.0,-60.0,-60.000000000000036,-50.00000000000004,-50.000000000000036,-80.0,-60.0,-80.0,-80.0,-80.0,-90.0,-50.0,-80.0,-80.0,-60.000000000000014,-80.0
1337500,25,'',-80.0,-20.0,-80.0,-80.0,-80.0,-80.0,-90.0,-40.0,-90.0,-80.0,-90.0,-90.0,-90.0,-80.0,-90.0,-70.0,-90.0,-70.0,-70.0,-70.0,-90.0,-90.0,-80.0,-90.0,-90.0
1350000,25,'',-100.0,-90.0,-100.0,-90.0,-90.0,-60.0,-70.0,-100.0,-100.0,-100.0,-90.0,-90.0,-80.0,-100.0,-100.0,-100.0,-100.0,-80.0,-90.0,-90.0,-50.0,-90.0,-100.0,-90.0,-79.99999999999986
1362500,25,'',-70.0,-60.0,-80.0,-50.0,-69.99999999999997,-30.0,-50.0,-40.000000000000036,-70.0,-70.0,-80.0,-90.0,-19.999999999999996,-40.00000000000004,-50.0,-50.0,-70.0,-60.00000000000004,-50.00000000000003,-60.0,-50.0,-80.00000000000004,-50.000000000000036,-30.0,-60.00000000000004
1375000,25,'',-100.0,-100.0,-70.0,-100.0,-100.0,-60.0,-70.0,-90.0,-100.0,-40.0,-100.0,-100.0,-100.0,-100.0,-80.0,-100.0,-100.0,-100.0,-100.0,-100.0,-100.0,-100.0,-90.0,-90.0,-100.0
1387500,25,'',-60.0,-60.0,-70.0,-40.0,-30.0,-70.0,-60.0,-70.0,-60.00000000000004,-60.0,-70.0,-90.0,-50.0,-70.0,-60.0,-40.0,-50.0,-70.0,-30.00000000000002,-50.0,-70.0,-70.0,-80.0,-60.0,-70.0
1400000,25,'',26.800000000000253,-60.0,-90.0,-60.0,-20.0,-100.0,-90.0,-50.0,-80.0,-90.0,-10.000000000000002,-90.0,-60.0,-80.0,-60.0,-70.0,-70.0,-60.0,-80.0,-70.0,-80.0,-60.0,-90.0,-100.0,-9.999999999999998
1412500,25,'',-100.0,-40.0,-90.0,-80.0,-100.0,-100.0,-60.0,-100.0,-90.0,-90.0,-50.0,-100.0,-60.00000000000004,-100.0,-60.0,-100.0,-100.0,-100.0,-100.0,-100.0,-100.0,-60.0,-70.0,-100.0,-100.0
1425000,25,'',-100.0,-100.0,-100.0,-100.0,-100.0,-90.0,-100.0,-100.0,-90.0,-100.0,-100.0,-100.0,-100.0,-100.0,-100.0,-100.0,-100.0,-60.0,-100.0,-100.0,-50.0,-100.0,-100.0,-30.000000000000007,-50.0
1437500,25,'',-70.0,-70.0,-70.0,-60.0,-80.0,-70.0,-60.0,-40.00000000000004,-40.00000000000004,-60.0,-90.0,-100.0,-20.000000000000018,-30.0,-70.0,-70.0,-60.0,-90.0,-80.0,-50.0,-100.0,-90.0,-80.0,-100.0,-70.0
1450000,25,'',-100.0,-70.0,-70.0,-100.0,-70.0,-90.0,-70.0,-90.0,-60.000000000000036,-90.0,-60.0,-70.0,-19.999999999999996,-60.0,-90.0,-70.0,-80.0,-30.0,-30.00000000000002,-50.000000000000036,-90.0,-50.0,-20.0,-60.0,-80.0
1462500,25,'',-70.0,-60.00000000000004,-50.000000000000036,-60.0,-80.0,-40.00000000000004,-70.0,-70.0,-70.0,-70.0,-70.0,-100.0,-20.0,-50.0,-60.0,-60.0,-60.0,-60.0,-80.0,-20.000000000000014,-40.0,-70.0,22.00000000000024,-50.0,-60.0
1475000,25,'',-80.0,-70.0,-70.0,-70.0,-80.0,-80.0,-100.0,-80.0,-50.00000000000004,-80.0,-80.0,-90.0,-80.0,-80.0,-70.0,-90.0,-90.0,-90.0,-80.0,-70.0,-80.0,-90.0,-60.00000000000004,-90.0,-80.0
1487500,25,'',-30.0,-60.0,-40.0,-60.0,-60.0,-70.0,-70.0,-30.0,-70.0,-100.0,-60.0,-60.0,-40.0,-9.999999999999998,-60.0,-70.0,-30.0,-50.0,-60.0,-100.0,15.400000000000228,-60.0,-40.0,-80.0,-60.0
1500000,25,'',-80.0,-70.0,-90.0,-90.0,-70.0,-70.00000000000003,-80.0,-90.0,-90.0,-20.000000000000014,-90.0,-90.0,-80.0,-90.0,-80.0,-80.0,-80.0,-90.0,-90.0,-80.0,-80.0,-80.0,-80.0,-100.0,-90.0
1512500,25,'',-100.0,-100.0,-100.0,-100.0,-100.0,-80.0,-100.0,-100.0,-100.0,-100.0,-100.0,-90.0,-100.0,-100.0,-100.0,-100.0,-100.0,-100.0,-100.0,-100.0,-70.0,-100.0,-100.0,-100.0,-100.0
1525000,25,'',-100.0,-100.0,-100.0,-100.0,-100.0,-100.0,-100.0,-79.99999999999997,-100.0,-90.0,-90.0,-90.0,-100.0,-100.0,-80.0,-100.0,-100.0,-100.0,-100.0,-100.0,-100.0,-100.0,-90.0,-100.0,-100.0
1537500,25,'',-100.0,-100.0,-100.0,-70.0,-100.0,-90.0,-100.0,-100.0,-90.0,-100.0,-100.0,-100.0,-100.0,-100.0,-100.0,-100.0,-100.0,-100.0,-100.0,-100.0,-100.0,-90.0,-50.0,-100.0,-100.0
1550000,25,'',-100.0,-100.0,-100.0,-100.0,-90.0,-100.0,-90.0,-100.0,-100.0,-100.0,-100.0,-100.0,-100.0,-100.0,-100.0,-100.0,-100.0,-50.0,-90.0,-100.0,-70.0,-100.0,-100.0,-90.0,-100.0
1562500,25,'',-100.0,-90.0,-100.0,-100.0,-100.0,-100.0,-100.0,-100.0,-79.99999999999986,25.00000000000025,-90.0,-100.0,-80.0,-100.0,-100.0,-100.0,-70.0,-100.0,-100.0,-100.0,-100.0,-100.0,-100.0,-100.0,-100.0
1575000,25,'',-60.0,-70.0,-100.0,-100.0,-100.0,-60.0,-30.0,-100.0,-70.0,-80.0,-100.0,-100.0,-100.0,-100.0,-100.0,-100.0,-70.0,-100.0,-100.0,-50.0,-100.0,-100.0,-70.0,-100.0,-100.0
1587500,25,'',-70.0,-100.0,-80.0,-100.0,-90.0,-50.000000000000036,-80.0,-100.0,-80.0,-90.0,-100.0,-80.0,-60.00000000000002,-100.0,-80.0,-80.0,-79.99999999999986,-80.0,-90.0,-100.0,-90.0,-90.0,-20.00000000000004,-90.0,-80.0
1600000,25,'',-80.0,-80.0,-80.0,-80.0,-80.0,-80.0,-70.0,-60.00000000000004,-80.0,-80.0,-80.0,-80.0,-80.0,-70.0,-70.0,-80.0,-70.0,-90.0,-70.0,-80.0,-70.0,-70.0,-90.0,-70.0,-80.0
1612500,25,'',-90.0,-90.0,-90.0,-100.0,-80.0,-90.0,-100.0,-50.00000000000004,-100.0,-90.0,-90.0,-70.0,-90.0,-80.0,-90.0,-60.0,-90.0,-90.0,-80.0,-90.0,-90.0,-60.0,-90.0,-100.0,-90.0
1625000,25,'',-100.0,-80.0,-100.0,-70.0,-100.0,-100.0,-90.0,-100.0,-80.0,-70.0,-100.0,-100.0,-100.0,-40.0,-100.0,-90.0,-100.0,-100.0,-100.0,-70.0,-80.0,-80.0,-60.0,-100.0,-100.0
1637500,25,'',-100.0,-100.0,-100.0,-40.00000000000003,-60.0,-100.0,-100.0,-60.0,-100.0,-100.0,-50.0,-100.0,-90.0,-100.0,-100.0,-40.0,-100.0,-100.0,-100.0,-100.0,-100.0,-100.0,-100.0,-100.0,-100.0
1650000,25,'',-70.0,-60.0,-40.0,-50.0,-60.0,-60.0,-60.0,-60.0,-60.0,-50.0,-70.0,-69.99999999999997,-60.00000000000004,-70.0,-70.0,-40.0,-70.0,-60.0,-80.0,-90.0,-60.0,-60.0,-70.0,-40.0,-50.0
1662500,25,'',-60.0,-100.0,-20.0,-100.0,-70.0,-100.0,-60.0,-100.0,-60.0,-100.0,-90.0,-100.0,-100.0,-100.0,-50.000000000000014,-100.0,-100.0,-100.0,-100.0,-50.00000000000003,-100.0,-70.0,-100.0,-100.0,-100.0
1675000,25,'',-70.0,-70.0,-70.0,-70.0,-10.000000000000002,-60.0,-70.0,-70.0,-70.0,-70.0,-40.000000000000036,-50.0,-60.0,-60.0,-70.0,-70.0,-70.0,-80.0,-70.0,-70.0,-70.0,-70.0,-50.0,-70.0,-100.0
1687500,25,'',-100.0,-100.0,-100.0,-100.0,-100.0,-100.0,-100.0,-100.0,-100.0,-100.0,-90.0,-100.0,-100.0,-100.0,-100.0,-100.0,-100.0,-100.0,-70.0,-90.0,-100.0,-100.0,-100.0,-100.0,-60.0
1700000,25,'',-50.00000000000003,-50.0,-40.00000000000004,-40.0,-50.00000000000003,-50.0,-20.000000000000007,-80.0,-70.0,-80.0,-60.000000000000014,-70.0,-30.000000000000043,-40.00000000000004,-60.0,-80.0,-80.0,-60.000000000000036,-40.0,-70.0,-30.000000000000043,23.200000000000244,-80.0,-49.99999999999996,-70.0
1712500,25,'',-70.0,-70.0,-50.0,20.80000000000024,-60.0,-70.0,-60.0,-60.0,-70.0,-50.000000000000014,-70.0,-70.0,-60.000000000000014,-80.0,-100.0,-60.0,-70.0,-50.0,-80.0,-70.0,-60.00000000000004,-90.0,-60.0,-100.0,-50.0
1725000,25,'',25.00000000000025,13.600000000000229,-60.0,13.00000000000022,-50.0,13.600000000000229,-40.0,16.60000000000023,-80.0,25.00000000000025,-50.0,-9.999999999999998,18.400000000000233,-50.0,-60.0,-60.0,-40.00000000000004,26.800000000000253,-60.0,-50.00000000000004,9.400000000000231,0.4000000000002366,-60.0,-30.00000000000003,-50.0
1737500,25,'',-70.0,-40.00000000000001,-90.0,-60.0,-90.0,-90.0,-90.0,-70.0,-70.0,-90.0,-80.0,-90.0,-90.0,-89.99999999999979,-90.0,-60.000000000000036,-60.0,-80.0,-70.0,-80.0,0.0,-90.0,-90.0,-70.0,-50.0
1750000,25,'',-70.0,-60.0,-70.0,-80.0,-90.0,-60.0,-70.0,-60.0,-50.0,-50.0,-60.0,-50.0,-50.0,-50.0,-60.0,-70.0,-90.0,-90.0,-80.0,-90.0,-60.0,-60.0,-80.0,-50.0,-80.0
1762500,25,'',-60.00000000000003,-50.00000000000004,-70.0,-50.0,-70.0,-60.0,-90.0,-40.00000000000003,-50.0,-50.0,-30.000000000000036,-60.0,-60.0,-60.00000000000004,-90.0,-50.0,-80.0,-50.00000000000004,-80.0,-30.000000000000018,-50.0,-50.0,-70.0,-70.0,-60.0
1775000,25,'',-90.0,-80.0,-60.0,-80.0,-80.0,-90.0,-70.0,-40.0,-90.0,-80.0,-40.0,-90.0,-80.0,-70.0,-60.0,-50.00000000000003,-60.0,-20.0,-50.0,51.40000000000031,-80.0,-30.000000000000036,-90.0,-70.0,-60.00000000000004
1787500,25,'',-30.000000000000036,-59.999999999999986,-9.999999999999998,-30.000000000000043,-80.0,-80.0,-80.0,-80.0,-80.0,-80.0,-70.0,-80.0,-39.999999999999986,-49.999999999999986,-80.0,-80.0,-80.0,-70.0,-80.0,-70.0,-80.0,-80.0,-70.0,-70.0,-70.0
1800000,25,'',-80.0,-50.0,-60.0,-70.0,-80.0,-70.0,-70.0,-70.0,-80.0,-80.0,-70.0,-60.0,-60.0,-50.0,-80.0,-70.0,-50.000000000000036,-80.0,-80.0,-80.0,-80.0,-80.0,-80.0,-60.0,-80.0
1812500,25,'',-50.0,-40.0,-80.0,-60.0,-70.0,5.200000000000234,-40.00000000000004,-60.0,-60.0,-40.00000000000002,-9.999999999999998,-60.0,-60.0,-70.0,-60.0,-50.0,-60.0,-70.0,-60.0,-40.000000000000036,-30.00000000000002,-60.0,-60.0,-60.0,-70.0
1825000,25,'',13.00000000000023,-60.000000000000036,-50.0,-50.0,-40.00000000000002,-30.0,-40.0,-50.0,-40.00000000000003,-30.000000000000043,-50.0,-40.0,-10.000000000000034,-60.0,-40.0,-40.0,-9.999999999999998,-40.000000000000036,-30.0,-40.000000000000036,-60.0,-40.0,-50.0,-70.0,-40.0
1837500,25,'',-30.0,-20.000000000000007,-50.0,-70.0,-50.0,-20.000000000000007,-50.0,-50.0,-60.0,-40.0,-60.0,-70.0,-50.0,-70.0,-60.0,-9.999999999999998,-100.0,-60.0,-60.0,-50.0,-70.0,-50.0,-50.0,-40.0,-50.0
1850000,25,'',-60.0,-60.0,-40.0,-60.0,-40.0,-70.0,-60.0,-60.0,-60.0,-50.0,-60.0,-50.0,-60.0,-70.0,-50.0,-70.0,-40.0,-60.0,-60.0,-70.0,-60.0,-40.000000000000014,-30.0,-50.0,-60.0
1862500,25,'',-70.0,-40.0,-60.0,-60.0,-60.0,-70.0,-60.0,-50.0,-70.0,-80.0,-40.0,-60.0,-40.0,-70.0,-70.0,-70.0,-40.0,-50.0,-50.0,-60.0,-40.0,-70.0,-70.0,-40.0,-50.0
1875000,25,'',-50.0,-60.0,-60.0,-50.0,-20.000000000000043,-50.0,-50.0,-30.000000000000036,-100.0,-70.0,-50.00000000000004,-30.000000000000025,-30.00000000000002,-40.00000000000004,-50.0,-60.0,-30.000000000000007,-50.0,-9.999999999999998,-50.0,-40.00000000000004,-30.000000000000043,-60.0,-50.00000000000004,-60.00000000000004
1887500,25,'',-10.000000000000044,-50.00000000000001,-90.0,-60.0,-40.00000000000003,-60.0,-30.000000000000025,-60.0,-60.0,-60.0,-10.000000000000009,-20.0,-70.0,-20.000000000000043,-50.0,-60.0,-40.000000000000036,-80.0,-30.000000000000004,-60.0,-60.0,-60.0,-50.000000000000036,-40.00000000000001,-50.0
1900000,25,'',-70.0,-60.00000000000004,-80.0,-30.000000000000043,-50.00000000000004,-70.00000000000003,-70.0,-60.0,-70.0,-80.0,-70.0,-50.0,-60.00000000000001,-80.0,-70.00000000000003,-70.00000000000001,-70.0,-70.0,-70.0,-60.0,-69.99999999999997,-30.000000000000043,-70.0,-70.0,-50.00000000000004
1912500,25,'',-80.0,14.800000000000228,-70.0,-70.0,-40.00000000000004,-90.0,-70.0,-80.0,-60.0,-60.0,-60.0,-70.0,37.00000000000028,-50.0,-90.0,-90.0,-80.0,-50.0,-60.0,-20.000000000000043,-80.0,-60.0,-70.0,-20.000000000000007,-60.0
1925000,25,'',-50.00000000000001,-10.0,-40.00000000000004,-40.00000000000004,-40.00000000000004,-60.0,-60.0,-60.00000000000004,-30.000000000000043,-60.0,-50.0,-50.0,-50.0,-50.0,-50.0,-30.000000000000032,-50.0,-50.0,-9.999999999999998,-10.00000000000003,-40.0,-40.0,-20.000000000000007,-60.0,-50.0
1937500,25,'',-40.00000000000001,-60.00000000000004,-50.0,-60.0,-50.00000000000004,-40.00000000000004,-50.00000000000004,-39.99999999999999,-30.000000000000036,-70.0,-60.0,-60.0,-30.000000000000036,-60.0,-60.00000000000004,-60.0,-80.0,-50.0,-40.00000000000003,-60.0,-60.0,-60.0,-80.0,-50.0,-60.0
1950000,25,'',-50.0,-50.0,-60.0,-70.0,-30.00000000000002,-70.0,-60.0,-3.552713678800501e-15,-30.000000000000007,-60.0,-20.000000000000004,-60.0,-60.0,-60.0,-20.000000000000004,-60.0,-70.0,-60.0,-70.0,-70.0,-50.00000000000004,-80.0,-60.0,-40.00000000000002,-60.0
1962500,25,'',-60.0,-100.0,-100.0,-100.0,-100.0,-100.0,-100.0,-70.0,-100.0,-60.0,-100.0,-100.0,-100.0,-100.0,-100.0,-100.0,-100.0,-100.0,-100.0,-100.0,-70.0,-100.0,-100.0,-20.000000000000007,-100.0
1975000,25,'',-50.0,-50.0,-60.0,-80.0,-80.0,-60.0,-60.0,-50.0,-80.0,-70.0,-60.0,-70.0,-70.0,-50.0,-80.0,-60.0,-70.0,-40.0,-90.0,-70.0,-60.0,-40.00000000000004,-50.0,-60.0,-40.0
1987500,25,'',-50.0,-50.0,-40.0,-60.0,-40.0,-70.0,15.400000000000228,-50.0,-10.000000000000002,-80.0,-50.0,-40.0,-50.0,-50.0,-20.0,-50.0,-60.0,-70.0,-60.0,-50.0,-70.0,-40.00000000000004,-70.0,-20.0,-60.0
2000000,25,'',-80.0,-70.0,-60.0,-50.0,-50.0,-50.0,-80.0,-70.0,-80.0,-30.0,-60.0,-50.0,-60.0,-40.00000000000004,-60.0,-70.0,-50.0,-30.0,-80.0,-90.0,-80.0,-80.0,-30.0,-50.0,-70.0
2012500,25,'',-60.0,-100.0,-60.0,-30.0,-50.0,-60.0,-60.0,-60.0,-50.0,-40.0,-70.0,-20.0,-70.0,-60.0,-60.0,-80.0,-60.0,-70.0,-60.0,-30.0,-70.0,-60.0,-50.0,-60.0,-70.0
2025000,25,'',-60.0,-50.0,-60.0,-60.0,-50.0,-50.0,-60.0,-80.0,-40.0,-50.0,-70.0,-50.0,-90.0,-80.0,-60.00000000000004,-50.00000000000004,-50.0,-50.0,-40.0,-70.0,-60.0,-20.0,-50.0,-40.0,-50.0
2037500,25,'',-70.0,-60.0,-70.0,-30.0,-80.0,-50.00000000000001,-80.0,-70.0,-70.0,-40.0,-60.0,-50.0,-39.99999999999999,-80.0,-60.0,-70.0,-40.0,-50.0,-20.0,-60.0,-40.0,-60.0,-60.0,-90.0,-70.0
2050000,25,'',-90.0,-80.0,-70.0,-50.0,-70.0,-70.0,-60.0,-60.0,-10.0,-70.0,-70.0,-80.0,-70.0,-60.0,-70.0,-70.0,-60.00000000000004,-10.000000000000009,-90.0,-70.0,-50.0,-70.0,-70.0,-70.0,-30.000000000000043
2062500,25,'',-70.0,-80.0,-60.0,-60.0,-80.0,-60.0,-80.0,-60.0,-60.0,-40.0,-60.0,-50.0,-70.0,-40.00000000000002,-70.0,-60.0,-70.0,-60.0,-70.0,-80.0,-60.0,-80.0,-70.0,-70.0,-70.0
2075000,25,'',-80.0,-30.00000000000002,-70.0,-70.00000000000003,-30.000000000000036,-50.0,-80.0,-70.0,-80.0,-60.0,-70.0,-30.000000000000032,-30.000000000000043,-60.0,-70.0,-70.0,-70.0,-60.0,-70.00000000000001,-40.0,-70.0,-60.0,-50.0,-50.0,-60.0
2087500,25,'',-70.0,-50.0,-50.0,-30.0,-70.0,-70.0,-50.0,-50.0,-30.0,-60.0,-60.0,-50.0,-70.0,-50.0,-60.0,-50.0,-60.00000000000001,-50.0,-60.0,-50.0,-50.0,-20.0,-50.0,-50.0,-60.00000000000002
2100000,25,'',-70.0,-70.0,-70.0,-60.0,-50.0,-70.0,-80.0,-60.0,-50.0,-60.0,-80.0,-50.0,-70.0,-70.0,-70.0,-70.0,-20.0,-40.0,-70.0,-60.0,-60.0,-70.0,-60.0,-50.000000000000014,-60.0
2112500,25,'',-30.0,-20.0,-30.0,-40.0,-40.0,-30.0,-40.0,-20.0,-30.0,15.400000000000228,31.600000000000264,-50.0,-30.0,-40.0,35.20000000000027,-20.0,-10.0,-50.0,-10.0,-30.0,-40.0,-50.0,-20.0,-40.0,-50.00000000000001
2125000,25,'',-40.0,-70.0,-80.0,-60.0,-80.0,-70.0,-80.0,-80.0,-60.0,-50.0,-70.0,-50.0,-40.0,-80.0,-80.0,-80.0,-80.0,-80.0,-70.0,-80.0,-60.0,-80.0,-50.0,-80.0,-60.0
2137500,25,'',-30.0,-50.0,-30.0,-30.0,-10.0,-30.0,-40.0,-20.0,-20.0,-10.0,-20.000000000000004,-60.0,-30.0,11.20000000000023,-50.0,-60.0,-20.0,-30.0,-60.0,-30.0,40.600000000000286,-60.0,-40.0,-30.0,-40.0
2150000,25,'',-60.0,-60.0,-50.0,18.400000000000233,-50.0,-60.0,-50.0,-60.0,-30.0,-40.0,-50.0,-30.0,-50.0,-40.0,-50.0,-40.0,-50.0,-70.0,-40.0,-30.0,-60.0,-70.0,-40.0,-40.0,-50.0
2162500,25,'',-90.0,-80.0,-90.0,-30.00000000000004,-60.0,-90.0,-60.0,-100.0,-90.0,-90.0,-50.0,-100.0,-100.0,-90.0,-90.0,-60.0,-80.0,-90.0,-80.0,-100.0,-80.0,-90.0,-100.0,-90.0,-70.0
2175000,25,'',-70.0,-80.0,-70.0,-50.0,-70.0,-70.0,-80.0,-70.0,-70.0,-80.0,-70.0,-80.0,-70.0,-50.0,-80.0,-70.0,-70.0,-70.0,-60.0,-80.0,-60.0,-70.0,-40.0,-70.0,-70.0
2187500,25,'',-90.0,-80.0,-90.0,-90.0,-70.0,-90.0,-90.0,-90.0,-90.0,-70.0,-90.0,-80.0,-70.0,-60.0,-80.0,-80.0,-90.0,-50.0,-90.0,-90.0,-80.0,-70.0,-100.0,-90.0,-90.0
2200000,25,'',-30.0,-70.0,-80.0,-90.0,-70.0,-40.0,-50.00000000000003,-70.0,-50.0,-90.0,-30.0,-60.0,-40.0,-50.0,-50.0,-30.0,-40.0,-50.0,-40.0,-50.0,-60.0,-40.00000000000004,-50.0,-30.0,-40.0
2212500,25,'',-70.0,-70.0,-90.0,-70.0,-80.0,-100.0,-80.0,-70.0,-90.0,-80.0,-80.0,-70.0,-70.0,-60.00000000000003,-80.0,-80.0,-60.0,-80.0,-50.0,-70.0,-80.0,-60.00000000000001,-60.0,-70.0,-70.0
2225000,25,'',-40.0,-70.0,-40.0,-50.000000000000036,-30.0,-40.0,-30.0,-40.0,-40.0,-40.00000000000004,-30.000000000000036,-50.0,-40.0,-50.0,-50.0,-70.0,-30.0,-40.0,-20.000000000000007,-30.0,-60.0,-30.0,-50.0,-40.0,-70.0
2237500,25,'',-60.0,-50.0,-60.0,-60.0,-10.0,-60.0,-70.0,-30.000000000000014,-50.000000000000036,-20.000000000000007,-40.00000000000004,-60.00000000000004,-50.000000000000014,-50.0,-50.0,-90.0,-40.0,-70.0,-70.0,-60.0,-60.0,-80.0,-60.0,-70.0,-50.0
2250000,25,'',-50.0,-50.0,-10.0,-50.0,-40.0,-60.0,-50.0,16.000000000000227,-40.0,-30.0,-50.0,-40.0,-70.0,-40.0,-50.0,-40.0,-50.0,-60.0,-70.0,-40.0,-20.0,-20.0,-20.00000000000003,-80.0,-20.0
2262500,25,'',-60.0,-50.000000000000036,-70.0,-100.0,-80.0,-60.0,-60.0,-20.0,-50.000000000000014,-90.0,-50.0,-70.0,-40.0,-90.0,-50.0,-40.00000000000004,-20.000000000000036,-80.0,-60.0,-40.0,-20.000000000000007,-80.0,-50.0,-50.0,-60.0
2275000,25,'',-40.0,-50.0,-50.0,-40.0,-50.0,-70.0,-70.0,-60.0,-50.0,-40.0,3.400000000000235,-30.0,-50.0,-40.0,-50.0,-50.0,-50.0,-30.000000000000007,-60.0,-30.000000000000007,-40.0,-60.0,-30.0,19.600000000000236,-90.0
2287500,25,'',-90.0,-90.0,-70.0,-10.0,-80.0,-20.0,-70.0,-60.0,-70.0,-60.0,-80.0,-80.0,-90.0,-90.0,-60.0,-40.000000000000036,-50.0,-70.0,-70.0,-70.00000000000003,-90.0,-60.0,-90.0,-50.0,-80.0
2300000,25,'',-60.0,-90.0,-90.0,-80.0,-90.0,-80.0,-70.0,-70.0,-60.0,-80.0,-90.0,-50.00000000000002,-100.0,-50.0,-70.0,-80.0,-80.0,-100.0,-100.0,-80.0,-79.99999999999991,-100.0,-80.0,-80.0,-60.0
2312500,25,'',-69.99999999999997,-50.0,-60.0,-70.00000000000003,-40.0,-80.0,-30.0,-90.0,-60.0,-60.0,-90.0,-60.0,-40.0,-60.0,21.40000000000024,-60.0,-80.0,-60.0,-60.0,-60.0,-70.0,-40.0,-90.0,-20.0,-60.0
2325000,25,'',-20.0,-40.00000000000004,-30.00000000000002,3.400000000000235,-30.0,-70.0,-60.0,-40.00000000000004,-50.000000000000036,-50.0,-60.0,-50.000000000000036,-50.00000000000004,-70.00000000000001,-60.00000000000004,-60.0,-20.0,-20.0,-20.0,-50.00000000000004,-60.0,-70.0,-60.0,-50.00000000000004,-30.0
2337500,25,'',-60.0,-80.0,-90.0,-90.0,-90.0,-90.0,-50.0,-90.0,-80.0,-70.0,-90.0,-90.0,-90.0,-90.0,-90.0,-90.0,-100.0,-70.0,-90.0,-90.0,-100.0,-90.0,-80.0,-100.0,-79.99999999999986
2350000,25,'',-100.0,-70.0,-90.0,-80.0,-70.0,-90.0,-70.0,-50.0,-100.0,-100.0,-100.0,-70.0,-80.0,-80.0,-100.0,-60.0,-80.0,-80.0,-80.0,-90.0,-70.0,-90.0,-90.0,-100.0,-100.0
2362500,25,'',-70.0,-70.0,-70.0,-60.0,-70.0,-80.0,-70.0,-60.0,-30.00000000000003,-80.0,-70.0,-60.0,-70.0,-60.0,-80.0,-70.0,-60.0,-80.0,-80.0,-90.0,-90.0,-70.0,-80.0,-70.0,-70.0
2375000,25,'',-60.0,-50.0,-60.0,-90.0,-50.0,-60.0,-90.0,-20.000000000000004,-60.0,-30.0,-79.99999999999994,-70.0,-100.0,-60.0,-60.00000000000001,-60.0,-70.0,-50.0,-70.0,-60.0,-90.0,-90.0,-80.0,-80.0,-90.0
2387500,25,'',-90.0,-90.0,-70.0,-90.0,-90.0,-90.0,-79.99999999999996,-90.0,-100.0,-100.0,-100.0,-100.0,-90.0,-60.0,-70.0,-90.0,-90.0,-90.0,-90.0,-100.0,-100.0,-90.0,-80.0,-100.0,-70.0
2400000,25,'',-80.0,-100.0,-80.0,-80.0,-80.0,-40.0,-60.0,-80.0,-80.0,-70.00000000000001,-100.0,-90.0,-70.0,-80.0,-60.0,-70.0,-80.0,-70.0,-80.0,-80.0,-70.0,-100.0,-80.0,-80.0,-69.99999999999999
2412500,25,'',-80.0,-80.0,-80.0,-80.0,-80.0,-100.0,-80.0,-60.0,-80.0,-80.0,-80.0,-80.0,-70.0,-100.0,-100.0,-80.0,-70.0,-90.0,-80.0,-80.0,-50.0,-80.0,-80.0,-70.0,-70.0
2425000,25,'',-90.0,-90.0,-100.0,-100.0,-100.0,-90.0,-90.0,-60.0,-90.0,-90.0,-90.0,-80.0,-100.0,-90.0,-100.0,-90.0,-100.0,-100.0,-40.0,-60.00000000000003,-90.0,-100.0,-100.0,-100.0,-90.0
2437500,25,'',-60.0,-90.0,-90.0,-90.0,-80.0,-90.0,-90.0,-100.0,-80.0,-90.0,-90.0,-90.0,-90.0,-90.0,-90.0,-90.0,-70.0,-90.0,-90.0,-100.0,-50.00000000000002,-90.0,-60.0,-90.0,-90.0
2450000,25,'',-80.0,-70.0,-60.0,-50.0,-50.000000000000014,-60.0,-70.0,-30.0,-80.0,-70.0,-20.0,-40.00000000000004,-80.0,-50.0,-69.99999999999997,-70.0,-89.99999999999986,-40.00000000000004,-70.0,-30.00000000000001,-70.0,-70.0,-70.0,-50.00000000000001,-60.0
2462500,25,'',-100.0,-80.0,-70.0,-50.00000000000004,-40.0,-100.0,-80.0,-40.00000000000004,-100.0,-89.99999999999969,-100.0,5.200000000000234,-100.0,-60.0,-90.0,-100.0,-100.0,-70.0,-60.0,-60.0,-90.0,-70.0,-80.0,-100.0,-80.0
2475000,25,'',-80.0,-60.0,-60.00000000000004,-90.0,-90.0,-80.0,-90.0,-60.0,-30.0,-90.0,-60.0,-60.0,-50.0,-40.0,-30.000000000000007,-90.0,-60.0,-90.0,-90.0,-80.0,-70.0,-40.0,-40.00000000000004,-50.0,-80.0
2487500,25,'',-90.0,-90.0,-80.0,-80.0,-90.0,-80.0,-89.99999999999993,-80.0,-60.0,-90.0,-80.0,-70.0,-80.0,-70.0,-40.0,-50.0,-60.0,-70.0,-80.0,-50.0,-90.0,-40.0,-40.0,-90.0,-90.0
2500000,25,'',-100.0,-60.0,-80.0,-80.0,-80.0,-60.0,-60.0,-70.0,-60.0,-80.0,-29.999999999999996,-80.0,-60.0,-100.0,-70.0,-90.0,-70.0,-80.0,-20.000000000000014,-80.0,-70.0,-90.0,17.80000000000023,-90.0,-20.0
2500000,25,'',-90.0,-80.0,-70.0,-10.000000000000002,-90.0,-80.0,-70.0,-70.0,-100.0,-70.0,-70.0,-90.0,-80.0,-90.0,-80.0,-80.0,-80.0,-80.0,-60.0,-70.0,-100.0,-49.99999999999997,-90.0,-80.0,-90.0
