generation,time,memory_usage_MB,cpu_usage_percent
0,0.08351278305053711,7122.75,20.7
0,0.05849003791809082,7078.765625,17.4
0,0.0688779354095459,7113.46875,26.2
0,0.060320138931274414,7118.25,23.7
0,0.03166317939758301,7106.40625,17.5
0,0.042875051498413086,7076.5625,22.5
0,0.08052873611450195,7097.640625,24.4
0,0.047322988510131836,7099.03125,23.7
0,0.040271759033203125,7086.78125,19.7
0,0.04628920555114746,7077.21875,17.3
0,0.04982614517211914,7071.53125,15.5
0,0.05240797996520996,7035.359375,17.8
0,0.046141862869262695,7029.390625,16.2
0,0.04747414588928223,6992.203125,16.8
0,0.04726767539978027,6992.171875,16.6
0,0.05012083053588867,6992.5,16.4
0,0.04508018493652344,7015.765625,16.7
0,0.046751976013183594,6997.625,16.4
0,0.052108049392700195,6997.5625,17.1
0,0.046684980392456055,6992.984375,16.8
0,0.04483199119567871,6994.859375,20.3
0,0.053446292877197266,6995.453125,16.9
0,0.04639720916748047,6995.109375,16.9
0,0.03351783752441406,6995.109375,16.0
0,0.0471491813659668,6994.984375,16.2
0,0.03090214729309082,6990.140625,16.2
0,0.04531502723693848,6990.078125,16.5
0,0.048764944076538086,6987.9375,17.4
0,0.061701059341430664,6988.296875,16.6
0,0.04874825477600098,6988.234375,16.0
0,0.05321002006530762,6988.21875,16.5
0,0.0485231876373291,6988.03125,17.0
0,0.04532623291015625,6988.078125,17.1
0,0.04771614074707031,6987.84375,16.8
0,0.06075596809387207,6987.96875,16.2
0,0.04284405708312988,6988.28125,16.9
0,0.04603004455566406,7011.4375,16.6
0,0.05146479606628418,7011.03125,17.1
0,0.04979515075683594,7010.984375,16.7
0,0.04921698570251465,7010.9375,16.5
0,0.051892995834350586,7010.125,16.4
0,0.04480886459350586,7009.265625,16.7
0,0.03425788879394531,7007.21875,16.2
0,0.053993940353393555,7010.4375,15.7
0,0.046640872955322266,7007.15625,15.1
0,0.05215001106262207,7006.140625,15.8
0,0.04808187484741211,7000.546875,16.3
0,0.04362607002258301,7001.671875,16.0
0,0.03370404243469238,7002.015625,17.3
0,0.056897878646850586,7002.03125,16.0
0,0.05461692810058594,7002.109375,16.6
0,0.04747605323791504,7001.875,17.1
0,0.05491471290588379,6991.875,16.7
0,0.04775500297546387,6991.90625,16.1
0,0.04983925819396973,6991.875,16.2
0,0.0463871955871582,6997.265625,16.5
0,0.053503990173339844,6997.25,16.9
0,0.0480189323425293,6997.0,16.4
0,0.04788780212402344,6997.390625,16.8
0,0.04564404487609863,6997.59375,16.5
0,0.05148816108703613,6996.96875,16.9
0,0.054197072982788086,6997.203125,16.5
0,0.04783010482788086,6993.203125,16.4
0,0.04675412178039551,6992.71875,16.1
0,0.04888319969177246,6993.0625,16.4
0,0.050302982330322266,6988.421875,17.2
0,0.0627591609954834,6988.109375,16.9
0,0.047482967376708984,6988.140625,16.5
0,0.04466581344604492,6988.09375,16.6
0,0.052236080169677734,6987.984375,16.1
0,0.046278953552246094,6988.34375,17.7
0,0.046736955642700195,6988.46875,16.9
0,0.032881975173950195,6988.265625,16.5
0,0.04574728012084961,6988.25,15.9
0,0.06184101104736328,6993.71875,17.1
0,0.04432797431945801,6993.40625,17.2
0,0.04719972610473633,6993.578125,18.9
0,0.04473590850830078,6993.5625,18.1
0,0.04598689079284668,6993.515625,16.9
0,0.03828716278076172,6994.71875,16.1
1,0.02894902229309082,7001.4375,17.4
1,0.0381319522857666,7003.828125,17.3
1,0.051672935485839844,7002.703125,15.2
1,0.046797990798950195,7001.859375,15.1
1,0.03465104103088379,6993.796875,16.6
1,0.04039597511291504,6997.828125,16.4
1,0.05097484588623047,6996.84375,17.1
1,0.04767465591430664,6996.90625,16.6
1,0.04761910438537598,6996.765625,16.5
1,0.049642086029052734,6996.765625,17.2
1,0.05666375160217285,6996.078125,16.3
1,0.04957222938537598,6994.96875,16.6
1,0.04535794258117676,6994.875,16.6
1,0.04536771774291992,7000.40625,16.9
1,0.045253753662109375,6999.71875,20.6
1,0.04885101318359375,7000.171875,17.8
1,0.03792095184326172,6998.015625,17.5
1,0.04610610008239746,6999.453125,17.1
1,0.0634310245513916,6999.515625,17.1
1,0.05470108985900879,6999.21875,17.0
1,0.03415513038635254,6999.015625,17.4
1,0.05413031578063965,6999.03125,16.7
1,0.04890608787536621,6998.78125,17.1
1,0.0447239875793457,6992.21875,17.9
1,0.02652716636657715,6992.328125,16.8
1,0.04697012901306152,6992.3125,17.0
1,0.04556012153625488,6992.28125,16.7
1,0.03384280204772949,6991.90625,17.5
1,0.04438304901123047,6993.875,17.7
1,0.047753095626831055,6993.78125,17.2
1,0.04650592803955078,6993.859375,16.9
1,0.047029972076416016,6993.453125,17.2
1,0.047937870025634766,6999.90625,17.2
1,0.054409027099609375,7000.3125,18.6
1,0.0554659366607666,6996.453125,17.0
1,0.049028873443603516,7005.46875,16.7
1,0.05401873588562012,7004.4375,16.3
1,0.05030989646911621,7000.765625,16.5
1,0.047070980072021484,6999.765625,17.0
1,0.0545039176940918,6999.25,16.6
1,0.046875,6999.3125,16.8
1,0.04701495170593262,6994.984375,16.8
1,0.04810500144958496,6990.75,17.6
1,0.04637575149536133,6990.9375,17.2
1,0.04602313041687012,6991.46875,18.2
1,0.04739117622375488,6991.453125,16.7
1,0.03867292404174805,6990.96875,16.8
1,0.05254197120666504,6991.046875,17.2
1,0.04960203170776367,6990.671875,16.6
1,0.046749114990234375,6990.328125,16.7
1,0.04486513137817383,6990.171875,17.3
1,0.05411410331726074,6995.46875,17.4
1,0.04554295539855957,6995.65625,18.8
1,0.05554986000061035,6995.90625,17.4
1,0.049302101135253906,6995.53125,17.0
1,0.05973005294799805,6995.234375,18.1
1,0.040779829025268555,6995.265625,16.8
1,0.0474700927734375,6995.25,17.9
1,0.04882192611694336,6995.03125,16.7
1,0.05184197425842285,6994.953125,17.0
1,0.055727243423461914,6994.953125,16.6
1,0.05293989181518555,6989.921875,17.3
1,0.04743337631225586,6990.046875,17.4
1,0.04908108711242676,6990.625,17.6
1,0.0436100959777832,6990.734375,16.8
1,0.04765892028808594,6991.296875,17.4
1,0.0443110466003418,6991.546875,17.9
1,0.04819464683532715,6991.5625,17.6
1,0.04512190818786621,6991.296875,17.1
1,0.04166889190673828,6991.703125,19.1
1,0.03646278381347656,6996.734375,19.1
1,0.04619312286376953,6996.890625,17.8
1,0.04851412773132324,6996.9375,16.5
1,0.052626848220825195,7002.703125,16.8
1,0.04548215866088867,7000.4375,16.2
1,0.05284476280212402,6996.484375,15.4
1,0.0419158935546875,6995.921875,16.5
1,0.046421051025390625,6995.796875,15.8
1,0.038290977478027344,6995.28125,16.1
1,0.048544883728027344,6996.015625,16.4
2,0.0260770320892334,7015.234375,20.4
2,0.05546998977661133,7014.484375,17.4
2,0.047766923904418945,7014.59375,16.5
2,0.057034969329833984,6999.71875,16.8
2,0.03604888916015625,7000.9375,16.9
2,0.04571866989135742,7000.453125,17.0
2,0.018403053283691406,7002.265625,16.4
2,0.05307316780090332,6999.25,16.4
2,0.044298648834228516,7002.625,22.2
2,0.02437138557434082,7056.65625,21.2
2,0.03677964210510254,7109.328125,19.8
2,0.043467044830322266,7066.671875,17.5
2,0.037901878356933594,7066.640625,17.7
2,0.03443622589111328,7062.421875,17.1
2,0.03991079330444336,7058.78125,17.9
2,0.04172706604003906,7100.5625,21.8
2,0.03546905517578125,7092.109375,17.2
2,0.03609299659729004,7068.0,17.5
2,0.03755497932434082,7066.328125,17.3
2,0.04175090789794922,7040.140625,18.1
2,0.03952598571777344,7039.453125,17.8
2,0.044526100158691406,7039.015625,16.9
2,0.0383608341217041,7039.046875,16.7
2,0.044577836990356445,7039.125,16.6
2,0.031210899353027344,7030.125,15.6
2,0.04026484489440918,7017.140625,16.0
2,0.03696393966674805,7017.09375,15.9
2,0.03364920616149902,7016.96875,15.5
2,0.04146099090576172,7020.40625,15.1
2,0.037756919860839844,7016.859375,15.5
2,0.04176688194274902,7010.390625,15.5
2,0.0416109561920166,7009.84375,15.8
2,0.03751111030578613,6997.296875,15.4
2,0.04530906677246094,6997.4375,16.2
2,0.042253971099853516,6997.59375,16.4
2,0.04299211502075195,6997.5625,16.2
2,0.04137825965881348,6997.78125,15.1
2,0.03694295883178711,6997.84375,15.5
2,0.04439496994018555,6997.703125,15.6
2,0.030749797821044922,6997.4375,16.4
2,0.03985404968261719,6997.921875,16.0
2,0.039865732192993164,6993.890625,15.9
2,0.040483713150024414,6993.921875,15.5
2,0.04623889923095703,6993.859375,15.5
2,0.044180870056152344,6993.859375,16.1
2,0.03694796562194824,6993.5625,15.7
2,0.04036998748779297,6993.21875,15.5
2,0.042353153228759766,6993.75,16.2
2,0.048753976821899414,6994.09375,15.6
2,0.04024815559387207,6994.390625,16.4
2,0.04917120933532715,6994.421875,16.4
2,0.04089188575744629,6994.65625,16.0
2,0.042825937271118164,6994.65625,16.6
2,0.04351997375488281,6994.65625,15.9
2,0.025082111358642578,6994.625,15.3
2,0.04214882850646973,6994.5625,16.2
2,0.0456240177154541,6994.515625,15.5
2,0.0430757999420166,6994.359375,15.5
2,0.042257070541381836,6994.1875,16.0
2,0.04018568992614746,6999.984375,15.6
2,0.049933671951293945,6993.890625,15.4
2,0.0360560417175293,6989.84375,15.1
2,0.040592193603515625,6989.546875,15.0
2,0.04293704032897949,6989.3125,15.7
2,0.040223121643066406,6989.4375,16.1
2,0.034478187561035156,6990.078125,17.6
2,0.03675103187561035,6996.4375,17.6
2,0.04196906089782715,6996.328125,16.6
2,0.03688979148864746,7081.109375,19.1
2,0.04413294792175293,7105.296875,19.3
2,0.038455963134765625,7102.90625,18.5
2,0.037165164947509766,7092.703125,18.9
2,0.038221120834350586,7054.578125,19.0
2,0.04063105583190918,7053.9375,18.0
2,0.04300498962402344,7053.5,16.9
2,0.044712066650390625,7048.578125,16.1
2,0.039437055587768555,7048.046875,15.9
2,0.03725790977478027,7047.390625,16.4
2,0.03942394256591797,7045.203125,17.4
2,0.04426884651184082,7040.21875,16.0
3,0.018331289291381836,7040.03125,15.7
3,0.04209423065185547,7045.421875,17.8
3,0.04345393180847168,7045.328125,18.0
3,0.0318150520324707,7042.09375,15.5
3,0.0383448600769043,7040.109375,15.9
3,0.046133995056152344,7040.0625,15.6
3,0.04534602165222168,7039.0,16.2
3,0.04925990104675293,7034.75,16.6
3,0.04073500633239746,7034.8125,15.8
3,0.04011273384094238,7035.0625,16.1
3,0.04165506362915039,6994.25,17.3
3,0.04139900207519531,6998.375,16.2
3,0.035726308822631836,6995.109375,15.4
3,0.03654217720031738,6995.125,16.7
3,0.039186954498291016,6995.078125,15.5
3,0.035902976989746094,6995.046875,16.0
3,0.04425811767578125,6994.765625,15.6
3,0.034277915954589844,6995.046875,17.4
3,0.04268693923950195,6995.609375,16.8
3,0.03923916816711426,6995.53125,15.4
3,0.04355931282043457,6995.453125,15.3
3,0.04225802421569824,6995.484375,15.7
3,0.032801151275634766,6995.421875,15.4
3,0.04280686378479004,6988.84375,16.2
3,0.03782391548156738,6988.640625,15.7
3,0.04515194892883301,6988.8125,15.9
3,0.03874492645263672,6989.03125,17.0
3,0.04568600654602051,6989.078125,16.6
3,0.040917158126831055,6989.046875,15.8
3,0.042196035385131836,6989.09375,15.9
3,0.04276704788208008,6989.140625,16.1
3,0.041561126708984375,6989.140625,16.6
3,0.04380178451538086,6988.984375,15.7
3,0.04235696792602539,6988.859375,15.5
3,0.042249202728271484,6988.78125,16.3
3,0.03794598579406738,6988.78125,15.6
3,0.03822588920593262,6988.609375,16.2
3,0.04084181785583496,6988.9375,15.8
3,0.03766012191772461,6988.96875,15.2
3,0.038084983825683594,6993.5625,19.8
3,0.03639388084411621,7053.234375,18.3
3,0.03694963455200195,7112.265625,24.3
3,0.03960394859313965,7122.6875,24.6
3,0.03665590286254883,7062.421875,19.7
3,0.03370499610900879,7068.4375,18.8
3,0.039971113204956055,7041.953125,16.4
3,0.042192697525024414,7040.828125,17.4
3,0.04528093338012695,7136.109375,24.5
3,0.0365753173828125,7129.4375,19.4
3,0.04366946220397949,7126.015625,22.2
3,0.033284902572631836,7109.25,22.9
3,0.04347681999206543,7060.734375,20.0
3,0.041166067123413086,7056.125,17.3
3,0.04251432418823242,7044.75,16.8
3,0.04511427879333496,7044.96875,17.2
3,0.042220115661621094,7044.703125,18.9
3,0.04807686805725098,7044.75,15.9
3,0.04084420204162598,7043.171875,16.5
3,0.04237008094787598,7043.15625,16.9
3,0.03859114646911621,7040.453125,16.1
3,0.03604412078857422,7031.3125,16.8
3,0.04432797431945801,7028.15625,16.4
3,0.03841900825500488,7028.59375,16.9
3,0.03988003730773926,7028.3125,16.1
3,0.039032936096191406,7028.390625,16.2
3,0.0397489070892334,7029.171875,18.4
3,0.03952813148498535,7029.0,18.0
3,0.04029488563537598,7033.6875,17.6
3,0.04816412925720215,7032.4375,17.5
3,0.04058098793029785,7031.90625,16.1
3,0.034928083419799805,7133.90625,26.4
3,0.018442869186401367,7133.671875,18.8
3,0.02542901039123535,7110.125,21.4
3,0.025300025939941406,7097.375,24.3
3,0.02864694595336914,7065.078125,22.7
3,0.02598714828491211,7145.296875,32.8
3,0.049433231353759766,7152.15625,20.6
3,0.05086088180541992,7125.65625,17.8
3,0.04253506660461426,7054.84375,20.9
3,0.038903236389160156,7030.203125,16.5
4,0.018415212631225586,7021.40625,16.2
4,0.04035687446594238,7026.75,16.9
4,0.03917217254638672,7025.6875,15.5
4,0.03726983070373535,7019.65625,15.6
4,0.04151511192321777,7019.640625,16.5
4,0.04375100135803223,7019.421875,16.5
4,0.04139399528503418,7018.8125,16.5
4,0.03408193588256836,7014.109375,15.9
4,0.04173898696899414,7004.09375,15.8
4,0.03941607475280762,6996.078125,15.8
4,0.03561210632324219,6996.015625,16.2
4,0.0376896858215332,6995.796875,16.0
4,0.04435920715332031,6995.921875,15.8
4,0.03902173042297363,6996.109375,15.6
4,0.03753018379211426,6996.265625,16.7
4,0.050330162048339844,6996.359375,16.0
4,0.04527997970581055,6996.640625,16.4
4,0.037323951721191406,6996.53125,16.5
4,0.04713702201843262,6996.546875,16.2
4,0.0452880859375,7002.34375,15.7
4,0.046669960021972656,7000.96875,6.2
4,0.053228139877319336,7014.21875,5.1
4,0.05482125282287598,7013.515625,7.5
4,0.0491180419921875,7008.59375,4.4
4,0.06913399696350098,7009.875,2.6
4,0.05735492706298828,7009.859375,3.4
4,0.06117892265319824,7010.15625,3.4
4,0.05851387977600098,7010.765625,8.1
4,0.05698370933532715,7010.578125,5.0
4,0.06174182891845703,7009.640625,4.5
4,0.061135053634643555,7006.578125,4.6
4,0.056501150131225586,7006.453125,4.4
4,0.07699394226074219,7013.0625,4.5
4,0.05829787254333496,7012.9375,4.5
4,0.057433128356933594,7012.796875,3.5
4,0.06275391578674316,7012.859375,4.0
4,0.046697378158569336,7012.765625,3.8
4,0.061544179916381836,7012.734375,4.9
4,0.06047987937927246,7013.03125,3.9
4,0.05981111526489258,7012.921875,3.4
4,0.05711078643798828,7012.875,3.8
4,0.06249713897705078,7010.46875,3.8
4,0.061250925064086914,7005.625,4.9
4,0.06293773651123047,7005.375,3.4
4,0.06142306327819824,7006.359375,8.0
4,0.06019306182861328,7006.734375,5.6
4,0.05322098731994629,7006.75,3.8
4,0.06329607963562012,7006.671875,3.9
4,0.061531782150268555,7006.578125,3.4
4,0.05841803550720215,7006.734375,3.5
4,0.0631718635559082,7019.640625,4.4
4,0.04009699821472168,7135.40625,10.1
4,0.029434919357299805,7149.625,7.5
4,0.05073213577270508,7136.390625,11.9
4,0.06165599822998047,7149.484375,18.4
4,0.025646209716796875,7150.921875,5.0
4,0.04337310791015625,7105.40625,14.7
4,0.021768808364868164,7138.421875,14.3
4,0.04921102523803711,7062.0625,11.2
4,0.06024789810180664,7045.765625,4.0
4,0.0713810920715332,7027.234375,3.9
4,0.04381680488586426,7020.0,4.4
4,0.0672907829284668,7019.859375,3.4
4,0.0708470344543457,7016.421875,3.1
4,0.08343672752380371,7016.5625,3.0
4,0.06580519676208496,7016.671875,4.1
4,0.0699920654296875,7015.4375,3.9
4,0.05676889419555664,7018.828125,2.6
4,0.05279994010925293,7006.609375,2.5
4,0.0565948486328125,7001.359375,2.4
4,0.050672054290771484,7001.125,3.7
4,0.03875994682312012,7001.109375,3.2
4,0.05257582664489746,7001.0625,3.1
4,0.0607609748840332,7001.328125,4.2
4,0.061713218688964844,7001.546875,3.5
4,0.0599360466003418,7002.03125,4.6
4,0.07280087471008301,7002.125,3.7
4,0.06526732444763184,7001.984375,3.4
4,0.06529903411865234,7001.78125,3.7
4,0.059262990951538086,7001.578125,3.5
5,0.014210700988769531,7006.578125,5.9
5,0.060124874114990234,7006.609375,3.4
5,0.057183027267456055,7006.734375,3.6
5,0.05745887756347656,7006.90625,3.7
5,0.0667579174041748,7006.90625,3.6
5,0.04996514320373535,7006.265625,3.3
5,0.0510408878326416,7006.296875,2.9
5,0.05970573425292969,7006.34375,3.3
5,0.06795287132263184,7021.75,3.6
5,0.04855489730834961,7021.890625,4.5
5,0.05684494972229004,7021.96875,4.2
5,0.05710577964782715,7030.328125,13.3
5,0.0554201602935791,7029.875,5.1
5,0.06298303604125977,7028.859375,3.6
5,0.04512214660644531,7027.109375,10.9
5,0.06401801109313965,7036.6875,6.2
5,0.05804896354675293,7033.40625,3.4
5,0.057831764221191406,7033.359375,3.5
5,0.05368304252624512,7029.84375,3.4
5,0.061964988708496094,7029.234375,4.5
5,0.06537389755249023,7029.875,4.5
5,0.05237889289855957,7034.40625,8.6
5,0.057569026947021484,7033.703125,4.6
5,0.06062674522399902,7041.0,23.3
5,0.03392481803894043,7046.34375,29.2
5,0.055361032485961914,7037.671875,18.1
5,0.05714106559753418,7039.046875,7.9
5,0.05751204490661621,7039.1875,4.5
5,0.05861401557922363,7039.953125,8.5
5,0.06652593612670898,7039.421875,4.7
5,0.06892108917236328,7038.171875,3.2
5,0.0632622241973877,7037.796875,4.5
5,0.0574650764465332,7038.234375,3.4
5,0.05117630958557129,7070.296875,9.1
5,0.05141305923461914,7214.859375,22.4
5,0.047286033630371094,7198.765625,17.1
5,0.05603504180908203,7207.9375,12.4
5,0.055606842041015625,7186.15625,14.0
5,0.058010101318359375,7362.109375,19.7
5,0.03804206848144531,7363.6875,15.9
5,0.05526399612426758,7352.3125,8.8
5,0.057350873947143555,7423.625,15.5
5,0.03705096244812012,7473.84375,19.5
5,0.05244708061218262,7436.34375,12.0
5,0.057213783264160156,7395.765625,8.5
5,0.05524039268493652,7394.859375,7.9
5,0.045300960540771484,7423.625,18.5
5,0.036837100982666016,7422.671875,15.5
5,0.05790519714355469,7395.09375,13.8
5,0.05934786796569824,7436.84375,21.6
5,0.03852391242980957,7456.125,10.4
5,0.0619661808013916,7448.953125,7.4
5,0.05981898307800293,7439.0625,12.4
5,0.07003402709960938,7491.8125,12.9
5,0.04475688934326172,7524.421875,17.3
5,0.05980801582336426,7508.0,4.5
5,0.07242512702941895,7529.21875,12.0
5,0.06620383262634277,7517.4375,8.3
5,0.051177978515625,7501.78125,10.4
5,0.046784162521362305,7654.6875,16.2
5,0.057557106018066406,7703.140625,12.8
5,0.05472993850708008,7646.0625,12.3
5,0.06472086906433105,7636.84375,5.9
5,0.0591738224029541,7627.484375,4.2
5,0.04816007614135742,7615.890625,3.5
5,0.06545114517211914,7618.453125,4.0
5,0.051155805587768555,7624.875,6.4
5,0.053131103515625,7617.15625,4.4
5,0.05889892578125,7599.4375,4.1
5,0.05937528610229492,7598.984375,3.5
5,0.05707907676696777,7602.375,4.5
5,0.059188127517700195,7597.828125,4.6
5,0.04361581802368164,7594.78125,3.5
5,0.05654120445251465,7592.25,5.5
5,0.058937788009643555,7591.46875,3.2
5,0.05749702453613281,7589.3125,3.7
5,0.04917287826538086,7586.640625,3.1
5,0.06425023078918457,7586.9375,4.2
5,0.0569610595703125,7585.484375,4.1
5,0.06595182418823242,7584.75,3.4
6,0.014674901962280273,7586.296875,5.5
6,0.05104827880859375,7589.3125,4.6
6,0.06049323081970215,7589.3125,3.3
6,0.06095480918884277,7588.21875,3.0
6,0.058899879455566406,7484.265625,7.9
6,0.05486583709716797,7509.0625,9.5
6,0.047116994857788086,7550.296875,10.3
6,0.06628179550170898,7528.484375,3.6
6,0.06014299392700195,7538.515625,9.6
6,0.05402398109436035,7558.28125,16.3
6,0.040094852447509766,7634.484375,15.8
6,0.052123069763183594,7579.984375,10.7
6,0.05425095558166504,7579.296875,9.0
6,0.056427001953125,7589.625,5.5
6,0.06462907791137695,7560.1875,6.5
6,0.0371708869934082,7542.3125,7.8
6,0.0583798885345459,7570.71875,12.6
6,0.05680704116821289,7563.0625,9.2
6,0.0541079044342041,7555.578125,22.7
6,0.03350090980529785,7552.546875,9.5
6,0.04852414131164551,7544.1875,7.5
6,0.04929304122924805,7544.109375,3.8
6,0.06268310546875,7542.625,3.4
6,0.061068058013916016,7530.546875,4.6
6,0.06486916542053223,7541.875,9.4
6,0.06041693687438965,7616.34375,11.2
6,0.05969095230102539,7676.046875,13.4
6,0.07784605026245117,7630.046875,12.0
6,0.06496119499206543,7984.328125,19.9
6,0.051338911056518555,8091.53125,11.5
6,0.04890108108520508,8271.734375,18.7
6,0.03955078125,8436.78125,17.6
6,0.04637598991394043,8298.109375,14.2
6,0.059571027755737305,8233.59375,13.1
6,0.0559999942779541,8298.90625,9.6
6,0.058728933334350586,8260.75,8.4
6,0.0570831298828125,8124.421875,5.6
6,0.05874490737915039,8116.796875,4.5
6,0.04954862594604492,8018.15625,9.3
6,0.05472421646118164,8104.984375,11.2
6,0.05954480171203613,7825.359375,11.2
6,0.0443730354309082,7679.796875,4.2
6,0.05645108222961426,7680.28125,4.7
6,0.06012105941772461,7680.234375,7.7
6,0.05455517768859863,7737.515625,11.9
6,0.04085516929626465,7656.53125,21.3
6,0.05043196678161621,7690.34375,12.2
6,0.05567002296447754,7690.21875,8.0
6,0.05699515342712402,7708.75,11.7
6,0.06784367561340332,7744.265625,11.1
6,0.03761625289916992,7747.265625,21.2
6,0.04211711883544922,7771.15625,9.5
6,0.05913209915161133,7742.234375,9.3
6,0.04500389099121094,7741.515625,10.5
6,0.04742598533630371,7756.8125,13.1
6,0.06137800216674805,7754.46875,21.4
6,0.03632211685180664,7777.640625,11.6
6,0.06169486045837402,7761.875,14.5
6,0.05961012840270996,7764.75,12.3
6,0.056513071060180664,7730.75,11.8
6,0.05409884452819824,7740.21875,8.2
6,0.05432319641113281,7738.140625,8.1
6,0.057869672775268555,7736.953125,10.2
6,0.05594992637634277,7746.28125,10.8
6,0.057115793228149414,7753.625,11.0
6,0.061676025390625,7765.890625,11.8
6,0.04606270790100098,7754.3125,20.4
6,0.04512286186218262,7824.203125,10.8
6,0.05838489532470703,7782.140625,10.3
6,0.06077313423156738,7790.15625,14.2
6,0.056816816329956055,7777.4375,13.8
6,0.0547029972076416,7793.96875,12.6
6,0.03621792793273926,7759.75,20.5
6,0.038522958755493164,7781.046875,5.9
6,0.03644990921020508,7775.515625,4.5
6,0.05500292778015137,7775.625,4.3
6,0.05634808540344238,7775.296875,5.3
6,0.05424785614013672,7774.65625,4.6
6,0.05205202102661133,7774.546875,4.0
6,0.06081509590148926,7774.203125,4.5
7,0.015367984771728516,7778.65625,9.1
7,0.06450581550598145,7766.796875,11.0
7,0.0479741096496582,7755.3125,11.3
7,0.05588412284851074,7756.765625,9.9
7,0.06158280372619629,7767.234375,18.8
7,0.03187298774719238,7762.890625,16.1
7,0.027733802795410156,7768.453125,16.9
7,0.05389809608459473,7768.25,10.1
7,0.053954124450683594,7767.90625,10.9
7,0.0463709831237793,7768.203125,7.4
7,0.0567471981048584,7782.578125,11.4
7,0.055178165435791016,7779.984375,8.0
7,0.057572126388549805,7778.078125,9.0
7,0.045974016189575195,7781.828125,10.7
7,0.04951810836791992,7780.796875,10.0
7,0.061753273010253906,7802.984375,24.4
7,0.03800487518310547,7779.40625,5.8
7,0.05781698226928711,7774.546875,4.6
7,0.05900096893310547,7774.0625,3.6
7,0.05726981163024902,7776.875,4.0
7,0.07325291633605957,7777.359375,5.0
7,0.055967092514038086,7776.828125,3.5
7,0.056910037994384766,7777.0625,5.1
7,0.05588722229003906,7774.296875,4.1
7,0.048757076263427734,7770.65625,6.4
7,0.029637813568115234,7765.125,4.5
7,0.04491686820983887,7756.34375,3.2
7,0.04727315902709961,7755.1875,3.3
7,0.05324387550354004,7754.453125,3.0
7,0.055561065673828125,7751.9375,5.1
7,0.06371498107910156,7750.296875,3.2
7,0.06539201736450195,7749.5625,3.5
7,0.049050092697143555,7749.796875,4.6
7,0.0469970703125,7749.796875,4.1
7,0.061501264572143555,7749.75,4.2
7,0.061415910720825195,7749.890625,3.5
7,0.06940317153930664,7746.8125,3.6
7,0.05615592002868652,7746.84375,4.0
7,0.05628371238708496,7746.796875,3.5
7,0.060556650161743164,7746.6875,5.8
7,0.05405783653259277,7747.0625,3.8
7,0.054502248764038086,7746.3125,4.3
7,0.06218600273132324,7756.171875,4.7
7,0.06117582321166992,7753.484375,5.5
7,0.024734973907470703,7753.640625,4.0
7,0.05923795700073242,7752.875,4.1
7,0.06057310104370117,7746.15625,3.9
7,0.05649995803833008,7745.84375,3.9
7,0.05566906929016113,7745.890625,4.8
7,0.062361955642700195,7746.0625,3.8
7,0.05924081802368164,7744.234375,3.6
7,0.05071902275085449,7744.21875,3.9
7,0.05135202407836914,7744.265625,5.7
7,0.06036877632141113,7744.234375,4.5
7,0.059973716735839844,7744.390625,4.1
7,0.05707597732543945,7744.390625,3.6
7,0.04846906661987305,7744.46875,3.0
7,0.06490206718444824,7744.796875,3.3
7,0.0565340518951416,7744.640625,5.0
7,0.05139517784118652,7744.5,3.9
7,0.05657601356506348,7744.484375,3.6
7,0.05188417434692383,7744.109375,3.5
7,0.05734395980834961,7744.109375,4.4
7,0.03399085998535156,7743.78125,3.6
7,0.06590700149536133,7744.25,4.0
7,0.057212114334106445,7744.21875,4.0
7,0.05766606330871582,7744.09375,3.9
7,0.06007099151611328,7744.1875,4.6
7,0.06152224540710449,7744.265625,3.9
7,0.05542612075805664,7744.53125,3.5
7,0.05767703056335449,7744.671875,3.9
7,0.06452608108520508,7748.828125,4.4
7,0.045453786849975586,7746.046875,8.0
7,0.05365490913391113,7745.671875,4.3
7,0.05601906776428223,7745.671875,3.8
7,0.06876707077026367,7746.265625,4.4
7,0.07337689399719238,7745.921875,3.1
7,0.058862924575805664,7745.734375,3.4
7,0.05398225784301758,7745.703125,3.4
7,0.06039118766784668,7745.015625,3.6
8,0.015547752380371094,7744.875,3.5
8,0.050235748291015625,7749.9375,6.9
8,0.05686306953430176,7749.21875,4.4
8,0.05978798866271973,7748.53125,4.9
8,0.06388187408447266,7748.453125,4.0
8,0.06833481788635254,7729.34375,5.7
8,0.049509286880493164,7729.296875,5.0
8,0.05771803855895996,7729.21875,4.6
8,0.05721879005432129,7730.125,6.3
8,0.06172537803649902,7730.015625,4.6
8,0.04355192184448242,7729.765625,7.8
8,0.057157039642333984,7729.671875,5.1
8,0.06607198715209961,7729.890625,4.1
8,0.051490068435668945,7730.09375,3.8
8,0.05518198013305664,7730.484375,3.8
8,0.0559229850769043,7724.296875,4.7
8,0.030987977981567383,7724.046875,4.3
8,0.054112911224365234,7724.03125,3.6
8,0.059664249420166016,7723.828125,6.5
8,0.051657915115356445,7723.78125,3.6
8,0.056246042251586914,7723.828125,5.0
8,0.060014963150024414,7723.921875,4.5
8,0.05609393119812012,7725.078125,6.4
8,0.05921292304992676,7725.25,3.8
8,0.048664093017578125,7725.25,4.1
8,0.05754494667053223,7725.203125,4.1
8,0.04698801040649414,7725.421875,3.9
8,0.05620384216308594,7725.0625,3.4
8,0.06474804878234863,7725.09375,3.6
8,0.057476043701171875,7725.03125,3.9
8,0.049043893814086914,7724.796875,3.9
8,0.05179119110107422,7724.375,4.4
8,0.052571773529052734,7724.578125,4.2
8,0.05385708808898926,7724.828125,3.8
8,0.053441762924194336,7725.109375,4.9
8,0.03946208953857422,7725.078125,3.7
8,0.056513071060180664,7731.25,5.0
8,0.06341099739074707,7729.21875,4.4
8,0.045471906661987305,7725.078125,2.6
8,0.05370903015136719,7725.09375,4.1
8,0.05632829666137695,7722.1875,3.3
8,0.056381940841674805,7722.515625,3.8
8,0.06011819839477539,7722.40625,5.1
8,0.059335947036743164,7722.375,2.8
8,0.055982112884521484,7722.421875,4.5
8,0.06309986114501953,7722.265625,3.9
8,0.06030631065368652,7722.40625,3.8
8,0.05768179893493652,7722.734375,3.6
8,0.060240983963012695,7722.671875,3.8
8,0.06290197372436523,7723.703125,9.2
8,0.06357598304748535,7723.375,5.1
8,0.05610203742980957,7724.03125,5.0
8,0.05951404571533203,7729.5,4.9
8,0.05225181579589844,7729.65625,5.4
8,0.06084895133972168,7729.234375,4.4
8,0.0721280574798584,7729.25,4.4
8,0.04752206802368164,7728.921875,4.4
8,0.04775285720825195,7728.421875,4.3
8,0.05513286590576172,7728.46875,5.0
8,0.06506514549255371,7728.140625,4.5
8,0.05397796630859375,7728.40625,4.8
8,0.056690216064453125,7728.390625,5.1
8,0.06011486053466797,7723.4375,4.5
8,0.0585329532623291,7723.375,5.6
8,0.060098886489868164,7723.640625,4.3
8,0.0485081672668457,7724.125,8.1
8,0.05164289474487305,7724.28125,6.7
8,0.05795931816101074,7725.578125,3.9
8,0.03998208045959473,7724.296875,3.9
8,0.04823589324951172,7724.015625,3.9
8,0.06264090538024902,7724.0,4.1
8,0.04904818534851074,7723.859375,3.9
8,0.05315995216369629,7724.578125,7.1
8,0.06319284439086914,7725.203125,12.8
8,0.04836702346801758,7725.609375,4.3
8,0.04779481887817383,7725.59375,3.4
8,0.05689692497253418,7725.421875,3.9
8,0.0506291389465332,7725.375,4.8
8,0.056617021560668945,7724.828125,4.4
8,0.05739903450012207,7724.625,3.9
9,0.01568293571472168,7732.234375,5.6
9,0.05138707160949707,7732.140625,4.6
9,0.04791879653930664,7732.15625,4.4
9,0.0568697452545166,7736.984375,3.9
9,0.05393481254577637,7734.25,3.0
9,0.043920278549194336,7731.734375,2.9
9,0.059946298599243164,7731.484375,3.6
9,0.024649858474731445,7731.40625,3.3
9,0.04752087593078613,7731.375,3.6
9,0.05700182914733887,7731.828125,4.1
9,0.06932187080383301,7732.125,3.5
9,0.05557513236999512,7732.140625,4.6
9,0.053424835205078125,7743.4375,6.0
9,0.04795980453491211,7743.390625,3.6
9,0.057301998138427734,7742.15625,4.7
9,0.05980420112609863,7740.90625,3.7
9,0.05167889595031738,7734.796875,4.4
9,0.05689716339111328,7734.703125,4.4
9,0.04872488975524902,7734.6875,3.9
9,0.051342010498046875,7732.171875,4.0
9,0.05224609375,7732.25,3.7
9,0.056535959243774414,7732.5625,4.4
9,0.07203006744384766,7732.46875,3.8
9,0.0586390495300293,7732.5,3.5
9,0.05456805229187012,7732.40625,4.2
9,0.05727887153625488,7732.5625,4.8
9,0.03423023223876953,7732.578125,4.9
9,0.05935096740722656,7732.578125,4.2
9,0.05597114562988281,7732.5,4.0
9,0.051126956939697266,7732.84375,4.2
9,0.051579952239990234,7732.78125,4.7
9,0.05681586265563965,7732.859375,4.7
9,0.04901885986328125,7732.890625,3.5
9,0.052459001541137695,7732.96875,3.9
9,0.06258702278137207,7732.828125,3.5
9,0.06305813789367676,7732.8125,4.4
9,0.07093381881713867,7732.5625,4.3
9,0.061656951904296875,7732.296875,3.8
9,0.04888200759887695,7732.625,4.0
9,0.05148506164550781,7732.578125,3.8
9,0.05990290641784668,7732.71875,4.4
9,0.05120992660522461,7732.453125,3.6
9,0.056568145751953125,7732.5625,4.3
9,0.06194615364074707,7732.46875,3.5
9,0.06000518798828125,7737.5,4.4
9,0.054772138595581055,7736.046875,3.4
9,0.04434084892272949,7732.390625,2.5
9,0.04666614532470703,7732.515625,3.3
9,0.04881620407104492,7732.8125,3.2
9,0.05727410316467285,7753.984375,11.1
9,0.054019927978515625,7834.171875,9.9
9,0.054533958435058594,7916.109375,12.1
9,0.0571291446685791,8202.203125,19.5
9,0.02434682846069336,8293.84375,16.0
9,0.04101991653442383,8263.15625,12.8
9,0.06182575225830078,7803.484375,9.4
9,0.0592350959777832,7802.75,4.0
9,0.051023244857788086,7803.25,4.5
9,0.056056976318359375,7803.34375,4.1
9,0.05144619941711426,7803.4375,5.1
9,0.05059814453125,7804.25,6.8
9,0.06184887886047363,7804.34375,3.9
9,0.06594705581665039,7804.25,4.1
9,0.05686616897583008,7804.15625,4.6
9,0.05948305130004883,7802.859375,4.1
9,0.058648109436035156,7780.671875,3.9
9,0.06380414962768555,7780.75,3.8
9,0.057399749755859375,7781.03125,4.4
9,0.04621005058288574,7781.078125,4.4
9,0.04817318916320801,7781.28125,3.9
9,0.05125570297241211,7781.375,3.5
9,0.05885624885559082,7781.265625,4.9
9,0.05574989318847656,7781.421875,3.6
9,0.06733584403991699,7781.84375,8.4
9,0.0635368824005127,7781.84375,6.3
9,0.05374503135681152,7781.859375,5.0
9,0.0569920539855957,7782.09375,4.6
9,0.0567629337310791,7782.5625,8.1
9,0.05655717849731445,7782.65625,4.6
9,0.0686647891998291,7782.390625,4.1
10,0.016043901443481445,7782.53125,4.1
10,0.051758766174316406,7787.640625,6.0
10,0.052609920501708984,7787.734375,6.0
10,0.05318021774291992,7787.984375,4.6
10,0.052816152572631836,7787.984375,4.0
10,0.0562129020690918,7788.109375,4.3
10,0.04997396469116211,7789.375,4.3
10,0.06077885627746582,7789.140625,4.4
10,0.048017263412475586,7788.96875,3.3
10,0.057335853576660156,7788.921875,3.6
10,0.05518507957458496,7794.734375,3.3
10,0.04121279716491699,7789.734375,5.0
10,0.051297903060913086,7788.828125,3.4
10,0.05128288269042969,7770.828125,3.4
10,0.050522804260253906,7771.203125,3.7
10,0.05126500129699707,7766.53125,4.0
10,0.05050325393676758,7766.546875,4.3
10,0.025121212005615234,7766.421875,3.9
10,0.0555422306060791,7766.734375,3.7
10,0.0618891716003418,7766.515625,6.6
10,0.05218100547790527,7779.65625,7.1
10,0.0479280948638916,7779.890625,5.6
10,0.04910421371459961,7779.828125,4.1
10,0.04907703399658203,7779.78125,3.8
10,0.04501605033874512,7785.578125,8.0
10,0.050916194915771484,7785.796875,4.3
10,0.06998991966247559,7786.5,6.1
10,0.05254316329956055,7786.703125,4.4
10,0.04905223846435547,7786.828125,3.4
10,0.04610919952392578,7786.265625,3.9
10,0.062203168869018555,7786.03125,3.8
10,0.055228233337402344,7785.890625,5.4
10,0.06024599075317383,7785.609375,4.7
10,0.05682110786437988,7785.765625,4.0
10,0.05783891677856445,7779.59375,4.0
10,0.06264996528625488,7779.6875,5.1
10,0.022201061248779297,7779.796875,3.9
10,0.04911994934082031,7779.828125,3.8
10,0.0542299747467041,7831.265625,10.3
10,0.05706429481506348,7916.28125,17.2
10,0.04089808464050293,7938.359375,23.7
10,0.0508120059967041,7943.65625,9.4
10,0.04055380821228027,7865.890625,10.9
10,0.05121207237243652,7864.859375,4.3
10,0.05646491050720215,7847.53125,4.3
10,0.05931210517883301,7846.875,4.2
10,0.05740976333618164,7843.875,3.4
10,0.07220911979675293,7842.1875,3.7
10,0.0436253547668457,7846.875,4.5
10,0.04268598556518555,7837.078125,9.4
10,0.04611921310424805,7836.328125,3.8
10,0.0490267276763916,7832.109375,3.3
10,0.06386494636535645,7814.21875,3.6
10,0.06339406967163086,7814.3125,3.3
10,0.060088157653808594,7814.28125,4.4
10,0.026380062103271484,7814.25,3.7
10,0.059370994567871094,7813.5625,3.3
10,0.06283903121948242,7813.671875,3.8
10,0.05621480941772461,7813.609375,3.9
10,0.049404144287109375,7818.46875,6.9
10,0.05199718475341797,7818.234375,4.0
10,0.057315826416015625,7818.34375,4.0
10,0.06131601333618164,7818.0,3.6
10,0.06236076354980469,7818.3125,4.1
10,0.05861616134643555,7818.4375,5.5
10,0.04746699333190918,7818.546875,4.3
10,0.048929691314697266,7818.328125,3.9
10,0.05941486358642578,7818.453125,3.5
10,0.061064958572387695,7813.5,4.1
10,0.05440926551818848,7813.21875,4.5
10,0.06244015693664551,7812.6875,3.5
10,0.08505606651306152,7813.671875,6.1
10,0.06993627548217773,7813.859375,3.6
10,0.05632305145263672,7813.9375,5.0
10,0.04241609573364258,7813.890625,3.6
10,0.0468292236328125,7813.84375,3.4
10,0.05003499984741211,7813.328125,4.5
10,0.05576491355895996,7813.453125,3.8
10,0.06200814247131348,7813.5,5.0
10,0.055432796478271484,7813.34375,4.0
11,0.015856027603149414,7813.3125,4.0
11,0.05139923095703125,7802.984375,4.1
11,0.04804229736328125,7803.03125,3.9
11,0.05121111869812012,7803.296875,6.0
11,0.04782295227050781,7803.015625,3.7
11,0.05905890464782715,7803.109375,2.9
11,0.055373191833496094,7803.09375,3.9
11,0.055982112884521484,7803.0625,3.2
11,0.06740593910217285,7802.53125,4.3
11,0.05398130416870117,7802.703125,3.8
11,0.062487125396728516,7802.890625,3.6
11,0.059082984924316406,7802.59375,3.9
11,0.05975008010864258,7803.15625,5.3
11,0.04914593696594238,7803.203125,3.5
11,0.06528306007385254,7803.25,5.1
11,0.06182384490966797,7806.546875,3.4
11,0.05405092239379883,7805.015625,3.4
11,0.04552483558654785,7802.1875,3.9
11,0.04838204383850098,7802.25,3.6
11,0.05978798866271973,7802.15625,3.8
11,0.0664360523223877,7802.3125,3.1
11,0.04427313804626465,7802.125,3.9
11,0.04911494255065918,7802.390625,4.1
11,0.05962109565734863,7801.796875,3.6
11,0.05446028709411621,7801.59375,9.9
11,0.057077884674072266,7801.53125,3.5
11,0.06342387199401855,7803.296875,4.6
11,0.02977776527404785,7801.484375,4.3
11,0.06000208854675293,7801.5,4.1
11,0.05086016654968262,7801.703125,4.6
11,0.050080060958862305,7801.734375,4.1
11,0.053601980209350586,7801.96875,4.8
11,0.058760881423950195,7802.03125,3.9
11,0.05062699317932129,7809.6875,4.4
11,0.05906105041503906,7809.734375,4.0
11,0.050169944763183594,7809.859375,4.0
11,0.054306983947753906,7810.140625,5.4
11,0.0523829460144043,7809.890625,4.6
11,0.04926013946533203,7808.8125,4.4
11,0.05212807655334473,7809.125,4.1
11,0.055211782455444336,7803.09375,4.8
11,0.049999237060546875,7803.625,4.8
11,0.055663108825683594,7802.40625,3.9
11,0.06531906127929688,7802.46875,3.9
11,0.04312777519226074,7802.390625,3.9
11,0.056935787200927734,7803.5,4.4
11,0.021643877029418945,7801.53125,4.8
11,0.057067155838012695,7800.859375,3.4
11,0.04833698272705078,7800.796875,4.0
11,0.06205916404724121,7795.8125,3.6
11,0.06290817260742188,7796.171875,4.7
11,0.05845975875854492,7796.03125,3.9
11,0.05068397521972656,7796.046875,4.0
11,0.05191802978515625,7796.296875,4.8
11,0.04813885688781738,7800.40625,3.8
11,0.05475115776062012,7796.8125,4.1
11,0.04285097122192383,7796.234375,3.0
11,0.05612063407897949,7796.1875,2.9
11,0.05479073524475098,7796.0,3.3
11,0.05914497375488281,7795.96875,3.5
11,0.05866503715515137,7796.296875,5.7
11,0.04904603958129883,7796.109375,3.8
11,0.061682939529418945,7796.171875,3.5
11,0.0670921802520752,7796.046875,3.7
11,0.0550990104675293,7796.0625,4.7
11,0.029819965362548828,7795.140625,4.0
11,0.05803179740905762,7795.15625,3.9
11,0.06013798713684082,7800.484375,5.9
11,0.05877184867858887,7800.71875,3.6
11,0.06326699256896973,7801.0,5.1
11,0.0493159294128418,7800.953125,3.8
11,0.05157923698425293,7801.15625,3.7
11,0.059687137603759766,7800.65625,3.1
11,0.048094987869262695,7800.75,4.0
11,0.06150412559509277,7800.765625,4.5
11,0.058012962341308594,7800.8125,5.4
11,0.05201292037963867,7800.65625,3.5
11,0.06879806518554688,7800.9375,4.1
11,0.06630110740661621,7801.0625,4.1
11,0.05783390998840332,7801.046875,4.5
12,0.014904975891113281,7801.375,4.4
12,0.04811811447143555,7801.375,5.2
12,0.047601938247680664,7801.1875,4.0
12,0.05040311813354492,7801.015625,4.7
12,0.04714322090148926,7801.0625,3.8
12,0.047376155853271484,7801.078125,4.2
12,0.05803394317626953,7800.96875,3.6
12,0.058418989181518555,7800.875,3.6
12,0.06158018112182617,7800.8125,4.9
12,0.04873991012573242,7800.671875,3.9
12,0.05961203575134277,7800.375,3.5
12,0.05786323547363281,7800.34375,3.6
12,0.055342912673950195,7800.578125,3.6
12,0.05069684982299805,7800.234375,5.0
12,0.05995512008666992,7800.390625,4.0
12,0.059676170349121094,7800.34375,3.9
12,0.05862903594970703,7805.90625,4.5
12,0.053067922592163086,7802.125,3.1
12,0.05244898796081543,7801.734375,3.4
12,0.05001997947692871,7800.671875,4.3
12,0.05916404724121094,7800.65625,3.5
12,0.057782888412475586,7800.453125,3.4
12,0.050933122634887695,7800.46875,4.1
12,0.046415090560913086,7800.453125,3.5
12,0.058238983154296875,7799.890625,3.6
12,0.05896186828613281,7799.96875,3.4
12,0.05156993865966797,7799.984375,3.6
12,0.048039913177490234,7800.671875,5.6
12,0.06152772903442383,7800.90625,4.0
12,0.06182718276977539,7801.171875,3.8
12,0.04753589630126953,7801.203125,4.4
12,0.05268597602844238,7801.234375,3.7
12,0.0534207820892334,7800.875,4.6
12,0.043879032135009766,7800.6875,3.6
12,0.04821586608886719,7800.5625,3.2
12,0.06264305114746094,7800.5,4.2
12,0.05646705627441406,7801.28125,4.4
12,0.047910213470458984,7800.953125,4.5
12,0.048230886459350586,7800.96875,3.9
12,0.049909114837646484,7800.796875,4.0
12,0.051271915435791016,7800.609375,4.7
12,0.04731011390686035,7800.875,4.6
12,0.04884505271911621,7800.65625,4.4
12,0.05048084259033203,7800.609375,4.0
12,0.04858994483947754,7800.984375,4.3
12,0.058319091796875,7800.953125,4.0
12,0.05459403991699219,7801.03125,7.2
12,0.06319212913513184,7801.0625,4.0
12,0.06125378608703613,7801.0,4.1
12,0.061193227767944336,7800.765625,4.0
12,0.05597805976867676,7800.703125,3.4
12,0.05300092697143555,7800.359375,4.5
12,0.06109213829040527,7800.40625,4.6
12,0.05645298957824707,7800.328125,3.8
12,0.04836416244506836,7805.203125,4.0
12,0.055055856704711914,7806.40625,3.6
12,0.03520011901855469,7800.765625,2.6
12,0.06594038009643555,7811.765625,4.2
12,0.04931187629699707,7811.671875,4.1
12,0.050827980041503906,7811.171875,3.1
12,0.060791969299316406,7810.875,4.2
12,0.05871319770812988,7801.203125,3.6
12,0.048249006271362305,7801.125,3.8
12,0.05947589874267578,7801.234375,5.4
12,0.04660201072692871,7798.234375,3.8
12,0.051609039306640625,7798.3125,4.7
12,0.06257009506225586,7798.703125,4.9
12,0.05429410934448242,7798.890625,4.9
12,0.059983253479003906,7798.78125,3.9
12,0.05133509635925293,7798.921875,4.3
12,0.05312514305114746,7799.1875,5.5
12,0.0589449405670166,7799.171875,3.8
12,0.059999942779541016,7798.859375,3.6
12,0.06134200096130371,7799.078125,3.8
12,0.08435201644897461,7798.9375,4.1
12,0.035490989685058594,7798.921875,4.0
12,0.058234214782714844,7798.859375,3.6
12,0.05451798439025879,7804.078125,5.2
12,0.06040310859680176,7804.15625,4.5
12,0.04875969886779785,7804.140625,6.0
13,0.01593494415283203,7799.71875,3.9
13,0.04735064506530762,7799.671875,3.9
13,0.04833507537841797,7799.171875,3.5
13,0.052582740783691406,7799.1875,3.0
13,0.05228066444396973,7799.625,4.9
13,0.04647493362426758,7799.75,3.6
13,0.061044931411743164,7799.6875,6.4
13,0.05573916435241699,7799.65625,3.9
13,0.04847002029418945,7799.5,4.1
13,0.04814267158508301,7799.03125,4.4
13,0.05813288688659668,7799.046875,3.9
13,0.059897661209106445,7799.046875,3.1
13,0.048822641372680664,7799.046875,4.0
13,0.04455900192260742,7799.21875,4.3
13,0.047173261642456055,7799.5625,3.9
13,0.051444053649902344,7799.5625,4.3
13,0.05432391166687012,7803.609375,3.5
13,0.05353212356567383,7812.140625,2.9
13,0.05295300483703613,7811.5,3.7
13,0.04828596115112305,7811.21875,3.0
13,0.060189008712768555,7801.59375,3.4
13,0.0558779239654541,7801.5,3.4
13,0.049546003341674805,7801.578125,3.7
13,0.045867204666137695,7801.578125,5.0
13,0.05616617202758789,7798.796875,4.0
13,0.04884696006774902,7798.828125,4.1
13,0.04763388633728027,7798.8125,4.2
13,0.053047895431518555,7798.796875,3.9
13,0.054361820220947266,7799.203125,5.1
13,0.07043814659118652,7799.03125,3.5
13,0.05021405220031738,7799.15625,4.0
13,0.06676912307739258,7799.25,3.9
13,0.06311917304992676,7799.296875,5.0
13,0.05104207992553711,7798.890625,3.1
13,0.05760788917541504,7799.359375,4.4
13,0.06297683715820312,7799.28125,4.4
13,0.056378841400146484,7799.375,3.9
13,0.05833792686462402,7799.46875,4.6
13,0.05178976058959961,7799.515625,3.8
13,0.04843306541442871,7799.28125,4.0
13,0.048198699951171875,7794.484375,3.9
13,0.0488889217376709,7794.59375,3.6
13,0.053566932678222656,7794.578125,4.3
13,0.054563045501708984,7794.46875,4.0
13,0.056352853775024414,7794.609375,4.6
13,0.06108283996582031,7794.515625,4.1
13,0.06409382820129395,7805.46875,8.0
13,0.05765199661254883,7905.640625,14.9
13,0.048478126525878906,7917.5,6.0
13,0.04322195053100586,7914.421875,5.4
13,0.04508018493652344,7893.5625,4.1
13,0.04850316047668457,7881.34375,4.8
13,0.03927922248840332,7822.546875,6.1
13,0.04302692413330078,7822.59375,4.0
13,0.045033931732177734,7819.5,4.1
13,0.041841983795166016,7824.03125,3.4
13,0.046927690505981445,7823.578125,3.8
13,0.047209978103637695,7822.390625,2.9
13,0.05767107009887695,7815.1875,3.0
13,0.05289793014526367,7815.125,3.0
13,0.0380399227142334,7815.328125,3.0
13,0.044387102127075195,7815.71875,4.4
13,0.04839301109313965,7815.765625,3.6
13,0.038011789321899414,7816.046875,5.2
13,0.03486204147338867,7816.171875,3.4
13,0.04460620880126953,7816.25,5.2
13,0.04259204864501953,7817.671875,7.0
13,0.04881787300109863,7817.796875,4.0
13,0.03644585609436035,7817.75,4.0
13,0.047200918197631836,7818.140625,5.8
13,0.04528093338012695,7818.390625,4.6
13,0.02676677703857422,7818.6875,4.6
13,0.04097628593444824,7818.671875,4.5
13,0.047686100006103516,7818.578125,3.9
13,0.03741788864135742,7818.546875,4.1
13,0.043776750564575195,7818.28125,5.4
13,0.042595863342285156,7817.875,4.1
13,0.036846160888671875,7817.90625,4.3
13,0.04243874549865723,7817.875,4.1
13,0.03990793228149414,7817.71875,4.5
14,0.0170896053314209,7823.65625,8.5
14,0.03316807746887207,7823.828125,5.3
14,0.03841400146484375,7818.46875,13.6
14,0.03028702735900879,7828.46875,7.7
14,0.06577205657958984,7829.359375,12.9
14,0.04642009735107422,7996.75,16.0
14,0.04744720458984375,7987.53125,6.7
14,0.06122398376464844,7962.84375,4.0
14,0.061044931411743164,7972.28125,6.5
14,0.056468963623046875,8013.640625,12.3
14,0.040464162826538086,7967.375,12.0
14,0.04399895668029785,7964.21875,7.4
14,0.04546713829040527,7946.4375,11.7
14,0.05704498291015625,7945.359375,3.6
14,0.05871295928955078,7928.5625,7.8
14,0.04850006103515625,7928.328125,3.9
14,0.05692291259765625,7928.125,4.4
14,0.058754920959472656,7927.78125,4.6
14,0.058763980865478516,7927.234375,3.4
14,0.05863213539123535,7921.296875,5.0
14,0.052369117736816406,7916.0625,3.9
14,0.05562400817871094,7893.921875,5.2
14,0.047324180603027344,7889.28125,3.7
14,0.05077767372131348,7889.28125,3.9
14,0.04867696762084961,7796.609375,7.4
14,0.05288076400756836,7796.6875,3.6
14,0.053215980529785156,7796.71875,4.0
14,0.07195925712585449,7797.421875,6.2
14,0.05482316017150879,7797.140625,3.6
14,0.049131155014038086,7797.234375,4.2
14,0.050744056701660156,7797.25,3.6
14,0.054886817932128906,7797.328125,4.5
14,0.04861712455749512,7797.421875,4.2
14,0.06015276908874512,7792.390625,4.7
14,0.05661320686340332,7806.5625,27.2
14,0.052510976791381836,7804.0625,23.2
14,0.05542707443237305,7807.28125,8.1
14,0.04642772674560547,7807.265625,4.4
14,0.055068016052246094,7807.34375,4.5
14,0.05546998977661133,7806.203125,3.5
14,0.05403780937194824,7800.65625,17.0
14,0.04506802558898926,7807.703125,30.3
14,0.04392886161804199,7844.625,45.9
14,0.042530059814453125,7848.203125,30.3
14,0.05751490592956543,7849.984375,6.5
14,0.06073403358459473,7849.6875,6.5
14,0.05653810501098633,7848.875,4.9
14,0.04826998710632324,7847.953125,4.6
14,0.05531883239746094,7845.78125,5.0
14,0.05215907096862793,7849.203125,3.6
14,0.0426328182220459,7845.15625,7.8
14,0.044997215270996094,7844.59375,2.9
14,0.05531167984008789,7844.34375,4.0
14,0.05557823181152344,7842.921875,4.9
14,0.053555965423583984,7843.078125,3.5
14,0.06436395645141602,7836.53125,4.9
14,0.047881126403808594,7837.03125,8.4
14,0.058901071548461914,7959.84375,11.8
14,0.04698896408081055,7972.078125,13.1
14,0.04596829414367676,7966.84375,5.8
14,0.03480672836303711,7945.328125,5.4
14,0.03902697563171387,7925.9375,6.5
14,0.04047894477844238,7865.796875,7.2
14,0.04567313194274902,7860.6875,6.3
14,0.035650014877319336,7864.328125,5.0
14,0.053353309631347656,7861.53125,3.8
14,0.039407968521118164,7862.03125,6.6
14,0.04995989799499512,7854.828125,5.0
14,0.05789685249328613,7866.4375,4.0
14,0.0444180965423584,7866.578125,6.8
14,0.04618716239929199,7866.296875,4.9
14,0.04617190361022949,7856.296875,4.4
14,0.04156184196472168,7855.984375,4.1
14,0.03791999816894531,7856.140625,4.1
14,0.03210926055908203,7856.296875,3.8
14,0.032124996185302734,7853.21875,4.1
14,0.04454398155212402,7853.34375,5.0
14,0.0296781063079834,7853.40625,3.9
14,0.044187068939208984,7853.15625,4.1
14,0.046000003814697266,7853.46875,4.5
15,0.016771793365478516,7853.8125,4.5
15,0.03792595863342285,7859.15625,6.5
15,0.04122281074523926,7862.09375,4.4
15,0.03966712951660156,7861.9375,3.9
15,0.03859996795654297,7859.25,3.1
15,0.04469799995422363,7859.140625,3.0
15,0.045555830001831055,7859.25,5.9
15,0.03168892860412598,7859.140625,3.6
15,0.02805304527282715,7859.03125,4.1
15,0.059601783752441406,7859.1875,4.0
15,0.03700709342956543,7859.125,3.8
15,0.03778886795043945,7859.109375,4.6
15,0.05062603950500488,7858.734375,4.4
15,0.04393315315246582,7858.640625,4.2
15,0.04400801658630371,7858.625,4.6
15,0.03772282600402832,7858.46875,4.5
15,0.04388689994812012,7858.09375,4.0
15,0.03445887565612793,7858.125,3.5
15,0.036386966705322266,7854.515625,4.5
15,0.04792213439941406,7849.484375,8.1
15,0.050543785095214844,7849.6875,7.6
15,0.05078625679016113,7849.734375,4.8
15,0.039424896240234375,7849.9375,4.9
15,0.047064781188964844,7849.90625,4.8
15,0.03911304473876953,7849.671875,4.9
15,0.0451200008392334,7850.15625,13.1
15,0.03882718086242676,7850.0625,5.7
15,0.046881914138793945,7850.0625,4.5
15,0.04745292663574219,7849.953125,4.5
15,0.05084395408630371,7849.453125,4.5
15,0.03434610366821289,7848.640625,5.6
15,0.04929995536804199,7848.875,4.1
15,0.04483509063720703,7847.703125,8.5
15,0.046205997467041016,7848.71875,8.6
15,0.05721712112426758,7921.046875,16.7
15,0.030879974365234375,7957.90625,21.8
15,0.04481196403503418,7952.875,8.5
15,0.050702810287475586,7951.28125,8.0
15,0.04890584945678711,7924.734375,14.1
15,0.052948951721191406,7922.640625,12.1
15,0.06289792060852051,7922.40625,11.4
15,0.05234193801879883,7923.6875,11.6
15,0.0488591194152832,7921.078125,10.6
15,0.05222511291503906,7920.328125,10.2
15,0.05619692802429199,7920.578125,6.9
15,0.04993796348571777,7924.15625,13.5
15,0.06023287773132324,7919.0625,9.2
15,0.05191922187805176,7918.953125,8.1
15,0.06057119369506836,7918.390625,8.0
15,0.05739903450012207,7923.0,14.6
15,0.04855513572692871,7923.125,10.4
15,0.04749894142150879,7923.21875,12.0
15,0.04721212387084961,7923.921875,13.2
15,0.04816102981567383,7923.890625,6.0
15,0.032624244689941406,7922.296875,7.9
15,0.04900193214416504,7919.46875,8.0
15,0.05697798728942871,7923.578125,9.1
15,0.06029391288757324,7919.625,4.1
15,0.050927162170410156,7919.46875,4.9
15,0.0506749153137207,7928.4375,7.8
15,0.051740169525146484,7924.015625,6.5
15,0.051706790924072266,7925.1875,5.9
15,0.05718564987182617,7924.5,7.2
15,0.061701297760009766,7928.046875,9.2
15,0.05974602699279785,7925.765625,7.6
15,0.05174088478088379,7926.265625,8.8
15,0.054576873779296875,7925.0,10.0
15,0.05639505386352539,7924.796875,6.6
15,0.04902815818786621,7923.53125,4.4
15,0.0536189079284668,7928.078125,14.5
15,0.06332111358642578,7928.078125,9.4
15,0.05915403366088867,7928.453125,10.1
15,0.05207514762878418,8009.0625,19.9
15,0.015297889709472656,8029.359375,14.7
15,0.034336090087890625,8037.828125,11.7
15,0.054235219955444336,8026.859375,8.8
15,0.04465508460998535,8019.359375,8.3
15,0.061872243881225586,8020.578125,10.5
15,0.05868101119995117,8007.96875,9.8
15,0.0556027889251709,8005.4375,7.9
16,0.020050048828125,8017.734375,10.9
16,0.03975510597229004,8072.640625,15.9
16,0.056916236877441406,8058.625,9.5
16,0.06165504455566406,8049.671875,13.5
16,0.05666613578796387,8050.1875,11.3
16,0.0559542179107666,8046.78125,9.4
16,0.05741596221923828,7921.03125,12.9
16,0.04780006408691406,8025.984375,24.7
16,0.04027104377746582,8071.140625,23.1
16,0.05803084373474121,8068.203125,9.2
16,0.0562138557434082,8082.421875,25.5
16,0.04241490364074707,8070.421875,18.9
16,0.019989013671875,8069.109375,15.8
16,0.05422520637512207,8068.390625,6.9
16,0.06145787239074707,8085.765625,9.7
16,0.055216073989868164,8138.015625,16.8
16,0.05517005920410156,8137.40625,8.1
16,0.05048799514770508,8137.25,6.9
16,0.05098128318786621,8137.21875,11.7
16,0.050914764404296875,8142.109375,9.8
16,0.03266787528991699,8152.578125,15.9
16,0.0488131046295166,8122.796875,8.8
16,0.05602312088012695,8131.40625,13.4
16,0.0462949275970459,8137.265625,13.7
16,0.050184011459350586,8133.140625,8.6
16,0.056703805923461914,8131.9375,9.7
16,0.0485687255859375,8132.140625,12.9
16,0.058802127838134766,8127.65625,13.4
16,0.06380629539489746,8121.40625,6.1
16,0.05626702308654785,8118.421875,9.8
16,0.059058189392089844,8124.671875,14.6
16,0.021714210510253906,8105.359375,13.3
16,0.06419110298156738,8106.328125,15.9
16,0.06116485595703125,8105.453125,8.3
16,0.05207180976867676,8109.96875,9.9
16,0.047720909118652344,8114.828125,12.2
16,0.07043313980102539,8110.109375,11.5
16,0.03394913673400879,8110.5,9.5
16,0.04259514808654785,8111.171875,4.5
16,0.05914616584777832,8112.234375,8.3
16,0.04677081108093262,8109.71875,10.2
16,0.05835700035095215,8116.3125,11.4
16,0.062159061431884766,8113.296875,8.3
16,0.06332278251647949,8124.4375,14.5
16,0.05501389503479004,8125.578125,11.5
16,0.05495500564575195,8126.328125,8.0
16,0.05372810363769531,8133.96875,11.1
16,0.05124688148498535,8132.765625,12.2
16,0.04843592643737793,8125.796875,16.5
16,0.029285192489624023,8131.859375,12.1
16,0.026467084884643555,8135.015625,6.8
16,0.04898405075073242,8133.921875,11.7
16,0.05190777778625488,8131.1875,12.2
16,0.051711320877075195,8127.890625,5.6
16,0.0616457462310791,8132.421875,11.0
16,0.05545377731323242,8120.25,12.3
16,0.058387041091918945,8116.65625,10.9
16,0.061971187591552734,8117.140625,11.5
16,0.05919480323791504,8121.984375,9.6
16,0.05864977836608887,8117.859375,13.3
16,0.04196310043334961,8117.390625,9.0
16,0.057549238204956055,8116.78125,7.5
16,0.053131103515625,8116.9375,12.4
16,0.03885793685913086,8115.015625,15.1
16,0.03667187690734863,8117.109375,11.9
16,0.06014728546142578,8118.609375,10.8
16,0.05484509468078613,8118.46875,11.0
16,0.04299187660217285,8117.625,11.5
16,0.03895115852355957,8115.515625,13.0
16,0.04740476608276367,8122.828125,10.3
16,0.04966092109680176,8117.078125,10.4
16,0.0674753189086914,8121.765625,8.9
16,0.048362016677856445,8119.421875,4.9
16,0.04883575439453125,8119.984375,7.3
16,0.05296683311462402,8115.796875,8.7
16,0.058827877044677734,8111.03125,4.5
16,0.05416679382324219,8117.5,5.6
16,0.06273674964904785,8127.75,6.0
16,0.07543134689331055,8127.609375,12.3
16,0.04460000991821289,8122.1875,15.8
17,0.01563119888305664,8128.96875,9.5
17,0.04874300956726074,8132.25,10.5
17,0.04560518264770508,8130.71875,6.3
17,0.04036116600036621,8126.625,8.1
17,0.049482107162475586,8126.84375,13.4
17,0.056005001068115234,8127.328125,14.8
17,0.06563687324523926,8117.75,13.5
17,0.05596184730529785,8132.109375,12.8
17,0.028612852096557617,8130.875,12.5
17,0.03588986396789551,8134.265625,13.9
17,0.04492378234863281,8128.84375,8.9
17,0.05223703384399414,8128.515625,9.9
17,0.05013394355773926,8129.875,9.5
17,0.04917597770690918,8129.046875,7.2
17,0.054112911224365234,8124.15625,10.3
17,0.04343295097351074,8134.515625,12.3
17,0.05906200408935547,8127.53125,11.8
17,0.04981088638305664,8128.140625,11.7
17,0.05041694641113281,8118.546875,7.3
17,0.04425501823425293,8118.125,13.3
17,0.05089831352233887,8126.46875,12.7
17,0.05460190773010254,8121.59375,13.3
17,0.05866503715515137,8136.546875,11.3
17,0.05646514892578125,8130.390625,6.4
17,0.049226999282836914,8131.015625,7.5
17,0.04935121536254883,8128.328125,7.6
17,0.04144167900085449,8132.328125,10.4
17,0.03096604347229004,8128.578125,12.4
17,0.04610776901245117,8129.859375,7.8
17,0.057450056076049805,8126.75,13.3
17,0.052184104919433594,8171.3125,11.2
17,0.02697610855102539,8165.34375,17.2
17,0.043138980865478516,8185.84375,16.9
17,0.05333590507507324,8262.15625,13.2
17,0.05985617637634277,8262.046875,8.6
17,0.0611879825592041,8241.65625,4.1
17,0.06308102607727051,8209.0625,7.9
17,0.05756402015686035,8224.875,11.5
17,0.05674481391906738,8230.65625,10.5
17,0.04822802543640137,8231.234375,9.8
17,0.04855990409851074,8257.890625,6.1
17,0.05420994758605957,8242.390625,6.0
17,0.04863619804382324,8233.796875,5.9
17,0.05293536186218262,8214.765625,15.7
17,0.04368472099304199,8219.671875,14.6
17,0.062288761138916016,8173.734375,10.5
17,0.047911882400512695,8175.671875,10.0
17,0.047627925872802734,8202.3125,10.0
17,0.034990787506103516,8206.296875,6.8
17,0.049224853515625,8212.71875,13.1
17,0.0566709041595459,8196.09375,8.5
17,0.05834007263183594,8194.1875,6.9
17,0.06323099136352539,8197.53125,3.4
17,0.05324387550354004,8191.109375,13.2
17,0.055525779724121094,8184.9375,14.6
17,0.051206111907958984,8182.109375,13.8
17,0.043331146240234375,8196.890625,11.8
17,0.050194740295410156,8188.765625,11.2
17,0.04901933670043945,8191.8125,11.4
17,0.05139303207397461,8178.96875,11.0
17,0.062016963958740234,8179.328125,13.3
17,0.05507683753967285,8179.890625,11.3
17,0.04895591735839844,8178.21875,11.3
17,0.05672907829284668,8178.84375,10.7
17,0.05216407775878906,8178.5,5.4
17,0.04086899757385254,8199.078125,4.9
17,0.05147910118103027,8181.6875,5.7
17,0.058187007904052734,8182.0,8.0
17,0.06583285331726074,8173.671875,9.9
17,0.04685091972351074,8173.4375,8.1
17,0.05829000473022461,8174.078125,10.7
17,0.04610490798950195,8172.484375,14.4
17,0.05869889259338379,8180.46875,15.5
17,0.05642390251159668,8169.453125,8.8
17,0.06222224235534668,8161.359375,5.1
17,0.057462215423583984,8182.03125,11.5
17,0.05785202980041504,8181.234375,6.0
17,0.04934811592102051,8160.8125,3.9
17,0.05614924430847168,8155.4375,3.7
17,0.05972003936767578,8155.765625,4.7
18,0.01598811149597168,8155.875,4.2
18,0.048825979232788086,8155.140625,3.9
18,0.04861712455749512,8154.390625,3.9
18,0.05138587951660156,8152.859375,5.2
18,0.02326202392578125,8153.8125,8.4
18,0.04742908477783203,8151.671875,10.3
18,0.049120187759399414,8151.140625,5.8
18,0.047516822814941406,8150.875,3.6
18,0.04895901679992676,8151.203125,4.6
18,0.04846906661987305,8150.875,3.6
18,0.05995798110961914,8150.75,3.1
18,0.051058292388916016,8150.828125,3.8
18,0.048306941986083984,8148.265625,3.0
18,0.05160379409790039,8154.171875,5.1
18,0.05858778953552246,8167.96875,4.5
18,0.05461001396179199,8155.4375,6.7
18,0.04558706283569336,8154.71875,4.4
18,0.05446505546569824,8154.921875,4.6
18,0.047460079193115234,8154.59375,5.5
18,0.0507349967956543,8158.546875,5.6
18,0.062232017517089844,8157.28125,4.6
18,0.06040596961975098,8156.96875,4.5
18,0.061946868896484375,8157.03125,5.2
18,0.025321006774902344,8156.5625,4.1
18,0.07296204566955566,8147.6875,4.4
18,0.04848790168762207,8147.6875,4.3
18,0.049154043197631836,8147.984375,5.1
18,0.05573725700378418,8148.4375,6.6
18,0.053009986877441406,8148.265625,4.4
18,0.05748105049133301,8145.265625,4.6
18,0.06037616729736328,8144.640625,4.0
18,0.05594897270202637,8144.875,3.9
18,0.05090808868408203,8144.640625,4.6
18,0.06161618232727051,8144.9375,3.9
18,0.0686798095703125,8145.03125,5.6
18,0.051711082458496094,8145.25,4.4
18,0.062033891677856445,8145.71875,7.2
18,0.05423712730407715,8157.296875,6.0
18,0.06048703193664551,8156.6875,8.9
18,0.04576611518859863,8156.734375,4.1
18,0.048512935638427734,8150.03125,4.4
18,0.0490880012512207,8149.90625,5.1
18,0.025557994842529297,8149.859375,4.1
18,0.04900622367858887,8150.265625,5.2
18,0.04644417762756348,8150.1875,4.6
18,0.05840897560119629,8147.25,6.5
18,0.05932164192199707,8146.265625,7.3
18,0.06357669830322266,8147.1875,10.3
18,0.05528092384338379,8147.0,9.6
18,0.05442214012145996,8148.484375,5.5
18,0.05662727355957031,8147.125,3.7
18,0.04848885536193848,8147.109375,4.6
18,0.04832887649536133,8153.1875,3.1
18,0.05771183967590332,8151.34375,3.5
18,0.04474329948425293,8146.859375,2.6
18,0.047747135162353516,8141.875,2.6
18,0.06116604804992676,8142.5625,7.9
18,0.061170101165771484,8145.515625,7.1
18,0.04775595664978027,8128.875,11.2
18,0.05690765380859375,8152.71875,6.8
18,0.04790210723876953,8161.203125,10.7
18,0.02504110336303711,8142.84375,8.4
18,0.060254812240600586,8145.21875,7.4
18,0.04864907264709473,8154.546875,5.7
18,0.05786490440368652,8145.578125,3.3
18,0.06327700614929199,8145.3125,4.0
18,0.048850297927856445,8145.3125,3.5
18,0.048506975173950195,8144.609375,5.0
18,0.06714892387390137,8144.5625,3.4
18,0.06143999099731445,8144.84375,3.7
18,0.06084394454956055,8130.1875,4.6
18,0.05482196807861328,8128.890625,3.2
18,0.05094504356384277,8124.5625,5.1
18,0.048125267028808594,8152.359375,7.9
18,0.055895090103149414,8237.734375,14.9
18,0.03824591636657715,8244.8125,9.0
18,0.03515505790710449,8242.328125,13.7
18,0.046105146408081055,8256.390625,9.7
18,0.05408787727355957,8136.125,10.9
18,0.0480496883392334,8117.53125,4.9
19,0.014208078384399414,8117.609375,4.5
19,0.05482912063598633,8117.90625,3.6
19,0.04701113700866699,8117.9375,4.1
19,0.050218820571899414,8116.765625,3.3
19,0.04816913604736328,8116.9375,5.1
19,0.04828286170959473,8116.515625,3.4
19,0.04886507987976074,8126.625,4.7
19,0.05373120307922363,8125.78125,3.4
19,0.05969405174255371,8110.375,3.3
19,0.0489349365234375,8110.375,4.0
19,0.06116509437561035,8102.296875,3.0
19,0.04440903663635254,8107.59375,4.1
19,0.04762887954711914,8103.3125,2.7
19,0.04935884475708008,8101.875,2.1
19,0.05875205993652344,8096.984375,3.4
19,0.056077003479003906,8097.046875,2.6
19,0.05543112754821777,8097.0625,3.4
19,0.05473899841308594,8097.078125,3.0
19,0.08332228660583496,8097.0625,3.8
19,0.03336524963378906,8097.171875,3.6
19,0.06409406661987305,8097.09375,3.4
19,0.05460810661315918,8101.4375,4.6
19,0.04817795753479004,8101.140625,3.3
19,0.06166410446166992,8101.265625,4.6
19,0.058500051498413086,8101.59375,3.9
19,0.0549769401550293,8101.875,3.9
19,0.051358938217163086,8112.15625,4.2
19,0.05616188049316406,8112.1875,2.9
19,0.046736955642700195,8111.875,3.9
19,0.05103611946105957,8111.125,3.5
19,0.051470041275024414,8106.125,3.4
19,0.056939125061035156,8195.171875,11.2
19,0.05755734443664551,8176.796875,16.2
19,0.04833102226257324,8201.796875,12.8
19,0.0608980655670166,8180.984375,8.0
19,0.05217480659484863,8195.09375,9.6
19,0.05666303634643555,8129.796875,3.7
19,0.057263851165771484,8119.859375,4.2
19,0.030948162078857422,8119.96875,3.9
19,0.051627159118652344,8118.828125,4.1
19,0.04791593551635742,8118.265625,4.5
19,0.05505204200744629,8117.6875,3.2
19,0.056923866271972656,8116.34375,4.4
19,0.05319619178771973,8112.71875,3.1
19,0.05419206619262695,8110.53125,3.5
19,0.05020594596862793,8096.109375,3.2
19,0.05119681358337402,8094.03125,3.4
19,0.053735971450805664,8094.1875,4.4
19,0.05137300491333008,8094.171875,3.6
19,0.056509971618652344,8107.265625,4.1
19,0.053945064544677734,8107.0625,3.6
19,0.05450701713562012,8111.4375,3.8
19,0.05447101593017578,8107.984375,4.4
19,0.055850982666015625,8107.546875,2.4
19,0.05870532989501953,8107.53125,3.5
19,0.052403926849365234,8107.515625,2.5
19,0.053575992584228516,8107.59375,4.4
19,0.04037189483642578,8107.515625,3.2
19,0.056799888610839844,8119.0,3.6
19,0.048230886459350586,8123.078125,3.8
19,0.052980899810791016,8122.96875,3.3
19,0.06427502632141113,8123.234375,4.6
19,0.0589749813079834,8123.796875,4.0
19,0.05835986137390137,8124.234375,3.6
19,0.049269676208496094,8124.046875,3.6
19,0.0818171501159668,8124.125,3.1
19,0.04871702194213867,8120.921875,4.0
19,0.0604090690612793,8120.15625,3.5
19,0.04902505874633789,8114.640625,3.8
19,0.04859113693237305,8123.78125,4.4
19,0.04884910583496094,8123.40625,3.0
19,0.05455279350280762,8122.796875,4.0
19,0.058281898498535156,8113.75,3.6
19,0.061438798904418945,8109.40625,4.2
19,0.05770087242126465,8109.359375,3.4
19,0.058589935302734375,8109.765625,4.4
19,0.05535578727722168,8106.984375,3.0
19,0.06299972534179688,8106.765625,2.9
19,0.05636310577392578,8106.71875,4.0
19,0.05631518363952637,8106.640625,3.4
20,0.015594005584716797,8106.828125,5.1
20,0.050218820571899414,8112.0625,5.4
20,0.04888010025024414,8112.140625,3.4
20,0.05395317077636719,8131.59375,3.9
20,0.04791593551635742,8131.78125,3.3
20,0.055223703384399414,8131.828125,4.7
20,0.059281349182128906,8131.78125,2.9
20,0.0644831657409668,8131.828125,3.2
20,0.05446791648864746,8131.875,3.1
20,0.048667192459106445,8133.875,3.5
20,0.029561758041381836,8131.890625,3.4
20,0.05231308937072754,8135.625,2.9
20,0.09170079231262207,8126.859375,3.6
20,0.04624009132385254,8122.578125,2.4
20,0.05428361892700195,8121.921875,3.4
20,0.05060219764709473,8121.8125,2.3
20,0.0470888614654541,8129.5,6.1
20,0.05304384231567383,8129.25,3.4
20,0.04813218116760254,8129.171875,3.6
20,0.06378293037414551,8129.328125,4.4
20,0.0626680850982666,8129.40625,3.0
20,0.04309415817260742,8129.5625,3.0
20,0.0582127571105957,8129.203125,3.5
20,0.043950796127319336,8129.59375,3.6
20,0.0485682487487793,8129.8125,4.1
20,0.051054954528808594,8129.46875,3.0
20,0.05883598327636719,8133.515625,4.8
20,0.05715203285217285,8123.59375,3.3
20,0.05440187454223633,8124.21875,4.1
20,0.028621196746826172,8122.328125,3.4
20,0.05652213096618652,8122.21875,3.4
20,0.04873013496398926,8121.421875,4.4
20,0.06250405311584473,8121.296875,3.5
20,0.0621640682220459,8121.375,4.2
20,0.058296918869018555,8120.5625,3.0
20,0.07542896270751953,8120.296875,3.6
20,0.0565183162689209,8115.9375,3.4
20,0.05627703666687012,8115.734375,3.1
20,0.05399298667907715,8116.328125,5.2
20,0.05553293228149414,8116.40625,3.5
20,0.06033587455749512,8116.484375,3.3
20,0.05841994285583496,8116.5625,6.0
20,0.04886293411254883,8116.3125,3.9
20,0.05188107490539551,8115.984375,4.0
20,0.05379891395568848,8116.0625,3.4
20,0.04793977737426758,8116.03125,3.9
20,0.052171945571899414,8116.140625,3.5
20,0.05389809608459473,8116.03125,4.1
20,0.025590896606445312,8113.328125,8.3
20,0.05531716346740723,8113.359375,9.0
20,0.04067087173461914,8113.359375,2.9
20,0.06173896789550781,8118.046875,3.2
20,0.04320693016052246,8113.984375,3.5
20,0.05416417121887207,8112.5625,2.0
20,0.057808876037597656,8137.390625,3.0
20,0.05429196357727051,8136.265625,3.0
20,0.05613112449645996,8135.4375,2.6
20,0.08803486824035645,8135.859375,4.4
20,0.05368185043334961,8135.953125,3.2
20,0.06758522987365723,8136.078125,4.6
20,0.05303502082824707,8133.9375,4.4
20,0.06175398826599121,8125.984375,4.0
20,0.05652213096618652,8125.765625,4.0
20,0.06339406967163086,8125.421875,4.0
20,0.054319143295288086,8120.453125,3.1
20,0.048380136489868164,8120.265625,3.7
20,0.05352306365966797,8120.171875,4.4
20,0.04018402099609375,8119.3125,3.4
20,0.050766944885253906,8118.671875,3.2
20,0.05219888687133789,8112.890625,3.3
20,0.06657195091247559,8113.140625,3.2
20,0.048590898513793945,8113.34375,3.6
20,0.05786490440368652,8113.375,2.8
20,0.06292605400085449,8113.296875,5.1
20,0.051518917083740234,8113.09375,3.5
20,0.05127978324890137,8113.078125,3.1
20,0.05877566337585449,8113.109375,3.6
20,0.05713200569152832,8122.78125,9.7
20,0.05009794235229492,8121.546875,4.2
20,0.05335187911987305,8116.703125,3.6
21,0.015769004821777344,8114.125,3.7
21,0.055204153060913086,8126.265625,9.6
21,0.048887014389038086,8123.140625,3.0
21,0.052448272705078125,8123.15625,3.7
21,0.04891014099121094,8122.875,2.9
21,0.05571293830871582,8121.328125,9.8
21,0.06251811981201172,8120.921875,3.0
21,0.060582876205444336,8119.296875,4.0
21,0.04350090026855469,8119.53125,3.4
21,0.04871702194213867,8119.703125,3.5
21,0.049104928970336914,8119.5,4.0
21,0.05887269973754883,8119.546875,3.0
21,0.0486299991607666,8136.84375,3.6
21,0.05340123176574707,8141.3125,3.1
21,0.03912687301635742,8137.078125,2.6
21,0.05429887771606445,8137.0,3.2
21,0.055724143981933594,8137.125,2.4
21,0.04907417297363281,8137.328125,2.3
21,0.044571876525878906,8137.21875,6.1
21,0.05763101577758789,8136.609375,3.1
21,0.05033278465270996,8136.5625,3.9
21,0.05649590492248535,8136.453125,3.4
21,0.04733014106750488,8131.40625,4.0
21,0.0545499324798584,8131.28125,3.4
21,0.06476807594299316,8131.421875,4.0
21,0.05501580238342285,8139.140625,8.4
21,0.04987812042236328,8139.171875,5.4
21,0.05156588554382324,8140.46875,3.8
21,0.04882097244262695,8140.78125,3.8
21,0.049283742904663086,8140.375,4.0
21,0.05439186096191406,8139.84375,2.9
21,0.05167675018310547,8139.703125,3.4
21,0.07214522361755371,8139.578125,3.0
21,0.0484309196472168,8137.921875,3.1
21,0.055017948150634766,8136.484375,3.9
21,0.06108689308166504,8136.3125,3.5
21,0.06096005439758301,8145.859375,6.4
21,0.055912017822265625,8159.140625,4.1
21,0.062032222747802734,8151.734375,3.9
21,0.034047842025756836,8138.0,3.4
21,0.06287002563476562,8138.09375,3.6
21,0.04840803146362305,8137.6875,3.0
21,0.04836392402648926,8136.8125,3.5
21,0.05064892768859863,8137.0,4.1
21,0.053254127502441406,8132.21875,4.0
21,0.054167985916137695,8132.078125,3.4
21,0.06208086013793945,8126.71875,3.5
21,0.04935908317565918,8126.515625,3.9
21,0.06224822998046875,8126.421875,4.0
21,0.06182575225830078,8126.4375,3.0
21,0.05816793441772461,8137.78125,4.3
21,0.06323719024658203,8138.0,3.1
21,0.05629730224609375,8138.046875,3.3
21,0.051757097244262695,8142.1875,4.0
21,0.052738189697265625,8138.328125,2.5
21,0.054972171783447266,8137.75,2.0
21,0.05084395408630371,8137.875,2.7
21,0.06260085105895996,8158.953125,8.8
21,0.036753177642822266,8157.40625,7.3
21,0.04646492004394531,8151.828125,3.0
21,0.04811978340148926,8152.125,4.0
21,0.0564570426940918,8149.890625,3.0
21,0.05764603614807129,8147.125,4.5
21,0.048892974853515625,8146.96875,3.4
21,0.057573795318603516,8141.421875,3.1
21,0.058609962463378906,8139.90625,3.2
21,0.061897993087768555,8151.25,4.3
21,0.06141018867492676,8151.375,4.6
21,0.04799365997314453,8149.15625,5.8
21,0.06276512145996094,8144.578125,3.3
21,0.05521202087402344,8144.3125,3.1
21,0.07472014427185059,8144.109375,4.2
21,0.05625796318054199,8144.25,5.5
21,0.06115007400512695,8143.28125,3.0
21,0.05772805213928223,8141.484375,3.1
21,0.0557861328125,8141.3125,2.9
21,0.044222354888916016,8132.078125,5.1
21,0.0290830135345459,8149.4375,7.3
21,0.049278974533081055,8147.796875,12.2
21,0.05478096008300781,8142.984375,7.2
22,0.015717744827270508,8290.75,15.1
22,0.033904075622558594,8231.828125,22.5
22,0.04929804801940918,8354.515625,24.0
22,0.04463076591491699,8355.21875,14.5
22,0.03360414505004883,8544.34375,31.1
22,0.03337502479553223,8559.3125,23.5
22,0.032766103744506836,8517.140625,26.1
22,0.0342409610748291,8541.453125,17.7
22,0.047505855560302734,8531.421875,15.8
22,0.03946185111999512,8488.125,14.8
22,0.06669402122497559,8459.703125,11.5
22,0.030909299850463867,8547.5625,17.6
22,0.04945683479309082,8520.859375,12.3
22,0.05138206481933594,8488.59375,13.1
22,0.05571413040161133,8479.3125,10.7
22,0.05394291877746582,8475.296875,16.4
22,0.0200192928314209,8469.484375,11.2
22,0.05795788764953613,8452.703125,3.0
22,0.049925804138183594,8445.65625,5.9
22,0.04405403137207031,8442.84375,10.1
22,0.0547327995300293,8486.59375,12.8
22,0.07540488243103027,8499.9375,8.2
22,0.05632519721984863,8487.0625,12.7
22,0.045160770416259766,8476.828125,9.7
22,0.054902076721191406,8452.265625,9.0
22,0.05614519119262695,8481.375,15.0
22,0.05659794807434082,8465.1875,13.3
22,0.039585113525390625,8455.59375,10.4
22,0.05930209159851074,8418.390625,8.3
22,0.04297590255737305,8425.71875,4.8
22,0.04422283172607422,8424.984375,5.0
22,0.05592083930969238,8423.828125,3.2
22,0.05445408821105957,8417.796875,3.7
22,0.05633831024169922,8407.265625,3.1
22,0.0506899356842041,8400.9375,6.0
22,0.04110002517700195,8396.125,3.8
22,0.057637929916381836,8344.375,7.2
22,0.04660391807556152,8312.71875,6.5
22,0.04850292205810547,8312.609375,3.4
22,0.04740715026855469,8312.046875,7.0
22,0.0606231689453125,8312.15625,4.2
22,0.051458120346069336,8312.015625,3.1
22,0.0630037784576416,8312.1875,4.0
22,0.06193900108337402,8311.390625,3.1
22,0.04880475997924805,8311.671875,5.9
22,0.05135297775268555,8111.03125,11.2
22,0.037609100341796875,8101.953125,11.4
22,0.04873013496398926,8102.5,5.1
22,0.06102705001831055,8102.78125,3.8
22,0.06026601791381836,8102.859375,5.4
22,0.052694082260131836,8102.375,4.0
22,0.04868602752685547,8101.625,3.9
22,0.04912924766540527,8101.421875,4.4
22,0.07202720642089844,8102.96875,5.7
22,0.034397125244140625,8101.046875,4.6
22,0.061773061752319336,8092.671875,5.5
22,0.0611879825592041,8082.03125,4.4
22,0.05742692947387695,8087.0,4.4
22,0.04484295845031738,8081.9375,4.3
22,0.054364919662475586,8081.53125,3.6
22,0.05600786209106445,8081.625,3.4
22,0.05730295181274414,8081.65625,3.4
22,0.04545426368713379,8081.8125,3.6
22,0.06210899353027344,8081.796875,4.5
22,0.0567631721496582,8081.546875,3.5
22,0.047952890396118164,8076.21875,5.1
22,0.05163908004760742,8076.0625,3.1
22,0.04871511459350586,8075.6875,3.6
22,0.05651569366455078,8075.515625,4.4
22,0.06000113487243652,8075.40625,3.9
22,0.051078081130981445,8075.65625,4.2
22,0.05608701705932617,8075.765625,3.7
22,0.06005096435546875,8075.921875,4.9
22,0.01983809471130371,8076.140625,3.6
22,0.06147289276123047,8076.328125,4.4
22,0.047477006912231445,8076.140625,3.9
22,0.05405282974243164,8076.390625,4.4
22,0.050958871841430664,8075.703125,5.0
22,0.058258771896362305,8075.6875,3.8
22,0.06043124198913574,8075.3125,3.5
23,0.01565694808959961,8075.390625,3.6
23,0.051606178283691406,8080.453125,5.5
23,0.05352210998535156,8080.796875,4.6
23,0.04627084732055664,8080.8125,3.5
23,0.0513920783996582,8080.828125,4.5
23,0.06648993492126465,8080.84375,3.3
23,0.05475020408630371,8080.484375,3.6
23,0.060777902603149414,8080.625,4.4
23,0.057096242904663086,8080.734375,5.9
23,0.056343793869018555,8080.65625,3.5
23,0.06252861022949219,8080.671875,3.5
23,0.04949808120727539,8081.140625,5.1
23,0.03272891044616699,8081.171875,4.0
23,0.04735708236694336,8080.90625,3.7
23,0.05797600746154785,8081.265625,5.0
23,0.06586408615112305,8081.4375,3.6
23,0.05721592903137207,8081.15625,5.0
23,0.061274051666259766,8081.015625,3.5
23,0.04723310470581055,8087.0,3.6
23,0.05869793891906738,8084.609375,3.4
23,0.0534670352935791,8081.125,2.9
23,0.04535102844238281,8080.71875,3.9
23,0.05896115303039551,8080.734375,3.2
23,0.06073904037475586,8081.09375,4.4
23,0.04970812797546387,8080.96875,3.3
23,0.048658132553100586,8080.921875,3.4
23,0.05338883399963379,8081.984375,5.3
23,0.05228376388549805,8082.203125,3.8
23,0.06065082550048828,8082.078125,3.5
23,0.05111289024353027,8082.1875,4.3
23,0.05359005928039551,8082.25,4.3
23,0.03704190254211426,8082.3125,3.7
23,0.04795694351196289,8081.890625,4.9
23,0.05804300308227539,8081.703125,4.9
23,0.062207937240600586,8094.0625,6.5
23,0.056197166442871094,8094.078125,4.5
23,0.04934501647949219,8094.03125,3.6
23,0.04937911033630371,8102.0,5.1
23,0.05569815635681152,8092.46875,4.5
23,0.0474400520324707,8092.734375,4.6
23,0.06525015830993652,8093.703125,7.5
23,0.052549123764038086,8086.03125,3.8
23,0.05042695999145508,8085.921875,5.9
23,0.0486760139465332,8085.140625,3.7
23,0.05358171463012695,8085.0625,3.6
23,0.046907901763916016,8084.59375,4.4
23,0.05135321617126465,8084.296875,4.6
23,0.05957603454589844,8083.703125,3.8
23,0.05985116958618164,8083.5625,3.6
23,0.05837106704711914,8083.5625,4.6
23,0.0426938533782959,8083.578125,5.9
23,0.06133913993835449,8083.625,4.6
23,0.06288695335388184,8083.6875,3.9
23,0.05650186538696289,8088.203125,7.3
23,0.04478716850280762,8088.28125,7.0
23,0.05636119842529297,8088.1875,3.9
23,0.055082082748413086,8087.953125,3.9
23,0.06479191780090332,8082.84375,4.1
23,0.058422088623046875,8082.921875,3.8
23,0.051982879638671875,8086.984375,4.5
23,0.06047201156616211,8086.4375,3.0
23,0.05423426628112793,8083.90625,3.6
23,0.05274319648742676,8082.21875,2.8
23,0.058089256286621094,8082.234375,3.0
23,0.057312965393066406,8082.171875,2.9
23,0.05639386177062988,8082.375,2.7
23,0.059912919998168945,8082.46875,3.4
23,0.053019046783447266,8082.5625,3.9
23,0.06157326698303223,8082.671875,4.9
23,0.05734515190124512,8082.765625,4.0
23,0.05678987503051758,8082.75,4.3
23,0.05140495300292969,8095.0625,4.4
23,0.04415082931518555,8095.046875,3.5
23,0.05806994438171387,8094.921875,5.3
23,0.05840301513671875,8094.875,6.1
23,0.05411410331726074,8085.09375,3.9
23,0.05901002883911133,8085.21875,4.0
23,0.05733609199523926,8085.375,3.8
23,0.057393789291381836,8082.765625,4.4
23,0.07227611541748047,8083.078125,4.5
24,0.015461921691894531,8083.203125,5.1
24,0.046476125717163086,8083.765625,4.1
24,0.05089688301086426,8083.6875,4.7
24,0.021960973739624023,8083.75,3.5
24,0.05389213562011719,8083.828125,4.0
24,0.052873849868774414,8083.6875,4.0
24,0.04857516288757324,8083.65625,3.8
24,0.05369997024536133,8082.9375,4.8
24,0.04680895805358887,8082.578125,3.9
24,0.05133485794067383,8083.109375,4.7
24,0.05459403991699219,8083.140625,4.1
24,0.06287527084350586,8083.125,3.5
24,0.05815577507019043,8083.15625,4.8
24,0.05545926094055176,8083.359375,4.7
24,0.05395984649658203,8083.359375,4.0
24,0.060183048248291016,8083.203125,4.2
24,0.05639982223510742,8083.34375,3.7
24,0.04797506332397461,8083.25,5.0
24,0.06043696403503418,8083.421875,4.7
24,0.0491178035736084,8083.234375,3.6
24,0.06114315986633301,8083.25,3.5
24,0.04872608184814453,8083.125,4.1
24,0.02466297149658203,8086.84375,3.2
24,0.05490589141845703,8082.78125,3.4
24,0.04763507843017578,8083.015625,3.2
24,0.06281280517578125,8083.078125,3.6
24,0.0478520393371582,8083.78125,8.3
24,0.048188209533691406,8083.734375,5.8
24,0.05972886085510254,8083.84375,5.1
24,0.05845808982849121,8084.28125,7.7
24,0.053687095642089844,8084.109375,5.7
24,0.06328082084655762,8084.0,4.8
24,0.04937410354614258,8084.390625,4.6
24,0.05722475051879883,8084.1875,4.1
24,0.048181772232055664,8083.6875,4.2
24,0.06300091743469238,8083.40625,4.0
24,0.05632734298706055,8083.21875,4.6
24,0.051980018615722656,8083.1875,4.7
24,0.04835796356201172,8083.125,3.6
24,0.0517878532409668,8082.9375,4.5
24,0.05022096633911133,8082.734375,4.7
24,0.023084640502929688,8078.03125,3.9
24,0.05275893211364746,8078.703125,5.9
24,0.041027069091796875,8104.15625,14.1
24,0.0515592098236084,8115.4375,16.3
24,0.05663895606994629,8213.1875,15.1
24,0.052539825439453125,8222.390625,6.0
24,0.039781808853149414,8223.78125,8.2
24,0.045990943908691406,8220.25,15.3
24,0.03089594841003418,8231.875,8.2
24,0.03978395462036133,8171.984375,18.6
24,0.05430889129638672,8171.546875,9.4
24,0.06732797622680664,8157.890625,10.3
24,0.05712580680847168,8157.8125,11.2
24,0.04677987098693848,8165.140625,13.0
24,0.06196784973144531,8168.5625,10.4
24,0.051203012466430664,8163.5625,4.0
24,0.059552907943725586,8163.296875,4.0
24,0.0544888973236084,8163.078125,3.5
24,0.05909109115600586,8164.625,4.3
24,0.029007911682128906,8161.265625,3.3
24,0.05572795867919922,8150.890625,2.5
24,0.053179025650024414,8150.609375,2.9
24,0.05659818649291992,8150.609375,2.6
24,0.04965090751647949,8148.96875,3.6
24,0.05762481689453125,8137.671875,3.1
24,0.04831814765930176,8137.453125,4.4
24,0.048774003982543945,8137.328125,3.0
24,0.07673120498657227,8136.765625,3.5
24,0.05668497085571289,8138.796875,9.1
24,0.043044090270996094,8138.90625,10.2
24,0.050206899642944336,8139.3125,3.6
24,0.048439979553222656,8139.34375,5.3
24,0.058522939682006836,8139.34375,3.3
24,0.06239581108093262,8139.546875,6.8
24,0.05975198745727539,8139.6875,12.6
24,0.06558680534362793,8139.53125,10.0
24,0.05908775329589844,8139.21875,5.1
24,0.06185293197631836,8139.171875,5.6
24,0.02991199493408203,8137.703125,2.8
25,0.015571117401123047,8143.9375,4.0
25,0.05109214782714844,8144.109375,4.1
25,0.04852104187011719,8143.578125,4.0
25,0.0498356819152832,8143.5,4.2
25,0.05348801612854004,8143.578125,3.6
25,0.05822491645812988,8144.859375,4.0
25,0.0566248893737793,8144.8125,3.4
25,0.046423912048339844,8141.53125,3.4
25,0.049410104751586914,8141.359375,4.7
25,0.05563211441040039,8141.078125,3.1
25,0.05701017379760742,8140.84375,4.6
25,0.05626106262207031,8140.625,3.6
25,0.048676252365112305,8135.75,3.5
25,0.058000802993774414,8135.15625,4.1
25,0.05942487716674805,8134.875,4.2
25,0.060198068618774414,8135.015625,3.3
25,0.05847907066345215,8134.71875,3.8
25,0.06330013275146484,8134.828125,4.1
25,0.05069994926452637,8134.953125,3.6
25,0.04837822914123535,8135.171875,3.6
25,0.048913002014160156,8130.140625,3.6
25,0.0628652572631836,8130.234375,3.7
25,0.06051778793334961,8130.515625,4.3
25,0.056668996810913086,8135.453125,3.1
25,0.05259585380554199,8133.984375,3.3
25,0.06934714317321777,8143.28125,3.3
25,0.04277396202087402,8142.390625,2.0
25,0.05931520462036133,8141.90625,3.7
25,0.04732489585876465,8141.96875,2.8
25,0.06066393852233887,8132.09375,3.1
25,0.05764293670654297,8132.15625,3.2
25,0.06156015396118164,8131.984375,3.1
25,0.055782318115234375,8132.296875,3.9
25,0.04841494560241699,8129.671875,4.9
25,0.04903078079223633,8129.71875,3.6
25,0.05848383903503418,8129.578125,3.1
25,0.0602717399597168,8142.34375,6.2
25,0.04791688919067383,8142.359375,4.4
25,0.0510101318359375,8142.171875,3.3
25,0.05409598350524902,8141.921875,3.2
25,0.05344891548156738,8132.34375,3.2
25,0.0516510009765625,8132.28125,5.1
25,0.05611681938171387,8132.125,3.1
25,0.05152416229248047,8129.234375,3.7
25,0.05370903015136719,8129.359375,3.7
25,0.05417513847351074,8129.265625,3.7
25,0.047949790954589844,8134.875,7.5
25,0.05166888236999512,8134.875,3.4
25,0.05693674087524414,8135.03125,3.2
25,0.057733774185180664,8134.984375,3.9
25,0.052104949951171875,8134.984375,3.1
25,0.06058382987976074,8134.71875,2.9
25,0.06559610366821289,8134.78125,3.6
25,0.056391239166259766,8134.84375,3.5
25,0.051258087158203125,8134.796875,4.1
25,0.0565340518951416,8134.6875,4.0
25,0.059121131896972656,8129.546875,8.5
25,0.05702614784240723,8129.59375,2.9
25,0.05939888954162598,8136.4375,4.4
25,0.05349874496459961,8136.171875,3.4
25,0.05138516426086426,8136.140625,3.8
25,0.05892372131347656,8125.140625,3.1
25,0.06325626373291016,8125.0625,3.0
25,0.049681901931762695,8131.390625,3.7
25,0.060655832290649414,8129.21875,2.7
25,0.05522894859313965,8125.828125,3.1
25,0.04413914680480957,8125.09375,2.0
25,0.04819989204406738,8119.109375,2.5
25,0.062048912048339844,8124.75,3.7
25,0.046949148178100586,8126.4375,4.0
25,0.02628302574157715,8124.328125,2.5
25,0.05973672866821289,8124.4375,4.4
25,0.049130916595458984,8124.734375,4.0
25,0.05065488815307617,8123.578125,3.5
25,0.053682804107666016,8123.546875,4.0
25,0.06362390518188477,8123.515625,3.2
25,0.05711507797241211,8123.625,3.1
25,0.05919981002807617,8119.6875,3.1
25,0.05100369453430176,8118.75,3.1
25,0.05836892127990723,8114.140625,5.9
26,0.014754056930541992,8119.28125,5.1
26,0.05428290367126465,8119.09375,3.1
26,0.05495595932006836,8119.359375,3.3
26,0.05507612228393555,8118.796875,3.3
26,0.04760289192199707,8118.65625,4.1
26,0.05563092231750488,8118.34375,3.3
26,0.061415910720825195,8118.453125,3.4
26,0.05511307716369629,8118.484375,3.4
26,0.05899691581726074,8118.8125,4.6
26,0.037670135498046875,8120.046875,6.1
26,0.05213737487792969,8120.265625,3.0
26,0.04905986785888672,8120.453125,4.9
26,0.06267523765563965,8120.640625,3.5
26,0.05722975730895996,8120.671875,4.0
26,0.06519508361816406,8149.84375,7.4
26,0.037323951721191406,8207.828125,6.4
26,0.04874396324157715,8206.40625,5.9
26,0.04797625541687012,8207.09375,5.0
26,0.048059940338134766,8167.96875,4.4
26,0.0571439266204834,8166.921875,3.4
26,0.05538320541381836,8166.53125,4.3
26,0.06253790855407715,8166.4375,3.7
26,0.057772159576416016,8167.296875,4.5
26,0.048516273498535156,8169.3125,4.1
26,0.046440839767456055,8164.515625,3.4
26,0.051451921463012695,8162.0,3.2
26,0.05903887748718262,8156.921875,2.6
26,0.0510258674621582,8156.8125,3.7
26,0.03552103042602539,8156.734375,3.0
26,0.052375078201293945,8157.046875,5.0
26,0.061181068420410156,8156.546875,4.5
26,0.04828071594238281,8156.4375,3.6
26,0.06078481674194336,8154.640625,4.5
26,0.05318284034729004,8154.609375,3.6
26,0.06315779685974121,8154.59375,3.5
26,0.052133798599243164,8162.03125,3.7
26,0.06079697608947754,8160.421875,3.5
26,0.05389809608459473,8160.375,4.4
26,0.050261735916137695,8160.28125,3.3
26,0.0612950325012207,8160.359375,3.9
26,0.05856585502624512,8155.875,3.5
26,0.04968881607055664,8156.015625,3.3
26,0.05944991111755371,8155.984375,3.8
26,0.05360579490661621,8156.34375,4.2
26,0.050744056701660156,8156.125,4.2
26,0.047573089599609375,8155.640625,3.5
26,0.053501129150390625,8150.703125,4.9
26,0.038526296615600586,8150.46875,3.4
26,0.05464792251586914,8150.125,4.3
26,0.05540800094604492,8147.546875,3.6
26,0.05762624740600586,8147.625,5.6
26,0.05742287635803223,8147.65625,4.6
26,0.06033205986022949,8147.671875,3.5
26,0.06178784370422363,8147.671875,4.4
26,0.06102705001831055,8147.78125,3.9
26,0.05689215660095215,8147.90625,4.0
26,0.06153583526611328,8147.890625,4.9
26,0.05728292465209961,8147.734375,3.4
26,0.061630964279174805,8147.4375,3.4
26,0.05841493606567383,8147.6875,3.6
26,0.054891109466552734,8147.609375,3.6
26,0.05572009086608887,8147.28125,3.7
26,0.0666811466217041,8147.296875,3.9
26,0.04913616180419922,8151.46875,3.6
26,0.04381418228149414,8147.109375,2.8
26,0.05493283271789551,8147.109375,3.7
26,0.04652738571166992,8147.125,2.4
26,0.0565950870513916,8147.15625,3.1
26,0.05532431602478027,8147.09375,3.1
26,0.06142902374267578,8147.390625,4.1
26,0.045252084732055664,8147.4375,4.5
26,0.04851722717285156,8147.546875,3.5
26,0.04831576347351074,8153.03125,6.0
26,0.05442309379577637,8153.140625,3.5
26,0.0605318546295166,8153.765625,5.4
26,0.05121111869812012,8153.5,3.9
26,0.04855680465698242,8153.546875,3.8
26,0.057382822036743164,8152.9375,3.7
26,0.04889798164367676,8152.75,3.4
26,0.043298959732055664,8165.03125,5.6
27,0.01584601402282715,8167.5,3.4
27,0.05150008201599121,8167.828125,3.8
27,0.050862789154052734,8167.578125,3.7
27,0.04860687255859375,8158.0625,3.0
27,0.04865598678588867,8158.109375,3.6
27,0.05738401412963867,8158.078125,3.7
27,0.0546419620513916,8159.640625,4.4
27,0.052091121673583984,8156.671875,3.5
27,0.06486678123474121,8156.875,3.5
27,0.05578923225402832,8156.703125,4.3
27,0.05831003189086914,8156.21875,3.6
27,0.05851006507873535,8181.734375,7.7
27,0.05744624137878418,8181.75,3.1
27,0.059892892837524414,8175.359375,3.5
27,0.05973482131958008,8175.109375,4.4
27,0.06185197830200195,8164.71875,3.1
27,0.05770301818847656,8164.546875,3.6
27,0.0513768196105957,8164.203125,3.4
27,0.05757594108581543,8164.484375,4.5
27,0.023312807083129883,8162.046875,3.3
27,0.04886770248413086,8162.1875,3.3
27,0.06299877166748047,8159.828125,3.5
27,0.05601096153259277,8159.671875,4.0
27,0.062074899673461914,8158.953125,4.4
27,0.05839705467224121,8157.46875,3.9
27,0.044644832611083984,8154.703125,3.3
27,0.049019813537597656,8154.671875,2.9
27,0.05545997619628906,8154.859375,3.2
27,0.05711817741394043,8154.9375,4.6
27,0.061448097229003906,8154.84375,3.7
27,0.050839900970458984,8155.0625,3.6
27,0.05503487586975098,8155.3125,4.0
27,0.05639028549194336,8155.890625,3.6
27,0.057096004486083984,8155.9375,4.2
27,0.051892995834350586,8155.609375,4.7
27,0.061386823654174805,8155.40625,3.0
27,0.05451703071594238,8155.328125,3.5
27,0.052021026611328125,8154.828125,4.9
27,0.0348358154296875,8154.71875,3.4
27,0.054527997970581055,8154.765625,3.4
27,0.056719064712524414,8154.953125,4.2
27,0.05908679962158203,8155.203125,3.9
27,0.04871392250061035,8155.234375,4.8
27,0.056622982025146484,8155.0625,3.4
27,0.058801889419555664,8154.984375,3.4
27,0.04862380027770996,8154.890625,4.0
27,0.06098508834838867,8154.796875,3.6
27,0.059497833251953125,8154.890625,3.9
27,0.04683685302734375,8155.015625,3.1
27,0.05443716049194336,8155.4375,4.2
27,0.057251691818237305,8155.515625,4.0
27,0.05762004852294922,8156.03125,4.8
27,0.04886007308959961,8155.859375,4.4
27,0.054112911224365234,8156.078125,4.5
27,0.055631160736083984,8155.84375,4.2
27,0.053395986557006836,8155.671875,3.5
27,0.060536861419677734,8155.65625,4.4
27,0.04515671730041504,8155.765625,3.1
27,0.05664205551147461,8155.625,3.1
27,0.061090946197509766,8150.71875,4.8
27,0.05265617370605469,8150.59375,3.7
27,0.05483198165893555,8150.59375,4.6
27,0.057585954666137695,8155.796875,3.5
27,0.05497312545776367,8154.09375,3.2
27,0.0546419620513916,8150.65625,3.9
27,0.046320199966430664,8150.75,2.5
27,0.054447174072265625,8151.0625,4.1
27,0.0486299991607666,8151.109375,3.4
27,0.06328201293945312,8158.921875,4.0
27,0.051970720291137695,8157.140625,4.0
27,0.04807305335998535,8157.171875,3.9
27,0.05866718292236328,8157.15625,4.2
27,0.05991697311401367,8157.046875,3.5
27,0.057344913482666016,8156.90625,3.7
27,0.05197620391845703,8156.765625,3.1
27,0.05287289619445801,8156.609375,5.0
27,0.054219722747802734,8156.4375,3.1
27,0.04990100860595703,8156.6875,3.2
27,0.06072497367858887,8156.015625,3.7
27,0.05500984191894531,8150.6875,3.0
28,0.015324115753173828,8150.71875,4.8
28,0.0500032901763916,8156.03125,5.7
28,0.05104994773864746,8156.046875,3.9
28,0.05112791061401367,8156.078125,3.5
28,0.05179023742675781,8155.90625,4.4
28,0.05677533149719238,8156.296875,5.1
28,0.05135989189147949,8156.0,3.6
28,0.06592798233032227,8156.046875,3.4
28,0.05104517936706543,8157.28125,8.8
28,0.060916900634765625,8166.53125,13.4
28,0.046608924865722656,8164.625,3.8
28,0.06141805648803711,8166.140625,8.5
28,0.05972099304199219,8166.21875,3.9
28,0.04715895652770996,8166.046875,4.1
28,0.05357480049133301,7735.765625,6.7
28,0.04806399345397949,7734.84375,4.4
28,0.05156087875366211,7734.921875,3.6
28,0.05487680435180664,7734.8125,3.9
28,0.05416607856750488,7732.609375,3.4
28,0.05843687057495117,7731.734375,4.5
28,0.05478715896606445,7728.25,3.6
28,0.0488131046295166,7728.390625,3.9
28,0.061141014099121094,7733.8125,3.3
28,0.05122089385986328,7732.578125,3.1
28,0.04504990577697754,7729.828125,3.4
28,0.05735015869140625,7728.5625,2.5
28,0.05452108383178711,7728.40625,2.7
28,0.05118894577026367,7728.4375,3.1
28,0.05933213233947754,7729.984375,4.0
28,0.035809993743896484,7727.84375,3.9
28,0.058342695236206055,7727.96875,3.8
28,0.057582855224609375,7727.953125,3.9
28,0.05606722831726074,7727.828125,3.6
28,0.05644583702087402,7727.953125,4.0
28,0.05091595649719238,7727.421875,3.9
28,0.059957027435302734,7732.5,4.7
28,0.05990314483642578,7731.625,3.9
28,0.05999302864074707,7730.671875,2.9
28,0.05127310752868652,7730.828125,4.2
28,0.04892587661743164,7729.921875,3.4
28,0.06290078163146973,7728.09375,3.6
28,0.05830192565917969,7728.03125,3.4
28,0.06050372123718262,7728.078125,5.2
28,0.05566096305847168,7727.796875,4.5
28,0.056391239166259766,7727.921875,3.1
28,0.05332684516906738,7734.71875,3.8
28,0.051526784896850586,7732.890625,3.6
28,0.05375409126281738,7728.828125,4.5
28,0.02943897247314453,7729.390625,4.1
28,0.05320000648498535,7729.703125,3.4
28,0.0554509162902832,7729.734375,4.0
28,0.056398868560791016,7729.65625,3.1
28,0.05777788162231445,7729.46875,3.9
28,0.05185699462890625,7729.3125,3.4
28,0.049623966217041016,7728.828125,4.4
28,0.05961418151855469,7727.921875,4.0
28,0.06070375442504883,7723.59375,2.9
28,0.05825209617614746,7723.5625,4.0
28,0.05628490447998047,7723.5,3.5
28,0.054596900939941406,7723.375,3.8
28,0.05799412727355957,7723.34375,3.3
28,0.05983996391296387,7723.453125,3.5
28,0.057359933853149414,7723.734375,4.3
28,0.06087994575500488,7729.234375,3.1
28,0.05378389358520508,7727.546875,2.5
28,0.05343890190124512,7725.171875,3.6
28,0.05458784103393555,7724.21875,3.8
28,0.039962053298950195,7723.953125,3.4
28,0.04955601692199707,7723.890625,3.5
28,0.05084800720214844,7723.59375,4.2
28,0.061042070388793945,7723.625,3.5
28,0.05560493469238281,7723.640625,4.5
28,0.06578683853149414,7736.390625,5.2
28,0.04822683334350586,7734.21875,3.5
28,0.05724906921386719,7732.96875,3.9
28,0.04567313194274902,7730.78125,3.6
28,0.0619359016418457,7724.0,4.1
28,0.05841207504272461,7724.0625,3.4
28,0.04906797409057617,7724.125,5.6
28,0.06202507019042969,7724.140625,3.5
29,0.015537261962890625,7723.703125,3.9
29,0.04739189147949219,7726.65625,8.5
29,0.04753375053405762,7726.5625,3.3
29,0.04858803749084473,7726.546875,3.4
29,0.054077863693237305,7727.015625,4.0
29,0.05394721031188965,7726.203125,4.5
29,0.05087614059448242,7726.09375,3.9
29,0.04894614219665527,7725.671875,4.4
29,0.05349993705749512,7725.65625,3.6
29,0.060526132583618164,7725.734375,3.6
29,0.04758501052856445,7725.578125,3.9
29,0.06224417686462402,7733.0625,6.9
29,0.049726009368896484,7728.9375,3.5
29,0.0626838207244873,7728.90625,3.4
29,0.06007719039916992,7728.859375,3.5
29,0.04413318634033203,7728.796875,4.4
29,0.059021949768066406,7728.75,3.5
29,0.056424856185913086,7729.234375,4.1
29,0.049011945724487305,7728.796875,3.6
29,0.04857778549194336,7726.34375,3.5
29,0.056465864181518555,7725.9375,3.5
29,0.06024599075317383,7725.53125,3.5
29,0.04955601692199707,7730.515625,5.9
29,0.05554389953613281,7732.625,3.8
29,0.046324968338012695,7727.71875,3.7
29,0.04464578628540039,7727.296875,2.6
29,0.06024980545043945,7727.078125,2.3
29,0.05099010467529297,7727.3125,3.1
29,0.04631304740905762,7727.5,3.8
29,0.05848503112792969,7727.609375,4.0
29,0.06377387046813965,7727.3125,3.9
29,0.06289911270141602,7725.703125,3.4
29,0.048587799072265625,7724.984375,3.6
29,0.05375313758850098,7721.0625,3.4
29,0.054502010345458984,7721.125,4.0
29,0.05271410942077637,7720.90625,4.3
29,0.05466318130493164,7720.671875,3.4
29,0.04687213897705078,7720.71875,3.2
29,0.05885481834411621,7720.78125,3.7
29,0.0441889762878418,7720.75,3.5
29,0.04824018478393555,7721.234375,3.5
29,0.055624961853027344,7721.390625,3.5
29,0.048748016357421875,7721.6875,4.0
29,0.05963015556335449,7722.40625,5.1
29,0.060040950775146484,7720.5,3.9
29,0.059911251068115234,7720.59375,4.1
29,0.05451798439025879,7720.59375,5.1
29,0.06216025352478027,7720.21875,4.0
29,0.04795432090759277,7736.265625,5.3
29,0.05163311958312988,7727.546875,4.2
29,0.048792123794555664,7725.625,3.8
29,0.059648990631103516,7725.796875,4.1
29,0.059044837951660156,7725.90625,4.5
29,0.05047202110290527,7725.890625,4.2
29,0.04871797561645508,7726.09375,4.7
29,0.06237435340881348,7726.0625,3.4
29,0.05704307556152344,7723.484375,3.7
29,0.055896759033203125,7724.90625,4.4
29,0.0291287899017334,7721.171875,3.9
29,0.05593395233154297,7719.046875,5.1
29,0.04533982276916504,7726.921875,5.7
29,0.05064892768859863,7731.0,4.2
29,0.035178184509277344,7739.25,6.4
29,0.05561208724975586,7740.484375,3.5
29,0.06449103355407715,7723.171875,4.0
29,0.05552506446838379,7723.25,3.4
29,0.06662392616271973,7723.4375,3.0
29,0.06970596313476562,7724.015625,4.9
29,0.04811429977416992,7724.328125,4.6
29,0.05211615562438965,7724.34375,4.2
29,0.059777021408081055,7724.515625,5.5
29,0.05746722221374512,7724.453125,3.5
29,0.06345605850219727,7724.46875,4.0
29,0.04726290702819824,7717.21875,3.5
29,0.05637979507446289,7717.109375,3.7
29,0.058747053146362305,7717.046875,3.7
29,0.06223893165588379,7717.015625,4.1
29,0.03134584426879883,7716.9375,3.6
29,0.0595402717590332,7717.421875,3.6
29,0.04813718795776367,7725.859375,4.0
