12500,25,'',-79.99999999999994,-79.99999999999993,-69.99999999999997,-89.99999999999974,-89.99999999999989,-70.00000000000001,-60.000000000000014,-89.99999999999982,-89.99999999999984,-60.00000000000001,-89.99999999999983,-79.99999999999986,-79.99999999999993,-60.00000000000001,-99.99999999999969,-89.9999999999999,-50.0,-79.99999999999991,-79.9999999999999,-79.99999999999994,-70.0,-89.99999999999979,-60.0,-99.99999999999972,-70.00000000000003
25000,25,'',-79.9999999999999,-89.99999999999979,-79.99999999999991,-69.99999999999996,-79.99999999999991,-89.99999999999974,-79.99999999999993,-40.00000000000004,-99.99999999999966,-60.00000000000001,-69.99999999999997,-70.00000000000001,-89.99999999999987,-79.99999999999986,-69.99999999999997,-79.99999999999993,-79.99999999999989,-69.99999999999999,-79.9999999999999,-89.99999999999989,-89.99999999999979,-89.99999999999977,-79.99999999999986,-99.99999999999986,-89.99999999999979
37500,25,'',-79.99999999999993,-69.99999999999996,-99.9999999999997,-89.99999999999983,-89.9999999999998,-60.000000000000014,-70.0,-99.99999999999983,-89.99999999999979,-79.99999999999993,-79.99999999999991,-89.99999999999989,-89.9999999999998,-79.99999999999987,-99.99999999999964,-69.99999999999999,-79.9999999999999,-69.99999999999997,-60.00000000000002,-69.99999999999994,-99.9999999999997,-79.99999999999986,-60.00000000000004,-99.99999999999974,-99.99999999999972
50000,25,'',-89.99999999999989,-99.99999999999972,-79.99999999999987,-79.99999999999994,-69.99999999999999,-79.99999999999993,-79.99999999999991,-79.99999999999989,-79.99999999999989,-89.9999999999998,-69.99999999999996,-60.000000000000014,-70.00000000000001,-50.000000000000014,-50.00000000000002,-60.00000000000004,-69.99999999999999,-60.00000000000003,-99.99999999999966,-89.99999999999986,-69.99999999999997,-89.9999999999999,-99.99999999999974,-69.99999999999999,-79.99999999999994
62500,25,'',-79.99999999999993,-79.99999999999986,-69.99999999999997,-69.99999999999996,-89.99999999999974,-69.99999999999977,-50.00000000000002,-79.99999999999993,-89.99999999999977,-89.9999999999999,-60.00000000000001,-99.99999999999979,-69.99999999999996,-99.99999999999973,-89.99999999999984,-89.99999999999979,-89.99999999999989,-89.99999999999982,-70.0,-69.99999999999999,-69.99999999999999,-99.99999999999977,-79.99999999999986,-79.99999999999994,-79.99999999999993
75000,25,'',-79.99999999999991,-69.99999999999999,-89.99999999999982,-89.99999999999976,-79.99999999999991,-59.99999999999999,-69.99999999999997,-69.99999999999997,-79.99999999999991,-60.000000000000036,-89.99999999999979,-70.00000000000001,-60.000000000000036,-79.99999999999979,-50.00000000000003,-99.99999999999982,-89.99999999999977,-79.9999999999999,-40.000000000000036,-79.99999999999989,-99.99999999999974,-79.99999999999993,-50.000000000000036,-50.00000000000001,-89.99999999999983
87500,25,'',-79.99999999999991,-79.99999999999986,-79.99999999999991,-79.99999999999993,-89.99999999999977,-89.99999999999991,-89.99999999999982,-89.9999999999998,-89.9999999999999,-89.99999999999982,-99.99999999999979,-60.000000000000014,-79.99999999999993,-89.99999999999983,-70.0,-69.99999999999997,-89.99999999999983,-79.99999999999996,-99.99999999999976,-89.99999999999979,-89.99999999999986,-70.0,-89.9999999999998,-99.99999999999974,-69.99999999999997
100000,25,'',-79.99999999999989,-89.9999999999998,-50.00000000000003,-60.00000000000001,-99.99999999999977,-89.99999999999984,-89.99999999999974,-89.99999999999989,-79.99999999999991,-99.9999999999997,-69.99999999999996,-79.99999999999989,-89.99999999999993,-89.99999999999984,-79.99999999999989,-69.99999999999997,-79.9999999999999,-79.99999999999991,-50.00000000000004,-99.99999999999966,-79.99999999999989,-30.000000000000043,-79.99999999999989,-89.99999999999982,-79.99999999999991
112500,25,'',-20.000000000000018,-79.9999999999999,-99.99999999999984,-89.99999999999987,-79.99999999999991,-89.99999999999976,-50.00000000000001,-99.99999999999979,-69.99999999999997,-60.00000000000002,-89.99999999999976,-89.99999999999982,-99.99999999999972,-89.99999999999983,-70.0,-99.99999999999967,-89.9999999999998,-89.99999999999997,-99.99999999999979,-79.99999999999989,-79.99999999999993,-79.99999999999986,-79.99999999999987,-79.9999999999998,-99.9999999999997
125000,25,'',-59.99999999999995,-89.99999999999989,-79.99999999999986,-79.99999999999994,-79.99999999999983,-79.99999999999993,-50.00000000000002,-79.99999999999991,-60.000000000000036,-79.99999999999987,-50.000000000000036,-89.99999999999982,-79.99999999999979,-79.99999999999993,-89.9999999999997,-69.99999999999999,-60.00000000000004,-30.00000000000003,-89.99999999999996,-60.00000000000002,-89.99999999999987,-79.99999999999991,-70.00000000000001,-59.99999999999997,-60.00000000000003
137500,25,'',-99.9999999999997,-70.0,-60.00000000000004,-60.00000000000001,-50.000000000000036,-60.00000000000003,-60.00000000000003,-79.99999999999991,-69.99999999999997,-60.00000000000003,-79.99999999999991,-60.0,-69.99999999999996,-79.99999999999987,-79.99999999999987,-60.00000000000003,-99.9999999999997,-60.000000000000036,-69.99999999999999,-89.99999999999982,-60.00000000000004,-79.99999999999987,-99.9999999999997,-79.99999999999983,-99.9999999999997
150000,25,'',-10.000000000000012,-10.000000000000016,-60.000000000000014,-79.99999999999986,-40.00000000000002,-60.000000000000036,-60.00000000000004,-60.00000000000002,-40.000000000000036,-69.99999999999994,-60.00000000000004,-60.00000000000003,15.400000000000228,-40.00000000000003,-79.99999999999979,-70.00000000000001,-50.00000000000004,-50.000000000000036,-50.00000000000003,-30.000000000000036,-40.000000000000036,-69.99999999999999,-50.00000000000003,-60.00000000000003,-79.99999999999989
162500,25,'',44.200000000000294,17.20000000000023,10.60000000000023,-20.000000000000007,4.0000000000002345,-50.00000000000003,-10.0,-30.00000000000003,-20.000000000000004,14.800000000000228,-50.000000000000036,23.200000000000244,38.80000000000028,20.200000000000237,28.000000000000256,25.60000000000025,-40.000000000000014,22.00000000000024,-10.0,-50.00000000000003,-20.00000000000002,-20.000000000000036,46.6000000000003,22.600000000000243,-50.000000000000014
175000,25,'',19.600000000000236,-50.00000000000004,-9.999999999999998,-30.000000000000025,-50.00000000000003,-30.00000000000003,15.400000000000228,-20.00000000000001,-50.00000000000004,-40.000000000000014,-69.99999999999996,-60.000000000000036,-60.00000000000002,-20.00000000000002,2.800000000000235,-20.000000000000007,-40.00000000000003,-50.0,-20.000000000000004,-20.000000000000007,-69.99999999999993,-40.000000000000036,-20.000000000000007,-60.00000000000002,-50.00000000000002
187500,25,'',-60.000000000000036,-69.99999999999984,-9.999999999999998,-20.0,-30.00000000000003,-9.999999999999998,-30.000000000000004,38.20000000000028,-10.0,-10.000000000000009,-50.0,17.20000000000023,-40.00000000000002,3.400000000000235,-30.00000000000003,-20.00000000000002,-20.000000000000004,-59.999999999999986,-10.0,-60.000000000000014,-60.000000000000014,32.200000000000266,-20.000000000000004,-69.99999999999989,-50.00000000000002
200000,25,'',-50.00000000000003,-20.000000000000004,-60.00000000000003,-50.000000000000036,-70.00000000000004,-40.00000000000004,-70.00000000000003,-60.00000000000002,-70.00000000000001,-69.99999999999994,-29.999999999999996,-60.00000000000001,-70.00000000000004,-10.0,-50.00000000000004,-10.000000000000012,-60.00000000000003,-50.000000000000036,-40.000000000000014,-50.00000000000004,8.200000000000232,-40.00000000000003,-30.00000000000002,-10.0,14.800000000000228
212500,25,'',-40.000000000000036,-79.99999999999999,20.80000000000024,-20.000000000000043,-50.000000000000014,-40.000000000000036,-50.00000000000003,11.80000000000023,-60.000000000000036,-50.00000000000004,-60.00000000000004,-30.000000000000043,-40.00000000000003,-79.99999999999979,-40.0,-30.00000000000004,-50.0,-30.0,-20.0,-79.99999999999994,-40.0,-40.00000000000003,-60.000000000000014,-50.0,-9.999999999999998
225000,25,'',45.4000000000003,-40.00000000000003,-30.000000000000014,30.40000000000026,52.600000000000314,-40.00000000000003,10.000000000000231,-50.000000000000014,-30.00000000000002,-40.00000000000002,67.6000000000003,-40.00000000000003,43.00000000000029,-60.00000000000004,-20.000000000000004,-60.000000000000014,15.400000000000228,22.00000000000024,-50.000000000000036,-20.0,-20.000000000000007,-20.00000000000002,23.800000000000246,-20.000000000000004,-30.00000000000002
237500,25,'',-60.00000000000003,-69.99999999999991,-50.0,-40.00000000000002,-50.00000000000001,-69.99999999999999,-79.99999999999986,-60.00000000000004,-60.00000000000004,-80.00000000000004,-69.99999999999987,-60.00000000000003,-79.99999999999993,-20.000000000000018,-30.00000000000001,-50.00000000000001,-30.000000000000007,-89.99999999999987,-60.00000000000004,-70.0,-79.99999999999996,-60.000000000000036,-70.0,-50.00000000000002,11.80000000000023
250000,25,'',-30.00000000000003,-60.000000000000014,-40.000000000000036,-40.00000000000002,-10.0,-20.000000000000004,-20.00000000000002,-60.0,-70.0,-30.000000000000036,-60.00000000000002,-40.00000000000003,-50.000000000000036,11.80000000000023,-30.000000000000025,45.4000000000003,-50.000000000000036,-30.000000000000007,-30.000000000000036,-60.00000000000002,-50.00000000000002,-79.99999999999993,-30.000000000000014,-30.00000000000001,-60.00000000000002
262500,25,'',-69.99999999999994,-69.99999999999999,-89.99999999999989,-60.00000000000003,-79.99999999999993,-69.99999999999999,-79.99999999999996,-50.00000000000004,-30.00000000000001,-69.99999999999999,-40.000000000000036,-50.000000000000036,-89.99999999999999,-99.99999999999987,-89.99999999999984,-50.00000000000002,-69.99999999999997,-89.9999999999998,-79.99999999999997,-40.00000000000002,-60.00000000000003,-20.000000000000007,-79.99999999999994,-89.9999999999999,-79.99999999999994
275000,25,'',-49.999999999999986,-40.0,-50.00000000000003,-69.99999999999996,-89.99999999999984,-89.99999999999977,-59.99999999999992,-89.99999999999974,-79.99999999999999,-89.99999999999983,-70.00000000000003,-50.000000000000036,-40.00000000000002,-59.99999999999996,-60.00000000000003,-89.9999999999998,-79.99999999999991,-60.00000000000004,-50.00000000000002,-89.99999999999994,-79.99999999999983,-50.000000000000036,-30.00000000000002,-49.999999999999964,-69.99999999999991
287500,25,'',5.800000000000233,-69.99999999999996,1.0000000000002327,-20.000000000000004,19.600000000000236,7.600000000000232,-19.999999999999996,-69.99999999999993,-30.00000000000002,-79.99999999999984,-30.000000000000036,-50.00000000000002,-40.000000000000036,-20.00000000000001,-60.00000000000004,-10.000000000000002,-10.000000000000025,-79.99999999999991,22.00000000000024,-60.00000000000002,-60.00000000000003,-10.000000000000007,-60.00000000000003,-50.00000000000003,-89.9999999999999
300000,25,'',-79.99999999999996,-40.00000000000004,-69.99999999999993,-89.99999999999994,-80.00000000000001,-60.000000000000036,-79.9999999999998,-49.999999999999964,-79.99999999999999,-99.99999999999989,-79.9999999999998,-50.00000000000002,-50.000000000000014,-79.99999999999999,-89.99999999999991,-69.99999999999997,-89.99999999999989,-59.99999999999995,-80.0,-79.99999999999987,-50.00000000000003,-40.00000000000004,-79.99999999999989,-40.00000000000003,-40.000000000000036
312500,25,'',-50.000000000000036,-30.00000000000002,-79.99999999999999,-89.99999999999982,-60.000000000000036,-30.000000000000014,-60.000000000000014,-40.0,-89.99999999999984,-89.99999999999996,-50.000000000000036,-89.99999999999999,-99.99999999999987,-79.99999999999996,49.000000000000306,-40.00000000000003,-59.99999999999999,-90.00000000000003,-30.00000000000002,-40.000000000000036,-60.00000000000004,-20.000000000000007,-60.00000000000004,-40.00000000000003,-70.00000000000003
325000,25,'',-30.000000000000036,-10.000000000000002,-40.00000000000003,-40.000000000000036,-20.000000000000004,37.00000000000028,25.00000000000025,-20.00000000000004,16.60000000000023,21.40000000000024,-60.000000000000036,-79.99999999999987,-30.00000000000002,-40.00000000000002,-50.000000000000036,20.80000000000024,-50.000000000000036,-19.999999999999996,17.20000000000023,-30.000000000000036,-30.000000000000025,27.400000000000254,-60.000000000000036,23.200000000000244,-30.00000000000001
337500,25,'',-30.00000000000002,23.800000000000246,-20.000000000000007,-40.00000000000003,-20.000000000000007,-50.0,-40.00000000000002,-30.000000000000025,-20.0,-40.0,-50.00000000000004,-40.00000000000001,25.60000000000025,-30.000000000000032,-50.00000000000003,-60.000000000000036,-20.000000000000007,-20.000000000000004,-60.00000000000004,13.600000000000229,-40.00000000000003,-20.000000000000007,-20.0,64.60000000000034,57.400000000000325
350000,25,'',-99.99999999999966,0.40000000000020464,7.600000000000225,-10.000000000000025,-10.000000000000002,-30.0,-10.000000000000009,-69.99999999999997,0.4000000000002366,-50.00000000000004,5.800000000000233,-20.00000000000001,-89.99999999999972,-69.99999999999997,-40.00000000000004,-60.00000000000002,-9.999999999999998,-9.999999999999998,-30.00000000000002,-30.000000000000043,-30.00000000000001,23.800000000000246,-40.000000000000014,-20.000000000000043,-40.00000000000004
362500,25,'',-60.000000000000036,-30.000000000000007,-50.00000000000002,-69.99999999999999,-69.9999999999999,-50.00000000000002,-40.0,-30.000000000000007,-10.0,-89.99999999999984,-50.00000000000002,-60.00000000000004,-20.000000000000007,-20.0,-30.000000000000004,-20.000000000000007,-20.000000000000014,-30.0,-69.9999999999999,-10.000000000000002,-60.00000000000002,-60.0,-20.000000000000007,-60.0,-30.000000000000043
375000,25,'',-20.0,-79.99999999999994,-50.000000000000014,-60.00000000000002,-40.00000000000004,-10.000000000000005,-40.00000000000004,-50.00000000000001,-20.000000000000025,-60.00000000000003,-40.00000000000001,-60.00000000000001,-60.00000000000003,-60.00000000000001,-40.000000000000014,-69.99999999999999,-10.0,-30.000000000000007,-29.999999999999996,-40.000000000000036,-80.0,-60.000000000000014,11.20000000000023,-40.00000000000002,-80.00000000000003
387500,25,'',37.60000000000028,72.40000000000026,68.8000000000003,58.00000000000033,40.600000000000286,40.600000000000286,41.80000000000029,3.400000000000235,22.600000000000243,59.20000000000033,33.40000000000027,29.80000000000026,70.60000000000028,55.60000000000032,62.20000000000034,-10.0,41.20000000000029,66.40000000000032,71.80000000000027,59.20000000000033,2.800000000000235,22.00000000000024,46.0000000000003,57.400000000000325,92.20000000000007
400000,25,'',-79.99999999999986,-89.99999999999994,-50.00000000000002,-99.9999999999997,-89.99999999999977,-69.99999999999997,-79.99999999999979,-89.99999999999982,-79.99999999999983,-89.99999999999986,-99.9999999999998,-60.00000000000004,-79.99999999999991,-70.00000000000003,-90.00000000000004,-99.99999999999984,-89.99999999999973,-89.9999999999999,-69.99999999999983,-79.9999999999999,-79.9999999999999,-59.99999999999994,-60.00000000000001,-70.0,-30.000000000000043
412500,25,'',50.20000000000031,-10.0,-20.000000000000007,-30.000000000000036,-30.00000000000002,-30.00000000000002,-20.00000000000003,-9.999999999999998,-60.000000000000036,-20.000000000000014,-30.00000000000002,-40.000000000000036,30.40000000000026,-30.00000000000002,-50.00000000000004,-50.000000000000036,-60.000000000000036,-60.00000000000004,-30.000000000000043,2.8000000000002174,-20.000000000000007,-79.99999999999986,6.400000000000233,-50.000000000000036,-19.999999999999996
425000,25,'',33.40000000000027,46.6000000000003,57.400000000000325,73.00000000000026,55.60000000000032,-10.0,40.600000000000286,28.000000000000256,20.200000000000237,39.40000000000028,57.400000000000325,35.800000000000274,28.600000000000257,17.20000000000023,49.60000000000031,47.2000000000003,50.80000000000031,35.20000000000027,-20.000000000000014,65.20000000000033,43.60000000000029,4.600000000000234,31.600000000000264,20.80000000000024,68.8000000000003
437500,25,'',-50.00000000000004,-50.00000000000004,-69.99999999999997,-40.000000000000014,-60.000000000000014,-89.99999999999996,0.4000000000002295,-69.99999999999997,-60.00000000000003,-49.99999999999994,-40.00000000000002,-89.99999999999983,-79.99999999999986,-79.99999999999994,-20.000000000000007,-60.000000000000014,-50.00000000000002,-30.000000000000014,-79.99999999999994,-40.000000000000014,-20.000000000000007,-60.00000000000003,-70.00000000000003,-89.99999999999989,-39.99999999999997
450000,25,'',-79.9999999999998,-70.00000000000003,-79.99999999999986,-60.0,-60.000000000000036,-70.0,-60.00000000000002,-50.00000000000004,-60.00000000000003,-99.99999999999987,-69.99999999999997,-50.000000000000014,-89.99999999999977,-20.000000000000032,-89.99999999999999,-40.00000000000003,-60.00000000000003,-79.9999999999998,-60.00000000000003,-9.999999999999998,-69.99999999999997,-60.00000000000001,-40.00000000000002,-50.00000000000004,2.2000000000002355
462500,25,'',17.80000000000023,-50.000000000000036,3.400000000000235,-79.99999999999983,-40.00000000000003,-30.00000000000002,-50.00000000000004,-60.000000000000014,-50.00000000000004,-20.0,-69.99999999999999,-60.00000000000003,0.4000000000002153,-9.999999999999998,-50.00000000000004,-30.000000000000036,-50.00000000000003,-40.00000000000003,-20.00000000000002,-60.00000000000003,-60.00000000000003,-9.999999999999998,-89.99999999999983,-79.99999999999994,-40.000000000000036
475000,25,'',-69.99999999999986,-40.000000000000036,-50.000000000000036,-30.0,-79.99999999999983,-50.000000000000036,32.200000000000266,-50.00000000000004,-40.000000000000036,-40.00000000000004,-49.99999999999999,-40.00000000000002,-79.99999999999997,-50.00000000000003,-69.99999999999999,-69.99999999999997,-20.00000000000001,-79.99999999999977,-20.000000000000007,-30.000000000000036,-30.000000000000036,-40.00000000000003,-50.000000000000036,-40.00000000000003,5.200000000000234
487500,25,'',-50.000000000000036,-89.99999999999986,-60.000000000000014,-69.99999999999997,-59.99999999999999,-20.000000000000025,-60.000000000000014,-89.99999999999989,-69.99999999999996,-60.000000000000036,-50.000000000000036,-69.99999999999991,-69.99999999999996,-60.00000000000003,-40.00000000000003,-70.00000000000001,-40.00000000000004,-30.000000000000043,-50.00000000000001,-50.00000000000003,-40.00000000000004,-40.00000000000004,-60.000000000000036,-60.00000000000004,-40.00000000000001
500000,25,'',-69.99999999999989,-59.99999999999999,-30.000000000000014,-50.00000000000004,-40.00000000000004,-9.999999999999998,-30.000000000000036,-29.999999999999996,-50.00000000000003,-50.00000000000003,-50.00000000000003,-40.000000000000036,-79.99999999999997,-50.000000000000014,-60.00000000000003,-30.0,-50.00000000000003,-60.00000000000001,-69.99999999999999,-30.000000000000014,-40.00000000000002,-49.99999999999995,-69.99999999999997,-79.99999999999973,-30.000000000000014
512500,25,'',-50.00000000000002,-40.00000000000003,-50.00000000000003,-50.00000000000004,-20.000000000000043,-60.00000000000003,-49.999999999999915,-20.000000000000007,-69.99999999999987,-50.00000000000003,-40.000000000000036,-60.00000000000002,-50.000000000000036,-69.99999999999999,-79.99999999999994,-40.00000000000004,-50.000000000000036,-50.00000000000004,-70.0,-60.00000000000003,-30.000000000000014,-30.000000000000014,-59.99999999999996,-60.00000000000003,5.800000000000232
525000,25,'',-30.000000000000018,-19.999999999999996,-60.000000000000036,-60.00000000000004,-30.000000000000014,-40.00000000000004,-50.00000000000003,28.000000000000256,-40.00000000000003,-60.00000000000001,-60.00000000000002,-30.000000000000007,-50.00000000000002,-60.00000000000004,-50.00000000000003,-40.00000000000001,-69.99999999999999,-40.00000000000003,2.800000000000235,-9.999999999999998,-60.00000000000002,-50.00000000000004,-10.000000000000009,-69.99999999999996,-69.99999999999996
537500,25,'',5.800000000000219,26.20000000000025,49.60000000000031,61.600000000000335,82.00000000000017,60.40000000000033,20.80000000000024,45.4000000000003,61.000000000000334,37.00000000000028,88.00000000000011,49.000000000000306,26.20000000000025,70.00000000000028,42.40000000000029,50.20000000000031,51.40000000000031,44.200000000000294,23.200000000000244,17.80000000000023,-10.0,58.00000000000033,35.800000000000274,47.2000000000003,64.00000000000034
550000,25,'',-40.000000000000014,-59.99999999999997,-30.000000000000004,5.800000000000233,-50.00000000000004,-30.000000000000036,-60.00000000000002,-69.99999999999997,1.6000000000002181,-50.00000000000002,-50.000000000000036,-50.00000000000003,-50.00000000000004,-50.000000000000036,-30.000000000000014,27.400000000000254,-20.00000000000001,12.40000000000023,-69.99999999999999,-40.00000000000003,-50.000000000000014,-50.00000000000003,-20.000000000000004,-30.000000000000018,-30.00000000000001
562500,25,'',-30.00000000000003,-30.00000000000002,-79.99999999999991,-60.00000000000004,-30.000000000000025,-70.00000000000003,-20.000000000000007,-50.00000000000004,-50.00000000000004,28.600000000000257,-20.000000000000004,-10.0,45.4000000000003,-20.00000000000001,-30.000000000000043,9.400000000000231,-10.000000000000002,-40.00000000000004,-69.99999999999993,-9.999999999999998,-59.99999999999994,-9.999999999999998,-30.000000000000014,-50.00000000000004,-9.999999999999998
575000,25,'',4.6000000000002235,19.000000000000234,-40.00000000000003,-50.000000000000014,-20.000000000000043,-30.00000000000002,59.80000000000033,-20.0,33.40000000000027,11.800000000000228,0.4000000000002295,28.000000000000256,-30.000000000000014,-40.000000000000014,-9.999999999999998,-40.00000000000003,44.200000000000294,-10.000000000000018,-20.0,41.20000000000029,40.000000000000284,36.400000000000276,18.400000000000233,11.200000000000228,14.200000000000228
587500,25,'',-40.000000000000036,-30.00000000000003,-50.00000000000004,-40.00000000000002,-40.00000000000003,14.200000000000228,-9.999999999999998,43.00000000000029,-20.000000000000007,-20.000000000000007,-69.99999999999997,-50.000000000000036,-50.00000000000002,-10.000000000000012,-20.000000000000007,-60.000000000000036,-60.000000000000036,-40.00000000000003,-19.999999999999996,-79.99999999999993,-9.999999999999998,-40.000000000000036,-9.999999999999998,-20.000000000000007,31.600000000000264
600000,25,'',-40.000000000000036,-40.000000000000036,-50.000000000000036,-50.000000000000014,-30.000000000000014,-50.000000000000036,-69.99999999999977,-30.000000000000032,-40.00000000000004,-40.000000000000036,-30.000000000000014,-50.00000000000002,-40.00000000000003,-40.000000000000036,-60.000000000000036,-79.99999999999976,-30.00000000000002,-30.000000000000036,-40.00000000000002,-19.999999999999996,-59.99999999999998,-40.00000000000004,-60.00000000000002,-79.9999999999998,-60.00000000000004
612500,25,'',58.00000000000033,61.600000000000335,47.8000000000003,-10.00000000000002,-10.000000000000002,-50.00000000000004,72.40000000000026,25.00000000000025,53.80000000000032,55.60000000000032,36.400000000000276,50.20000000000031,21.40000000000024,42.40000000000029,34.60000000000027,-40.000000000000014,5.800000000000233,36.400000000000276,1.000000000000238,44.200000000000294,37.60000000000028,40.000000000000284,16.60000000000023,19.600000000000236,19.600000000000236
625000,25,'',-30.0,-40.000000000000036,-40.00000000000002,-60.00000000000003,-30.000000000000032,-89.99999999999974,-60.00000000000004,-89.99999999999974,-50.000000000000036,-40.00000000000003,-30.000000000000036,-40.00000000000004,-60.00000000000004,-69.99999999999996,-40.000000000000036,-40.00000000000003,-50.00000000000002,-60.00000000000004,-50.00000000000004,-50.00000000000004,-69.99999999999996,-79.99999999999997,-69.99999999999997,-79.99999999999986,-40.00000000000004
637500,25,'',-70.00000000000003,-60.00000000000004,-70.00000000000003,-50.00000000000003,-69.99999999999993,-69.99999999999994,-69.99999999999997,-89.99999999999993,-69.9999999999998,-70.00000000000003,-70.00000000000001,-69.9999999999999,-79.99999999999993,-60.00000000000003,-60.00000000000004,-69.99999999999993,-89.9999999999999,-60.00000000000003,-59.99999999999999,-79.99999999999979,-69.99999999999997,-89.99999999999997,-50.000000000000036,-59.99999999999992,-50.00000000000004
650000,25,'',-60.000000000000036,13.600000000000229,-10.0,44.200000000000294,-30.0,29.20000000000026,31.000000000000263,32.200000000000266,22.600000000000243,10.000000000000231,47.8000000000003,14.800000000000228,28.000000000000256,14.200000000000228,8.800000000000232,-30.000000000000036,-20.0,10.000000000000231,28.600000000000257,-10.000000000000018,7.000000000000233,43.60000000000029,-30.000000000000036,-40.000000000000014,22.00000000000024
662500,25,'',-10.000000000000002,-30.000000000000036,4.600000000000234,-60.00000000000004,41.80000000000029,12.40000000000023,-40.000000000000036,-10.0,13.00000000000023,-20.000000000000004,-40.00000000000004,-40.00000000000002,-20.0,-10.0,-30.000000000000014,-70.00000000000003,-30.000000000000032,-29.999999999999996,-40.00000000000003,-50.00000000000004,-20.000000000000007,-20.000000000000004,13.00000000000023,-40.00000000000002,-40.00000000000003
675000,25,'',-9.999999999999998,-69.99999999999996,6.400000000000228,1.600000000000236,-30.0,-20.0,-50.00000000000004,-40.00000000000002,-40.000000000000036,14.200000000000228,-10.0,35.20000000000027,-30.000000000000018,6.400000000000233,-50.00000000000002,-20.0,-50.00000000000003,-40.00000000000002,28.600000000000257,-30.00000000000001,22.600000000000243,21.40000000000024,-9.999999999999998,-30.000000000000032,-60.00000000000001
687500,25,'',-50.00000000000003,-89.99999999999974,-20.000000000000007,-20.000000000000014,-40.00000000000003,-40.00000000000002,-40.00000000000004,-10.0,-9.999999999999998,-40.000000000000036,-89.99999999999974,-30.000000000000036,-60.000000000000036,-10.0,-30.000000000000014,-50.000000000000036,-20.000000000000007,-30.000000000000036,-50.000000000000014,-60.00000000000002,-30.000000000000036,-60.000000000000036,-50.00000000000002,-40.00000000000002,-60.00000000000003
700000,25,'',-10.0,9.400000000000231,56.20000000000032,-40.000000000000036,39.40000000000028,51.40000000000031,-10.0,-9.999999999999998,1.000000000000231,54.40000000000032,71.80000000000027,74.20000000000024,3.400000000000235,23.200000000000244,21.40000000000024,-9.999999999999998,-10.0,-10.000000000000002,-30.000000000000025,54.40000000000032,12.40000000000023,-40.000000000000036,52.600000000000314,-40.00000000000004,38.20000000000028
712500,25,'',-60.000000000000036,-50.000000000000036,-40.00000000000003,-70.0,-30.00000000000002,-10.000000000000009,-30.000000000000018,-70.0,-40.00000000000003,-50.00000000000003,-50.000000000000036,-60.00000000000003,-50.00000000000004,10.000000000000231,-60.00000000000002,20.200000000000237,-69.99999999999997,-40.000000000000014,-30.00000000000004,-50.000000000000036,-60.0,-40.000000000000036,-30.000000000000036,-30.000000000000018,-79.99999999999997
725000,25,'',-30.000000000000036,26.800000000000253,61.000000000000334,-40.00000000000002,26.800000000000253,40.600000000000286,-30.000000000000036,22.00000000000024,-59.99999999999991,-20.000000000000018,14.800000000000228,-60.00000000000003,-50.00000000000004,-60.00000000000004,-69.99999999999996,1.600000000000235,54.40000000000032,-60.00000000000002,-20.000000000000007,40.600000000000286,50.20000000000031,-50.00000000000003,4.0000000000002345,11.80000000000023,-40.00000000000002
737500,25,'',-60.00000000000004,-60.000000000000036,-50.00000000000002,-79.99999999999986,-79.99999999999986,-79.99999999999987,-79.99999999999991,-20.00000000000001,-40.00000000000003,-69.99999999999987,-40.00000000000004,-40.000000000000036,-79.99999999999979,18.400000000000233,-79.99999999999989,-50.00000000000004,-69.99999999999994,-70.0,-59.99999999999997,-69.99999999999994,-99.99999999999984,-60.000000000000036,-60.000000000000036,-50.00000000000002,-69.99999999999997
750000,25,'',55.00000000000032,30.40000000000026,41.80000000000029,36.400000000000276,-20.000000000000004,-30.000000000000004,-30.00000000000002,-10.0,19.600000000000236,28.000000000000256,6.400000000000233,-40.00000000000002,29.20000000000026,-20.00000000000001,5.800000000000203,34.60000000000027,-30.000000000000025,28.000000000000256,7.000000000000206,-30.000000000000032,30.40000000000026,48.400000000000304,4.000000000000206,-50.000000000000036,37.00000000000028
762500,25,'',-20.000000000000004,-30.000000000000043,-40.00000000000004,-30.000000000000036,-60.00000000000004,-40.00000000000003,-40.00000000000003,-40.00000000000004,-50.00000000000004,-60.00000000000004,-20.000000000000018,-69.99999999999987,-50.00000000000004,-60.00000000000004,-60.00000000000004,-60.00000000000002,-40.00000000000004,-40.00000000000004,-60.00000000000003,-20.000000000000004,-30.00000000000002,-30.000000000000043,-50.00000000000004,-20.00000000000004,-40.00000000000004
775000,25,'',-50.00000000000004,-60.00000000000004,-30.000000000000043,-40.00000000000003,-60.00000000000003,-60.00000000000004,-20.000000000000007,-60.00000000000004,-40.00000000000004,-69.99999999999997,-20.000000000000007,-50.00000000000004,-60.00000000000004,-60.00000000000001,-40.00000000000004,-40.00000000000001,-79.99999999999986,-69.99999999999997,-89.99999999999974,-69.99999999999986,-40.00000000000003,-69.99999999999997,-50.00000000000004,-30.000000000000036,-60.00000000000003
787500,25,'',-9.999999999999998,13.600000000000229,10.000000000000231,-20.000000000000004,41.20000000000029,10.600000000000229,-40.000000000000014,35.800000000000274,46.6000000000003,46.0000000000003,-30.000000000000036,-10.000000000000009,14.800000000000226,-10.0,19.000000000000234,2.800000000000235,-30.000000000000043,26.800000000000253,-40.00000000000003,-40.00000000000002,18.400000000000233,14.800000000000228,8.800000000000232,2.2000000000002355,13.00000000000023
800000,25,'',-10.000000000000027,-29.999999999999996,-60.00000000000003,-89.99999999999996,-30.00000000000002,-10.000000000000004,-40.000000000000036,-60.00000000000003,-50.00000000000003,-9.999999999999998,-40.00000000000002,-70.00000000000001,-20.0,-40.000000000000014,34.60000000000027,-79.99999999999984,-60.00000000000001,-90.0,-50.00000000000004,-20.000000000000004,-30.000000000000043,-20.000000000000007,-69.99999999999997,-69.99999999999994,-30.000000000000032
812500,25,'',-60.000000000000036,-89.99999999999994,-40.00000000000002,-40.000000000000014,-50.00000000000002,-40.00000000000003,-60.00000000000003,-60.00000000000001,-30.000000000000014,-10.000000000000023,-60.00000000000003,-40.00000000000003,-69.99999999999999,-40.000000000000036,-70.00000000000001,-50.00000000000003,-69.99999999999997,-70.0,-60.000000000000036,-60.000000000000014,-70.00000000000001,-50.000000000000036,-60.00000000000002,-79.99999999999987,-30.000000000000018
825000,25,'',-79.99999999999989,-60.000000000000014,-69.99999999999997,-60.00000000000004,-40.00000000000003,-50.00000000000002,-40.00000000000002,-50.00000000000004,-60.000000000000036,-70.0,-60.00000000000002,-70.0,-70.00000000000004,-50.000000000000036,-79.99999999999989,-30.000000000000025,-50.00000000000003,-50.00000000000003,-50.00000000000003,-40.00000000000003,-40.00000000000002,-69.99999999999997,-69.99999999999991,-40.000000000000014,-60.00000000000003
837500,25,'',-20.000000000000007,-79.99999999999986,-50.000000000000036,-40.00000000000003,-79.99999999999986,-69.99999999999994,-40.00000000000004,-89.99999999999974,-60.000000000000036,-60.00000000000004,-40.00000000000004,-79.99999999999986,-50.000000000000014,-79.99999999999986,-69.99999999999973,-89.99999999999976,-60.00000000000003,-60.00000000000004,-69.99999999999997,-69.99999999999997,-89.9999999999998,-40.00000000000002,-40.00000000000004,-69.9999999999999,-69.99999999999999
850000,25,'',46.0000000000003,-99.99999999999963,-30.000000000000007,-79.99999999999986,-30.0,-79.99999999999976,-30.000000000000036,2.20000000000023,-70.00000000000001,-40.000000000000036,-79.99999999999989,-99.99999999999967,-9.999999999999998,-79.99999999999974,-30.00000000000003,-50.00000000000004,-60.00000000000004,31.600000000000264,-79.99999999999987,-40.000000000000036,-79.99999999999987,42.40000000000029,-89.99999999999964,-69.99999999999997,-30.000000000000036
862500,25,'',-60.000000000000036,-69.99999999999997,-60.00000000000003,-30.00000000000003,-50.00000000000004,-69.99999999999997,-79.99999999999977,-69.99999999999997,-69.99999999999997,1.0000000000002363,-60.000000000000036,-50.000000000000036,-20.000000000000007,-60.00000000000004,-69.99999999999997,9.400000000000231,-20.0,-60.000000000000036,-60.000000000000036,-30.000000000000036,-59.99999999999994,-60.00000000000003,-89.99999999999982,-69.99999999999994,-50.00000000000002
875000,25,'',52.600000000000314,57.400000000000325,25.60000000000025,-20.000000000000007,5.800000000000233,-9.999999999999998,20.80000000000024,31.000000000000263,-30.000000000000043,20.80000000000024,15.400000000000228,11.80000000000023,36.400000000000276,27.400000000000254,-9.999999999999998,49.60000000000031,-20.0,32.200000000000266,35.20000000000027,-20.000000000000007,28.000000000000256,10.600000000000229,54.40000000000032,58.00000000000033,-20.000000000000036
887500,25,'',-20.000000000000032,-89.9999999999998,-69.99999999999999,-80.00000000000003,-10.000000000000002,-79.99999999999984,-60.00000000000002,-60.00000000000002,-60.00000000000001,-30.000000000000007,-60.00000000000002,-69.99999999999999,16.000000000000227,15.400000000000228,-20.000000000000036,-30.00000000000001,-20.000000000000007,15.400000000000228,-40.00000000000004,-69.99999999999997,-10.0,-20.000000000000004,-30.000000000000007,-20.000000000000018,-40.00000000000004
900000,25,'',-50.00000000000003,-30.00000000000003,-69.99999999999997,-60.00000000000003,-40.00000000000004,-50.000000000000036,43.00000000000029,-40.00000000000004,-30.00000000000003,-59.99999999999999,-30.000000000000007,-60.0,-50.00000000000002,-69.99999999999999,-79.99999999999996,-60.000000000000036,-20.000000000000007,-40.00000000000004,-10.000000000000004,-9.999999999999998,-50.00000000000002,-50.00000000000004,-79.99999999999991,-9.999999999999998,-79.99999999999997
912500,25,'',-69.99999999999999,-59.999999999999986,-50.00000000000003,-79.99999999999969,-89.99999999999984,-79.99999999999986,-79.99999999999986,22.00000000000024,-50.000000000000036,-30.000000000000036,29.20000000000026,-40.00000000000004,-69.99999999999999,-49.99999999999997,-60.000000000000014,-59.99999999999999,-30.00000000000002,-69.99999999999993,21.40000000000024,-40.00000000000002,-60.00000000000004,-40.00000000000004,-40.00000000000004,-60.00000000000003,-30.000000000000007
925000,25,'',-69.99999999999999,-89.9999999999998,-60.00000000000002,-60.000000000000014,-60.00000000000004,-50.000000000000036,-69.9999999999998,-40.000000000000014,-79.99999999999994,-9.999999999999998,-79.99999999999991,-40.00000000000004,-69.99999999999994,-89.99999999999997,-79.99999999999984,-30.000000000000018,-69.99999999999994,-70.00000000000003,-50.00000000000003,-70.0,-79.99999999999986,-40.00000000000004,-89.99999999999987,-60.000000000000036,-69.99999999999996
937500,25,'',-30.000000000000036,-10.000000000000021,-10.0,-50.00000000000004,-10.000000000000005,-10.00000000000001,-69.99999999999997,-9.999999999999998,-30.00000000000003,-30.000000000000025,-50.00000000000004,42.40000000000029,-30.00000000000003,-30.000000000000036,-50.000000000000036,-30.000000000000036,-9.999999999999998,-9.999999999999998,-69.99999999999997,2.20000000000023,-50.00000000000004,-9.999999999999998,-10.000000000000016,-79.99999999999989,-40.00000000000002
950000,25,'',-20.000000000000007,-20.000000000000007,-9.999999999999998,-10.000000000000021,-9.999999999999998,-20.000000000000036,-20.000000000000043,-60.00000000000002,21.40000000000024,-69.99999999999999,-40.000000000000014,-30.000000000000007,-50.00000000000004,23.200000000000244,-69.99999999999996,-69.99999999999997,35.800000000000274,-50.00000000000004,-40.000000000000036,-10.000000000000009,-40.00000000000004,-79.99999999999974,-50.00000000000004,34.60000000000027,-40.00000000000003
962500,25,'',-20.000000000000025,-50.00000000000003,-20.00000000000003,-60.00000000000003,-10.00000000000004,-30.00000000000003,10.000000000000231,-69.99999999999996,-69.99999999999996,-40.00000000000004,-10.000000000000021,-60.00000000000003,-29.999999999999996,-30.000000000000036,-69.99999999999999,-30.000000000000007,-30.000000000000036,-50.000000000000036,-30.0,-50.000000000000014,-30.00000000000003,-60.000000000000014,4.0000000000002345,-50.00000000000004,-60.00000000000003
975000,25,'',88.60000000000011,17.20000000000023,-50.00000000000004,68.2000000000003,-40.00000000000001,7.000000000000233,-20.000000000000025,-10.000000000000002,44.800000000000296,14.200000000000228,12.40000000000023,-9.999999999999998,46.0000000000003,32.200000000000266,80.20000000000019,-20.000000000000007,-30.00000000000002,32.200000000000266,-10.0,-30.000000000000007,0.4000000000002366,57.400000000000325,-20.000000000000004,39.40000000000028,67.00000000000031
987500,25,'',68.2000000000003,29.80000000000026,-20.000000000000007,5.800000000000233,-10.000000000000002,-10.000000000000002,58.00000000000033,5.200000000000234,-20.0,4.0000000000002345,38.80000000000028,49.000000000000306,73.60000000000025,65.20000000000033,62.20000000000034,20.80000000000024,46.6000000000003,13.00000000000023,-20.000000000000007,67.6000000000003,-50.000000000000014,17.20000000000023,61.000000000000334,55.60000000000032,65.20000000000033
1000000,25,'',-20.0,-10.0,-20.000000000000004,6.400000000000233,14.200000000000228,-20.000000000000004,-30.000000000000014,-20.000000000000007,54.40000000000032,-30.000000000000014,-29.999999999999996,17.80000000000023,-30.0,41.20000000000029,-50.000000000000014,-40.000000000000036,-50.000000000000036,47.2000000000003,-30.000000000000043,-30.00000000000002,-20.000000000000043,-30.000000000000014,-20.000000000000014,-69.99999999999979,52.600000000000314
1012500,25,'',-9.999999999999998,34.60000000000027,-40.00000000000002,-50.00000000000002,-40.00000000000004,53.80000000000032,-9.999999999999998,-10.000000000000028,17.20000000000023,-9.999999999999998,-30.000000000000018,-30.000000000000014,-30.000000000000036,-30.000000000000036,4.600000000000234,-79.99999999999993,-99.99999999999977,-20.00000000000004,-30.00000000000004,-10.0,-10.000000000000027,-40.00000000000004,3.400000000000235,-60.00000000000004,-10.0
1025000,25,'',-30.000000000000018,49.60000000000031,49.000000000000306,62.80000000000034,76.60000000000022,2.2000000000002355,34.60000000000027,34.60000000000027,60.40000000000033,21.40000000000024,67.6000000000003,17.80000000000023,16.000000000000227,25.60000000000025,44.800000000000296,33.40000000000027,100.0,55.00000000000032,41.20000000000029,62.80000000000034,67.00000000000031,4.0000000000002345,48.400000000000304,49.000000000000306,47.8000000000003
1037500,25,'',16.000000000000227,66.40000000000032,20.80000000000024,37.00000000000028,56.20000000000032,34.60000000000027,69.40000000000029,74.20000000000024,7.600000000000232,75.40000000000023,64.60000000000034,53.80000000000032,42.40000000000029,-20.000000000000007,28.000000000000256,59.80000000000033,23.200000000000244,22.600000000000243,21.40000000000024,17.80000000000023,-30.000000000000014,42.40000000000029,44.800000000000296,72.40000000000026,8.200000000000214
1050000,25,'',-30.00000000000002,19.600000000000236,-20.000000000000018,49.000000000000306,-40.00000000000003,-10.0,16.60000000000023,27.400000000000254,-20.0,16.60000000000023,10.000000000000231,11.20000000000023,8.800000000000232,-10.0,-10.000000000000002,36.400000000000276,18.400000000000233,-40.000000000000036,-19.999999999999996,34.60000000000027,-10.000000000000002,-40.000000000000036,19.000000000000234,22.00000000000024,4.600000000000234
1062500,25,'',-30.000000000000014,46.6000000000003,-50.000000000000036,-10.0,-20.000000000000007,-30.000000000000007,-30.000000000000032,-9.999999999999998,42.40000000000029,29.80000000000026,-50.00000000000004,-50.00000000000003,-60.00000000000004,-40.00000000000004,26.800000000000253,22.00000000000024,15.400000000000228,46.0000000000003,-20.000000000000014,-89.99999999999972,15.400000000000228,-20.000000000000004,-20.000000000000007,-20.000000000000007,16.000000000000227
1075000,25,'',67.00000000000031,-40.00000000000003,-60.000000000000014,-69.99999999999997,6.400000000000233,-40.00000000000003,-60.00000000000004,-30.000000000000007,-20.000000000000004,-40.00000000000004,-30.00000000000001,-20.000000000000007,-69.99999999999984,-59.99999999999997,-20.000000000000043,13.600000000000229,-20.00000000000002,-50.000000000000036,62.80000000000034,9.400000000000231,29.80000000000026,-50.00000000000003,34.00000000000027,-9.999999999999998,24.400000000000247
1087500,25,'',26.800000000000253,47.8000000000003,-60.000000000000036,-40.000000000000014,-9.999999999999998,44.200000000000294,-40.000000000000036,-79.99999999999996,-20.000000000000018,24.400000000000247,-40.00000000000003,-40.00000000000003,5.200000000000234,-10.000000000000007,5.200000000000234,-40.00000000000004,9.400000000000231,-30.000000000000018,18.400000000000233,-9.999999999999998,10.60000000000023,-69.9999999999999,13.00000000000023,-10.000000000000007,9.400000000000231
1100000,25,'',1.6000000000002288,28.600000000000257,-40.00000000000003,5.800000000000233,16.60000000000023,-60.00000000000004,-69.9999999999998,-89.99999999999972,-30.000000000000014,1.6000000000002075,-20.000000000000007,3.4000000000002153,-60.000000000000014,-10.000000000000018,26.800000000000253,-50.000000000000014,-30.00000000000003,43.00000000000029,12.40000000000023,-89.99999999999983,-60.00000000000002,-20.000000000000007,-10.000000000000028,-40.000000000000014,-30.00000000000002
1112500,25,'',30.40000000000026,22.600000000000243,37.60000000000028,58.00000000000033,2.8000000000002343,34.00000000000027,59.20000000000033,23.800000000000246,13.00000000000023,10.60000000000023,28.000000000000256,58.00000000000033,-9.999999999999998,27.400000000000254,-20.000000000000004,21.40000000000024,64.60000000000034,52.00000000000031,31.600000000000264,11.20000000000023,1.0000000000002274,29.20000000000026,10.60000000000023,17.80000000000023,44.800000000000296
1125000,25,'',51.40000000000031,16.000000000000227,-9.999999999999998,16.60000000000023,31.000000000000263,53.200000000000315,23.800000000000246,-20.000000000000007,40.000000000000284,38.20000000000028,-20.000000000000007,34.00000000000027,42.40000000000029,31.000000000000263,58.00000000000033,11.20000000000023,11.20000000000023,43.60000000000029,56.20000000000032,42.40000000000029,44.800000000000296,-30.000000000000004,34.00000000000027,52.00000000000031,41.20000000000029
1137500,25,'',10.60000000000023,6.400000000000233,-40.00000000000002,21.40000000000024,-50.000000000000036,-9.999999999999998,2.2000000000002355,-50.00000000000001,-20.000000000000032,-9.999999999999998,-40.000000000000036,57.400000000000325,79.0000000000002,-20.000000000000043,22.00000000000024,-30.000000000000036,-10.000000000000002,-9.999999999999998,53.200000000000315,-10.000000000000004,-50.00000000000002,76.60000000000022,-20.000000000000007,-9.999999999999998,-10.00000000000002
1150000,25,'',-60.00000000000003,-9.999999999999998,61.000000000000334,27.400000000000254,22.600000000000243,36.400000000000276,75.40000000000023,39.40000000000028,42.40000000000029,52.600000000000314,5.800000000000203,46.0000000000003,4.600000000000209,-10.000000000000002,-50.00000000000002,55.00000000000032,17.20000000000023,-20.00000000000003,47.2000000000003,44.200000000000294,21.40000000000024,48.400000000000304,11.20000000000023,47.8000000000003,-69.99999999999999
1162500,25,'',-30.00000000000003,-89.99999999999976,-9.999999999999918,-69.99999999999996,-50.00000000000004,-30.000000000000004,-60.000000000000036,2.2000000000002125,-69.99999999999983,-99.99999999999974,-89.99999999999986,-99.99999999999979,-89.99999999999983,-69.99999999999997,-60.00000000000002,-59.99999999999999,-9.999999999999998,-99.99999999999979,-40.00000000000001,-99.99999999999977,-69.99999999999997,-20.000000000000018,19.000000000000234,-69.99999999999999,-89.99999999999989
1175000,25,'',-40.00000000000004,-79.99999999999991,83.20000000000016,41.80000000000029,4.600000000000234,-30.000000000000036,20.80000000000024,25.00000000000025,-50.00000000000004,-30.000000000000014,-50.00000000000003,1.0000000000002274,24.400000000000247,-30.000000000000014,25.60000000000025,20.80000000000024,-50.000000000000036,24.400000000000247,-99.99999999999972,11.20000000000023,15.400000000000228,58.00000000000033,-89.99999999999982,-40.000000000000014,-40.000000000000036
1187500,25,'',-89.99999999999969,-69.99999999999996,2.800000000000235,-89.99999999999969,-79.99999999999987,-70.00000000000004,-40.00000000000004,59.20000000000033,-79.9999999999999,-40.000000000000036,-40.00000000000004,-30.000000000000025,-30.000000000000014,-79.9999999999999,-50.00000000000004,-89.99999999999976,-50.000000000000036,-40.000000000000036,-79.9999999999998,-9.999999999999998,-69.99999999999993,-30.000000000000025,-20.00000000000001,-89.99999999999972,62.20000000000034
1200000,25,'',-79.99999999999986,-20.00000000000001,-19.999999999999957,-60.00000000000002,79.0000000000002,-89.99999999999983,-39.99999999999978,-89.99999999999999,-10.0,-70.00000000000003,-50.000000000000036,-20.000000000000007,-79.99999999999993,-99.99999999999987,-99.99999999999979,-60.00000000000004,-99.99999999999976,-100.00000000000004,-60.000000000000036,-60.00000000000001,20.80000000000024,1.600000000000314,-99.99999999999979,-99.99999999999974,-99.99999999999982
1212500,25,'',-79.99999999999983,3.400000000000235,-60.00000000000002,13.00000000000023,-30.000000000000036,-9.999999999999998,-40.000000000000036,-20.0,-20.000000000000007,-30.0,-30.00000000000003,-69.99999999999997,16.60000000000023,-40.00000000000003,-60.000000000000014,-69.99999999999999,-10.0,-50.000000000000036,-40.00000000000004,-40.00000000000003,-89.99999999999987,-69.99999999999997,-89.99999999999977,-79.99999999999986,-30.00000000000001
1225000,25,'',20.80000000000024,27.400000000000254,30.40000000000026,56.800000000000324,82.00000000000017,88.00000000000011,81.40000000000018,7.000000000000233,56.800000000000324,95.20000000000005,-60.00000000000004,-30.000000000000018,-10.0,-30.000000000000014,-30.000000000000032,88.00000000000011,48.400000000000304,-40.000000000000036,46.0000000000003,60.40000000000033,2.800000000000235,26.20000000000025,76.60000000000022,88.60000000000011,66.40000000000032
1237500,25,'',8.200000000000232,-50.00000000000002,-70.0,-10.000000000000004,-40.000000000000014,19.600000000000236,60.40000000000033,44.200000000000294,16.60000000000023,-20.0,49.000000000000306,-60.000000000000014,-20.000000000000007,-20.0,5.200000000000234,94.60000000000005,30.40000000000026,26.800000000000253,27.400000000000254,-50.00000000000002,52.600000000000314,3.400000000000235,-10.000000000000002,26.800000000000253,65.80000000000032
1250000,25,'',-10.00000000000001,-10.000000000000037,23.800000000000246,25.60000000000025,-79.99999999999987,56.800000000000324,-79.99999999999986,-30.000000000000036,17.80000000000023,-9.999999999999998,-20.0,-9.999999999999998,-79.99999999999986,2.8000000000002316,-60.0,-30.000000000000018,7.000000000000233,-20.000000000000007,2.8000000000002343,38.20000000000028,-40.00000000000004,-40.00000000000003,-60.00000000000003,-30.000000000000004,-69.99999999999997
1262500,25,'',34.00000000000027,-9.999999999999998,21.40000000000024,-20.000000000000004,26.20000000000025,-50.000000000000036,-40.00000000000003,2.2000000000002338,1.600000000000211,-20.00000000000003,-40.00000000000003,41.20000000000029,18.400000000000233,-30.00000000000002,44.200000000000294,24.400000000000247,8.800000000000232,11.20000000000023,21.40000000000024,-40.00000000000004,5.800000000000233,34.60000000000027,11.20000000000023,19.000000000000234,-20.000000000000007
1275000,25,'',-69.99999999999984,-69.99999999999977,34.60000000000027,-50.00000000000002,-69.99999999999991,-40.000000000000014,-79.99999999999993,40.000000000000284,-30.0,-30.00000000000002,-69.99999999999979,-30.000000000000014,-50.00000000000003,-40.000000000000036,24.400000000000247,-40.00000000000003,-30.000000000000014,-79.9999999999999,-60.00000000000004,-40.00000000000003,-40.000000000000014,-20.000000000000014,-40.000000000000036,-50.000000000000036,-20.000000000000004
1287500,25,'',-30.000000000000036,-50.00000000000003,-50.00000000000004,-20.000000000000004,-89.9999999999998,17.80000000000023,-9.999999999999998,-10.000000000000009,-30.000000000000043,-50.00000000000004,-20.000000000000043,-49.99999999999998,28.600000000000257,-20.00000000000001,-10.0,23.200000000000244,-20.0,-69.99999999999996,-40.00000000000003,-30.00000000000002,-20.000000000000036,35.20000000000027,-20.00000000000001,-69.99999999999972,-10.0
1300000,25,'',27.400000000000254,-10.000000000000044,1.6000000000002341,-10.0,13.600000000000229,31.000000000000263,-10.000000000000009,-30.00000000000003,43.60000000000029,-69.99999999999997,-20.000000000000007,31.600000000000264,21.40000000000024,2.800000000000235,-30.000000000000036,-10.000000000000009,48.400000000000304,-40.00000000000002,19.000000000000234,16.000000000000227,-40.00000000000002,24.400000000000247,-9.999999999999998,10.000000000000231,-40.000000000000036
1312500,25,'',0.4000000000002366,44.800000000000296,70.00000000000028,47.8000000000003,-40.00000000000004,29.80000000000026,-30.00000000000002,10.00000000000022,16.000000000000227,-50.00000000000004,51.40000000000031,-30.000000000000025,-40.00000000000002,-30.00000000000002,16.000000000000227,-20.0,52.00000000000031,17.80000000000023,-20.000000000000043,2.800000000000235,52.600000000000314,-40.000000000000036,-30.00000000000003,26.20000000000025,74.20000000000024
1325000,25,'',49.000000000000306,-30.000000000000025,-40.000000000000014,44.200000000000294,10.60000000000023,-20.00000000000002,31.000000000000263,16.60000000000023,-10.000000000000007,65.20000000000033,-60.000000000000036,67.6000000000003,-40.00000000000003,-9.999999999999998,-30.000000000000018,44.800000000000296,7.600000000000218,23.800000000000246,20.200000000000237,-50.000000000000014,17.80000000000023,38.20000000000028,68.8000000000003,-30.00000000000002,82.00000000000017
1337500,25,'',-10.000000000000005,-20.000000000000014,71.80000000000027,-30.00000000000003,-20.00000000000001,28.600000000000257,1.0000000000002363,-50.000000000000036,-50.000000000000014,11.20000000000023,-80.0,-20.00000000000001,63.40000000000034,11.80000000000023,-70.0,19.600000000000236,-20.00000000000001,0.4000000000002366,10.000000000000231,17.20000000000023,-9.999999999999998,-40.00000000000002,9.400000000000231,1.6000000000002146,15.400000000000228
1350000,25,'',-40.00000000000003,38.20000000000028,10.60000000000023,-10.0,-50.000000000000036,-40.00000000000003,2.2000000000002355,8.200000000000232,-19.999999999999996,-40.00000000000003,0.40000000000023306,-20.000000000000007,46.0000000000003,3.400000000000235,25.60000000000025,-40.000000000000014,-9.999999999999998,18.400000000000233,5.800000000000233,26.20000000000025,37.00000000000028,28.000000000000256,-40.00000000000002,24.400000000000247,34.00000000000027
1362500,25,'',-50.00000000000004,50.20000000000031,-60.00000000000004,-20.000000000000004,-20.00000000000002,19.600000000000236,-20.00000000000001,2.2000000000002355,-30.000000000000014,7.000000000000233,-40.000000000000036,2.8000000000002316,-10.000000000000009,-20.000000000000014,-40.000000000000036,-30.000000000000025,-10.000000000000007,-20.0,-30.0,-40.00000000000002,-50.00000000000003,-60.00000000000004,-20.000000000000007,-69.99999999999997,-19.999999999999996
1375000,25,'',68.2000000000003,52.600000000000314,-10.00000000000003,-20.0,-10.0,23.200000000000244,13.600000000000229,10.60000000000023,71.20000000000027,0.4000000000002011,43.00000000000029,-69.99999999999996,28.600000000000257,16.60000000000023,2.2000000000002355,41.80000000000029,31.000000000000263,-30.000000000000036,60.40000000000033,-10.000000000000009,64.00000000000034,34.00000000000027,34.00000000000027,67.00000000000031,-50.00000000000003
1387500,25,'',34.00000000000027,-9.999999999999998,-40.000000000000036,4.600000000000218,-9.999999999999998,7.00000000000022,29.80000000000026,30.40000000000026,-30.00000000000002,-50.000000000000036,-20.000000000000007,19.000000000000234,-30.000000000000036,3.400000000000235,-30.00000000000003,4.000000000000224,-20.000000000000007,-30.000000000000014,44.200000000000294,10.60000000000023,-10.0,21.40000000000024,16.60000000000023,41.80000000000029,-20.00000000000004
1400000,25,'',-9.999999999999998,-89.99999999999977,-99.99999999999982,-60.00000000000002,-50.00000000000002,8.80000000000021,-60.000000000000014,-89.99999999999976,-89.99999999999987,-70.0,-49.99999999999997,-60.00000000000004,-30.00000000000003,-30.000000000000014,-79.99999999999993,-99.9999999999998,-50.00000000000004,-69.99999999999991,-49.9999999999999,-79.99999999999986,-50.00000000000003,-79.9999999999999,-40.00000000000004,-79.99999999999984,-30.000000000000025
1412500,25,'',-9.999999999999998,37.00000000000028,-20.000000000000018,38.20000000000028,46.0000000000003,-10.000000000000027,9.400000000000231,-20.00000000000001,2.800000000000235,-30.00000000000002,45.4000000000003,-1.7763568394002505e-15,39.40000000000028,17.80000000000023,26.800000000000253,-9.999999999999998,65.20000000000033,73.00000000000026,39.40000000000028,27.400000000000254,49.000000000000306,19.600000000000236,38.80000000000028,29.80000000000026,1.0000000000002096
1425000,25,'',-40.00000000000003,-20.000000000000007,14.800000000000228,-9.999999999999998,-30.00000000000002,-30.000000000000036,-50.00000000000004,-20.000000000000007,-50.000000000000036,-60.00000000000004,-50.00000000000004,-50.00000000000002,-70.0,-30.000000000000032,-30.000000000000036,-50.00000000000002,-40.00000000000001,-40.00000000000003,-69.99999999999997,-9.999999999999998,-50.00000000000003,-60.000000000000036,15.400000000000228,-20.0,-60.000000000000036
1437500,25,'',43.00000000000029,-10.0,-20.00000000000001,38.20000000000028,-50.000000000000014,25.00000000000025,60.40000000000033,20.200000000000237,-20.000000000000025,-20.000000000000036,55.60000000000032,5.200000000000234,5.80000000000021,-40.000000000000036,25.60000000000025,16.000000000000227,-40.00000000000003,26.20000000000025,-79.99999999999984,0.40000000000021174,66.40000000000032,-70.00000000000001,1.6000000000002217,25.00000000000025,20.80000000000024
1450000,25,'',-89.99999999999993,-90.00000000000001,-90.00000000000001,-99.99999999999987,-90.00000000000001,-79.9999999999999,-99.99999999999993,-100.00000000000004,-90.00000000000001,-60.00000000000004,-89.99999999999984,-90.00000000000001,-99.9999999999998,-89.99999999999987,-69.99999999999999,-79.99999999999997,-79.99999999999987,-89.9999999999999,-89.99999999999993,-89.99999999999991,-89.99999999999987,-89.99999999999987,-90.00000000000001,-89.99999999999993,-90.00000000000001
1462500,25,'',34.00000000000027,43.00000000000029,-10.000000000000037,10.00000000000022,-50.000000000000036,-40.00000000000003,-50.000000000000036,-40.00000000000004,-30.00000000000002,-30.000000000000014,-40.00000000000003,-9.999999999999998,8.800000000000232,-50.000000000000036,-40.000000000000036,14.800000000000228,29.80000000000026,-39.99999999999989,-60.000000000000036,-70.00000000000001,22.600000000000243,-20.0,-69.99999999999999,-50.000000000000036,-30.000000000000018
1475000,25,'',-9.999999999999998,34.60000000000027,3.4000000000002046,4.600000000000234,-40.00000000000002,-40.000000000000036,-40.000000000000014,-10.00000000000001,-30.00000000000003,-60.000000000000036,-50.00000000000004,-10.00000000000003,-20.000000000000007,57.400000000000325,-10.0,29.80000000000026,27.400000000000254,-59.99999999999988,-40.00000000000001,-29.999999999999893,-39.99999999999996,35.800000000000274,23.200000000000244,4.6000000000002075,-89.99999999999977
1487500,25,'',46.6000000000003,84.40000000000015,7.600000000000215,-10.000000000000002,20.80000000000024,64.00000000000034,34.00000000000027,14.800000000000228,27.400000000000254,-79.99999999999993,-30.00000000000002,-20.000000000000007,23.800000000000246,29.80000000000026,-99.99999999999984,22.600000000000243,10.60000000000023,74.20000000000024,26.800000000000253,6.400000000000233,-79.99999999999991,46.0000000000003,-30.000000000000036,57.400000000000325,49.000000000000306
1500000,25,'',-30.000000000000018,35.20000000000027,45.4000000000003,83.20000000000016,53.200000000000315,49.000000000000306,68.8000000000003,15.400000000000228,17.20000000000023,53.80000000000032,-30.00000000000002,37.60000000000028,-30.00000000000002,-9.999999999999998,-9.999999999999998,-50.00000000000004,32.200000000000266,35.20000000000027,-40.00000000000001,35.20000000000027,-30.000000000000004,16.60000000000023,59.80000000000033,47.8000000000003,56.800000000000324
1512500,25,'',-40.00000000000003,-99.99999999999982,-69.99999999999996,-89.99999999999979,-99.99999999999977,-80.0,-89.99999999999983,-89.99999999999982,-60.000000000000014,-30.000000000000036,-89.99999999999979,-89.9999999999998,-89.99999999999983,-89.99999999999982,-89.9999999999998,-89.9999999999998,-60.000000000000014,-89.99999999999982,-20.000000000000007,-89.9999999999998,-89.99999999999984,-89.99999999999987,-89.99999999999983,-89.99999999999984,-89.99999999999983
1525000,25,'',-99.99999999999973,-99.99999999999983,-99.99999999999982,-99.9999999999998,-89.99999999999979,-50.00000000000004,-89.99999999999977,-99.99999999999972,-69.99999999999997,-69.99999999999976,-99.9999999999998,-80.00000000000001,-89.99999999999982,11.20000000000023,-99.99999999999973,-99.99999999999989,-99.99999999999972,-79.99999999999977,-99.99999999999976,-99.9999999999998,-89.99999999999983,-99.99999999999982,-99.99999999999974,-89.99999999999984,-99.99999999999973
1537500,25,'',-90.00000000000001,-99.99999999999999,-99.9999999999999,-99.9999999999999,-100.00000000000004,-99.9999999999999,-100.0,-100.00000000000007,-100.00000000000007,-99.99999999999996,-99.99999999999983,-99.99999999999994,-99.99999999999994,-99.99999999999987,-100.00000000000004,-100.00000000000007,-99.99999999999996,-100.00000000000001,-99.99999999999997,-99.99999999999997,-99.99999999999994,-89.99999999999991,-99.99999999999989,-99.99999999999987,-99.99999999999986
1550000,25,'',-50.00000000000003,-89.9999999999998,-9.999999999999998,-99.99999999999973,-79.99999999999989,-89.99999999999983,3.4000000000002384,-89.99999999999977,-89.99999999999982,-60.00000000000004,-89.99999999999982,-79.99999999999989,-79.99999999999989,-89.99999999999979,-89.9999999999998,-89.99999999999984,-79.9999999999999,-89.99999999999986,-79.99999999999991,20.80000000000024,-79.99999999999989,-89.99999999999982,-50.00000000000004,-79.99999999999989,-79.99999999999989
1562500,25,'',-89.99999999999977,-99.99999999999996,-89.99999999999997,-89.9999999999999,-99.99999999999993,-69.99999999999999,-100.00000000000004,-89.99999999999984,-79.9999999999999,-90.0,-79.99999999999997,-99.99999999999963,-90.00000000000001,-69.99999999999993,-90.00000000000001,-100.00000000000004,-90.00000000000001,-79.9999999999999,-90.00000000000001,-30.000000000000014,-99.99999999999982,-60.00000000000002,-79.99999999999983,-30.00000000000002,-89.99999999999999
1575000,25,'',-69.99999999999999,-50.000000000000036,-60.00000000000002,-30.00000000000002,19.600000000000236,-30.000000000000036,-60.00000000000002,-69.99999999999997,-69.99999999999999,-40.00000000000003,-89.99999999999982,-30.00000000000002,4.000000000000229,-10.0,-69.99999999999994,-40.000000000000036,-40.000000000000014,-69.99999999999999,-79.99999999999991,-79.9999999999999,-69.99999999999996,-60.00000000000002,3.400000000000235,-70.00000000000001,-79.99999999999987
1587500,25,'',-99.99999999999976,-79.99999999999991,-99.99999999999972,-89.9999999999998,-89.9999999999998,-20.000000000000004,-99.99999999999983,-50.000000000000036,-60.000000000000036,-10.000000000000005,-79.99999999999993,-99.9999999999997,-20.000000000000007,-60.00000000000003,-30.00000000000002,-60.00000000000004,-99.99999999999972,-40.00000000000003,-10.0,-99.99999999999972,31.600000000000264,51.40000000000031,-99.99999999999974,-10.0,-99.99999999999977
1600000,25,'',-40.000000000000036,-50.000000000000036,-60.00000000000003,-70.00000000000001,-40.000000000000014,-40.00000000000003,-40.00000000000004,-79.9999999999999,-40.00000000000003,-50.00000000000002,-40.000000000000036,-50.000000000000036,-9.999999999999998,-30.00000000000001,-40.00000000000002,-40.00000000000004,-40.00000000000004,-69.99999999999997,-9.999999999999998,39.40000000000028,-60.00000000000003,-10.0,-40.000000000000014,-60.00000000000003,-70.00000000000003
1612500,25,'',-89.99999999999986,-69.99999999999986,-60.00000000000002,-79.9999999999999,-69.99999999999996,-79.99999999999993,20.200000000000237,-79.99999999999986,-79.99999999999997,-89.99999999999982,-79.99999999999979,-60.00000000000003,-79.99999999999989,-79.99999999999991,-79.99999999999982,-89.99999999999984,-79.99999999999989,-99.99999999999977,-20.000000000000007,46.0000000000003,-79.99999999999989,-79.99999999999991,-79.99999999999994,-40.00000000000004,-70.0
1625000,25,'',-60.00000000000003,-50.00000000000003,-60.00000000000004,-30.00000000000003,-30.000000000000014,-50.00000000000003,-89.99999999999987,-40.00000000000004,-79.99999999999991,-20.00000000000001,-30.00000000000003,-40.00000000000003,-69.99999999999993,-50.00000000000003,-50.00000000000003,40.600000000000286,-30.00000000000003,-40.000000000000036,-50.00000000000003,-79.9999999999999,-60.00000000000002,-30.000000000000036,-30.000000000000025,-60.00000000000003,-50.000000000000036
1637500,25,'',34.60000000000027,-50.00000000000003,-40.00000000000004,-70.0,57.400000000000325,-69.99999999999997,28.600000000000257,-9.999999999999998,-50.00000000000003,-40.00000000000002,-30.00000000000003,-60.000000000000036,-30.00000000000002,-9.999999999999998,4.000000000000236,-40.00000000000001,-30.00000000000003,-79.99999999999987,-20.00000000000002,-20.000000000000018,-89.99999999999983,-10.000000000000023,63.40000000000034,-40.00000000000004,30.40000000000026
1650000,25,'',-20.000000000000036,-49.99999999999992,-79.99999999999991,-10.000000000000023,-9.999999999999998,-30.00000000000004,-50.00000000000002,-49.99999999999997,-50.000000000000014,-89.99999999999984,-30.00000000000003,-50.00000000000003,-50.00000000000003,-40.00000000000003,-69.99999999999993,-20.000000000000007,-69.99999999999997,-50.000000000000036,-89.9999999999998,-50.00000000000003,-40.00000000000002,-20.000000000000018,-40.000000000000036,-60.000000000000014,-60.00000000000002
1662500,25,'',-40.000000000000036,-50.000000000000036,-69.99999999999999,13.600000000000229,35.20000000000027,-20.000000000000007,-69.99999999999997,-60.00000000000002,-69.99999999999997,-20.000000000000014,-30.00000000000003,19.000000000000234,-60.00000000000004,-30.000000000000025,-89.99999999999984,-50.00000000000002,-30.000000000000014,-40.00000000000004,-60.000000000000036,-50.000000000000036,-30.00000000000003,-10.000000000000007,-10.0,-30.000000000000025,-59.99999999999987
1675000,25,'',-70.0,-79.9999999999999,-50.000000000000014,-69.99999999999997,-60.000000000000014,-50.000000000000014,-79.99999999999989,-50.00000000000002,-60.00000000000004,-79.9999999999999,-79.9999999999999,-70.0,-60.0,-89.99999999999977,-69.99999999999997,-50.000000000000036,-30.000000000000014,-50.000000000000036,-69.9999999999999,-49.99999999999998,-79.9999999999999,-89.99999999999977,-79.99999999999991,-79.99999999999987,-89.9999999999998
1687500,25,'',59.20000000000033,-79.99999999999991,-30.00000000000002,-50.00000000000004,-50.00000000000003,-30.000000000000036,-20.000000000000007,16.000000000000227,-50.000000000000036,-40.000000000000014,-70.0,34.00000000000027,-50.00000000000002,-50.00000000000002,-30.000000000000036,-9.999999999999998,-40.000000000000036,-30.000000000000025,-30.00000000000003,-30.00000000000003,-50.00000000000002,-40.00000000000003,1.6000000000002341,-9.999999999999998,7.000000000000233
1700000,25,'',-89.99999999999986,-50.00000000000002,-40.000000000000036,-50.000000000000014,-20.000000000000004,-60.00000000000003,-40.00000000000003,79.6000000000002,-69.99999999999999,-79.99999999999986,-40.000000000000036,-19.999999999999996,-30.000000000000004,-79.99999999999987,-89.99999999999983,-79.99999999999993,-79.99999999999987,-69.99999999999999,-79.9999999999999,-79.99999999999991,-40.000000000000036,-89.99999999999986,-50.000000000000036,-30.00000000000003,42.40000000000029
1712500,25,'',-40.000000000000036,-30.000000000000014,32.200000000000266,-40.00000000000004,-60.00000000000004,61.000000000000334,-20.000000000000018,-30.000000000000036,25.60000000000025,25.60000000000025,25.00000000000025,-69.99999999999997,-30.000000000000014,-60.00000000000004,-30.000000000000014,-70.0,-30.000000000000025,-40.000000000000036,-40.00000000000004,-50.00000000000003,-9.999999999999998,25.00000000000025,74.20000000000024,-40.000000000000036,-50.000000000000014
1725000,25,'',-40.000000000000036,-40.00000000000002,-40.00000000000004,48.400000000000304,-9.999999999999998,-40.00000000000003,-9.999999999999998,-30.000000000000036,-40.00000000000004,21.40000000000024,55.60000000000032,-40.00000000000002,42.40000000000029,29.20000000000026,-40.00000000000004,-50.00000000000003,-9.999999999999998,-40.00000000000002,-30.00000000000002,-20.000000000000007,-20.000000000000007,49.60000000000031,-30.000000000000036,-40.00000000000003,4.600000000000234
1737500,25,'',-69.99999999999996,-79.9999999999999,-79.99999999999989,-79.99999999999989,-40.00000000000003,-30.000000000000018,-60.00000000000002,-20.000000000000007,-69.99999999999999,-50.000000000000036,-60.000000000000036,-79.9999999999999,-50.00000000000004,-60.00000000000003,-50.00000000000002,-79.99999999999991,35.20000000000027,-60.00000000000003,-50.00000000000002,-30.000000000000018,-50.00000000000003,-60.00000000000001,-89.9999999999998,-30.000000000000025,-79.9999999999999
1750000,25,'',21.40000000000024,16.000000000000227,9.400000000000231,7.600000000000227,7.600000000000232,4.600000000000234,56.800000000000324,14.200000000000228,-20.00000000000002,56.20000000000032,-9.999999999999998,51.40000000000031,-20.000000000000032,52.00000000000031,-50.00000000000002,-50.000000000000036,50.20000000000031,36.400000000000276,-20.0,-50.00000000000004,-10.000000000000005,39.40000000000028,69.40000000000029,-60.00000000000004,29.80000000000026
1762500,25,'',-89.99999999999983,-70.00000000000001,-30.00000000000003,-50.00000000000003,-30.000000000000043,-79.99999999999989,-40.00000000000003,-50.000000000000036,-9.999999999999998,-69.99999999999997,-79.99999999999989,-89.9999999999998,-60.000000000000036,-79.99999999999987,-79.9999999999999,-40.000000000000036,-60.00000000000003,2.800000000000221,-60.000000000000036,-79.9999999999999,-20.0,-69.99999999999994,-89.99999999999986,-79.99999999999991,-69.99999999999996
1775000,25,'',-99.99999999999977,-89.99999999999984,-99.99999999999976,-99.99999999999972,-99.99999999999979,-99.99999999999974,-99.99999999999983,-99.99999999999974,-69.99999999999999,-99.99999999999977,-89.99999999999982,-99.99999999999979,-99.99999999999983,-99.99999999999977,-99.99999999999974,-99.99999999999982,-89.99999999999983,-89.9999999999998,-89.99999999999983,-99.99999999999977,-89.99999999999984,-79.99999999999991,-89.99999999999979,-99.99999999999974,-99.99999999999979
1787500,25,'',-89.99999999999983,-79.9999999999999,-89.99999999999982,-89.99999999999983,-79.99999999999989,-79.99999999999987,-79.99999999999991,-79.99999999999991,-89.99999999999983,-79.99999999999989,-79.99999999999989,-69.99999999999997,-30.00000000000003,-89.99999999999982,-89.99999999999979,-69.99999999999996,-79.99999999999989,-89.99999999999982,-99.9999999999998,-89.99999999999984,-89.99999999999986,-69.99999999999996,-79.9999999999999,-89.99999999999989,-60.00000000000003
1800000,25,'',1.6000000000002164,-9.999999999999998,-70.0,-50.00000000000003,-30.000000000000043,-9.999999999999998,34.00000000000027,-30.00000000000003,-40.00000000000004,-30.00000000000003,25.60000000000025,-50.00000000000003,-70.0,-50.00000000000004,-40.000000000000036,-89.99999999999987,-60.00000000000003,-20.000000000000007,-50.000000000000014,-20.000000000000007,-40.000000000000036,-30.00000000000003,-20.000000000000007,17.20000000000023,-50.00000000000003
1812500,25,'',-79.9999999999999,-79.9999999999999,-10.000000000000018,-60.00000000000003,-79.99999999999989,-79.99999999999993,-50.000000000000014,-89.99999999999984,-89.9999999999999,-89.9999999999999,-50.000000000000014,-79.9999999999999,-69.99999999999996,-89.9999999999998,-60.00000000000003,-60.00000000000002,-50.00000000000003,-60.00000000000003,-90.00000000000001,-89.9999999999999,-79.99999999999991,-89.99999999999984,-89.99999999999984,-69.99999999999999,-89.99999999999986
1825000,25,'',-20.000000000000004,-79.99999999999983,-40.000000000000014,-20.000000000000014,-69.99999999999999,19.600000000000236,-30.00000000000002,-70.0,-30.000000000000043,-79.99999999999987,-30.000000000000007,-40.00000000000003,-50.00000000000004,-60.00000000000004,-50.000000000000036,-40.00000000000003,-20.000000000000007,-40.000000000000036,19.000000000000234,-50.00000000000003,35.20000000000027,-79.99999999999989,-60.00000000000003,-40.00000000000003,-79.99999999999979
1837500,25,'',-60.000000000000036,-89.99999999999982,-99.99999999999976,-89.99999999999986,-99.9999999999998,-89.9999999999998,-99.99999999999979,-40.00000000000004,-79.99999999999993,-60.00000000000004,-89.9999999999998,-79.99999999999963,-99.99999999999976,-60.00000000000001,-89.9999999999998,-79.99999999999989,-99.99999999999982,-99.99999999999977,-89.9999999999998,-89.99999999999986,-79.99999999999989,-89.9999999999998,-69.99999999999996,-79.99999999999989,-50.000000000000036
1850000,25,'',-10.0,-10.000000000000005,-69.99999999999986,-70.0,-30.00000000000002,23.800000000000246,-30.00000000000003,-50.000000000000036,-40.00000000000004,-30.00000000000003,-20.000000000000007,25.00000000000025,-30.000000000000007,17.80000000000023,-30.00000000000002,-60.00000000000004,29.20000000000026,62.80000000000034,5.200000000000234,13.00000000000023,-30.00000000000002,-59.999999999999986,17.80000000000023,-1.0658141036401503e-14,-69.99999999999996
1862500,25,'',57.400000000000325,-40.00000000000004,-50.00000000000003,3.400000000000235,-50.000000000000036,-50.000000000000014,-60.00000000000003,-9.999999999999998,19.000000000000234,-69.99999999999997,-40.00000000000004,-20.000000000000004,-30.00000000000003,25.00000000000025,-30.000000000000036,25.00000000000025,-40.00000000000003,-30.000000000000032,-20.000000000000007,-60.00000000000003,-10.0,-50.00000000000004,25.00000000000025,-30.000000000000025,-30.000000000000032
1875000,25,'',-40.00000000000002,-20.000000000000007,-69.99999999999999,-10.000000000000037,-50.00000000000004,-30.000000000000036,-60.000000000000036,-20.000000000000004,-50.00000000000004,-40.00000000000003,-50.00000000000004,-40.00000000000004,-69.99999999999999,-69.99999999999999,-99.99999999999977,-60.00000000000002,-60.000000000000036,-60.00000000000003,-30.00000000000002,-69.99999999999997,-50.00000000000003,-30.00000000000003,-40.000000000000036,-20.000000000000007,-50.00000000000003
1887500,25,'',-99.99999999999977,-79.99999999999987,-50.00000000000004,-89.99999999999983,-60.00000000000003,-89.99999999999979,-69.99999999999996,-70.0,-89.99999999999982,-89.9999999999998,-79.99999999999991,-79.99999999999994,-89.99999999999983,-79.99999999999986,-40.00000000000004,-60.000000000000036,-69.99999999999997,-69.99999999999997,-89.99999999999977,-60.00000000000002,-40.000000000000036,-69.9999999999999,-60.000000000000036,-60.00000000000004,-89.99999999999979
1900000,25,'',-40.000000000000036,-50.000000000000036,-9.999999999999998,33.40000000000027,24.400000000000247,-60.00000000000004,-50.000000000000036,1.7763568394002505e-15,-79.9999999999999,-50.00000000000001,-30.000000000000036,51.40000000000031,-60.000000000000036,-69.99999999999999,7.600000000000232,-50.000000000000036,-50.000000000000036,-50.00000000000004,-30.00000000000002,-40.00000000000002,-40.00000000000002,-30.000000000000036,3.400000000000235,-40.00000000000004,-20.000000000000007
1912500,25,'',-69.99999999999997,-69.99999999999997,-9.999999999999998,-89.99999999999979,-70.0,-79.99999999999989,-79.99999999999991,-89.99999999999983,-79.9999999999999,-40.00000000000003,-79.99999999999983,-69.99999999999997,-59.99999999999998,-89.9999999999998,-69.99999999999999,-69.99999999999997,-50.000000000000036,-79.99999999999987,-79.99999999999989,-69.99999999999999,-89.99999999999986,-50.00000000000002,-79.99999999999986,-60.00000000000003,-60.00000000000004
1925000,25,'',-89.99999999999977,-99.99999999999974,-79.9999999999999,-89.99999999999982,-69.99999999999996,-79.9999999999999,-50.000000000000036,-89.99999999999983,-79.99999999999989,-89.99999999999982,-99.99999999999974,-79.99999999999987,-79.99999999999989,-79.99999999999993,-79.99999999999986,-89.99999999999983,-99.99999999999973,-69.99999999999996,-79.99999999999989,-60.000000000000014,-99.99999999999974,-89.99999999999982,-99.99999999999979,-89.99999999999976,-70.0
1937500,25,'',-69.99999999999996,-60.00000000000003,-69.99999999999999,-60.00000000000003,-60.00000000000003,-89.99999999999983,-40.00000000000003,-60.00000000000002,-30.00000000000003,-20.000000000000007,-79.99999999999989,-30.00000000000004,-30.00000000000003,-60.00000000000002,-79.99999999999989,14.800000000000228,-59.999999999999886,-59.999999999999986,-89.99999999999983,-69.99999999999996,-50.00000000000004,-19.999999999999957,-20.00000000000003,-69.99999999999991,-40.000000000000036
1950000,25,'',-60.00000000000002,-60.000000000000036,-99.9999999999997,-89.9999999999998,-50.00000000000004,-69.99999999999986,-30.000000000000036,-89.99999999999977,-60.00000000000002,-70.0,-69.99999999999986,-30.000000000000036,-50.00000000000004,-69.99999999999996,-40.00000000000004,-59.999999999999865,-40.00000000000004,-89.99999999999982,-60.00000000000004,-10.000000000000007,-69.99999999999996,-40.000000000000036,-59.99999999999987,-79.99999999999983,-99.99999999999973
1962500,25,'',-69.99999999999996,-40.000000000000036,-30.000000000000036,-30.000000000000018,-60.000000000000014,-50.00000000000004,-69.99999999999997,-50.00000000000003,-69.99999999999996,-10.0,-9.999999999999998,8.200000000000232,-79.99999999999989,-69.99999999999994,12.40000000000023,-50.000000000000036,-30.000000000000025,-20.000000000000007,6.400000000000233,-20.000000000000025,-69.99999999999999,-20.000000000000014,-60.000000000000036,-20.000000000000025,-20.000000000000004
1975000,25,'',13.00000000000023,81.40000000000018,-20.000000000000004,-30.00000000000002,-20.000000000000007,35.20000000000027,48.400000000000304,-30.000000000000032,-9.999999999999998,32.200000000000266,-30.00000000000003,55.00000000000032,81.40000000000018,17.80000000000023,-9.999999999999998,-40.00000000000004,61.600000000000335,52.600000000000314,22.00000000000024,-20.000000000000007,-9.999999999999998,40.000000000000284,80.20000000000019,-20.000000000000004,39.40000000000028
1987500,25,'',-99.99999999999977,-89.99999999999977,-89.99999999999986,-89.99999999999991,-69.99999999999997,-99.99999999999976,-89.99999999999987,-99.99999999999972,-99.99999999999979,-99.99999999999974,-89.99999999999984,-99.99999999999974,-99.99999999999972,-99.99999999999977,-99.99999999999976,-99.99999999999974,-79.9999999999999,-89.99999999999977,-99.99999999999973,-99.9999999999998,-99.99999999999976,-99.99999999999976,-99.99999999999976,-99.99999999999979,-99.99999999999982
2000000,25,'',-79.99999999999991,25.60000000000025,-60.000000000000036,-60.00000000000002,-60.00000000000002,-69.99999999999999,-60.00000000000004,-30.00000000000002,-40.000000000000036,-40.00000000000004,-50.00000000000004,-50.00000000000004,-70.0,-40.00000000000003,-50.000000000000036,-79.99999999999987,-79.99999999999989,-60.00000000000004,-69.99999999999999,-10.000000000000014,-69.99999999999999,-9.999999999999998,7.600000000000232,-60.00000000000001,-70.00000000000001
2012500,25,'',-70.0,-99.9999999999998,-99.99999999999976,-99.99999999999977,-99.99999999999973,-89.99999999999984,-79.99999999999989,-89.99999999999982,-99.99999999999977,-79.99999999999986,-99.99999999999977,-99.99999999999974,-99.99999999999977,-99.99999999999974,-99.99999999999974,-79.9999999999999,-69.99999999999996,-99.99999999999982,-99.99999999999972,-89.99999999999983,-99.9999999999998,-79.99999999999989,-99.99999999999979,-89.99999999999983,-99.99999999999984
2025000,25,'',-79.99999999999989,-40.000000000000014,-69.99999999999999,-69.99999999999996,-69.99999999999997,-69.99999999999997,-60.000000000000014,-79.99999999999989,-69.99999999999999,-50.00000000000003,-79.9999999999999,-69.99999999999999,-30.00000000000003,-60.00000000000003,-50.000000000000036,-60.00000000000003,-69.99999999999997,-79.99999999999989,-79.99999999999991,-60.000000000000036,-60.000000000000014,-79.99999999999991,-69.99999999999997,-70.00000000000001,-89.99999999999983
2037500,25,'',-10.000000000000002,-60.000000000000036,-30.000000000000043,8.200000000000232,-79.99999999999972,-10.0,-60.000000000000036,-40.000000000000014,-60.00000000000003,-79.9999999999999,-20.000000000000007,-69.99999999999997,42.40000000000029,-60.000000000000014,-60.000000000000036,-60.00000000000002,-20.0,-9.999999999999998,8.800000000000232,-30.000000000000018,-60.000000000000036,-40.00000000000004,-40.00000000000004,-60.00000000000002,50.20000000000031
2050000,25,'',-30.000000000000036,-50.00000000000003,-69.99999999999997,-30.00000000000003,-40.00000000000004,61.000000000000334,-50.00000000000004,-40.000000000000036,2.2000000000001947,-60.00000000000002,40.600000000000286,-40.00000000000002,-30.00000000000003,53.80000000000032,-40.000000000000036,-50.00000000000004,-20.000000000000007,-70.0,-70.00000000000001,-40.00000000000004,62.20000000000034,-50.00000000000002,-40.000000000000036,-50.000000000000036,-30.000000000000036
2062500,25,'',-69.99999999999996,-60.000000000000014,-60.00000000000002,-20.000000000000004,-69.99999999999999,-60.00000000000004,-60.000000000000014,-40.00000000000002,59.20000000000033,-50.00000000000004,-40.00000000000002,18.400000000000233,-9.999999999999998,-60.000000000000014,-50.00000000000002,-60.000000000000014,-69.99999999999999,-40.000000000000014,-30.000000000000004,-40.00000000000002,-20.000000000000007,48.400000000000304,-50.00000000000003,-20.000000000000004,-20.0
2075000,25,'',-50.00000000000003,36.400000000000276,-40.000000000000036,-30.00000000000003,-30.000000000000014,-69.99999999999999,-69.99999999999997,-9.999999999999998,-50.00000000000004,-40.00000000000004,-40.00000000000003,-79.99999999999986,-60.00000000000003,-69.99999999999997,-79.99999999999997,-69.99999999999997,-50.00000000000003,-60.0,-40.00000000000003,-60.00000000000004,-10.000000000000002,-40.000000000000036,-20.000000000000007,-60.00000000000003,-79.99999999999986
2087500,25,'',-60.00000000000004,-79.99999999999989,-60.00000000000003,-60.000000000000036,-70.0,-69.99999999999999,-69.99999999999999,-69.99999999999997,-40.000000000000036,-60.00000000000003,-60.000000000000036,-40.00000000000004,-60.00000000000003,-60.00000000000001,-79.99999999999989,-40.000000000000036,-69.99999999999999,-69.99999999999999,-79.99999999999989,-50.00000000000003,-69.99999999999999,-70.0,-60.00000000000002,-60.00000000000003,-30.00000000000003
2100000,25,'',-50.00000000000003,-40.000000000000036,5.800000000000233,-9.999999999999998,4.600000000000234,-40.00000000000004,5.800000000000233,-60.00000000000004,12.400000000000226,-20.000000000000007,-79.99999999999986,-50.00000000000004,51.40000000000031,-30.000000000000043,-30.00000000000002,-60.00000000000004,-30.00000000000003,-40.000000000000036,-40.000000000000036,-60.000000000000014,-9.999999999999998,64.00000000000034,-9.999999999999998,-30.000000000000043,-50.000000000000014
2112500,25,'',-99.99999999999979,-50.00000000000002,-99.99999999999979,-69.99999999999996,-79.99999999999989,-79.99999999999991,-79.99999999999989,-89.9999999999998,-69.99999999999996,-40.000000000000036,-79.99999999999991,-79.99999999999993,-50.00000000000002,-69.99999999999996,-30.00000000000002,-50.00000000000004,-70.0,-69.99999999999996,-70.00000000000001,-79.99999999999989,-69.99999999999996,-40.000000000000036,-69.99999999999996,-60.00000000000003,-79.99999999999987
2125000,25,'',33.40000000000027,-50.000000000000036,13.00000000000023,-40.00000000000004,-40.00000000000004,32.80000000000027,-30.00000000000002,-50.00000000000004,-60.00000000000004,-40.00000000000004,-50.00000000000003,60.40000000000033,-40.00000000000003,-10.000000000000021,-40.00000000000004,63.40000000000034,5.200000000000214,-30.000000000000036,3.4000000000001975,-40.000000000000036,-50.000000000000036,-20.000000000000004,-30.00000000000002,-20.000000000000007,-40.000000000000036
2137500,25,'',13.600000000000229,30.40000000000026,31.600000000000264,28.600000000000257,37.60000000000028,29.80000000000026,12.40000000000023,32.80000000000027,32.200000000000266,-40.00000000000004,-50.000000000000036,25.60000000000025,-30.000000000000043,-50.00000000000003,20.80000000000024,-30.00000000000003,41.80000000000029,-60.000000000000036,-40.00000000000002,-9.999999999999998,25.60000000000025,-30.00000000000002,8.800000000000228,4.000000000000199,-40.000000000000036
2150000,25,'',-40.0,-50.00000000000003,-59.999999999999986,-69.99999999999999,-79.99999999999991,-69.99999999999996,-59.999999999999986,-40.00000000000004,-60.00000000000004,-59.99999999999994,25.60000000000025,-69.99999999999997,-60.0,-79.99999999999994,-49.999999999999986,-60.00000000000001,-79.99999999999997,-30.000000000000025,-69.99999999999999,-69.99999999999994,-40.00000000000004,-59.999999999999986,0.40000000000020997,-69.99999999999999,-60.00000000000001
2162500,25,'',-20.0,25.60000000000025,-30.000000000000014,49.000000000000306,-40.000000000000036,-9.999999999999998,-30.00000000000003,-20.000000000000014,82.60000000000016,13.600000000000229,-9.999999999999998,18.400000000000233,31.600000000000264,22.00000000000024,11.200000000000223,-10.0,53.200000000000315,23.800000000000246,-30.000000000000043,26.800000000000253,-10.000000000000002,-30.000000000000032,-40.00000000000003,64.00000000000034,-30.00000000000003
2175000,25,'',-79.9999999999999,-70.0,-59.999999999999986,-30.00000000000003,-69.99999999999997,-89.9999999999998,-79.99999999999987,-89.9999999999998,-40.00000000000004,-89.99999999999979,-79.9999999999999,-69.99999999999996,-89.99999999999979,-60.00000000000002,-60.00000000000004,-89.99999999999976,-70.0,-89.99999999999982,-50.000000000000036,-69.99999999999996,8.800000000000217,-79.99999999999989,-69.99999999999997,-30.00000000000003,-79.99999999999989
2187500,25,'',-59.999999999999986,-69.99999999999996,-30.000000000000036,-49.99999999999999,-69.99999999999999,-69.99999999999997,-40.00000000000003,-40.000000000000036,2.2000000000002355,-79.99999999999989,-60.000000000000036,5.200000000000234,-60.000000000000036,-20.000000000000007,3.400000000000235,-50.00000000000004,-9.999999999999998,-89.99999999999997,-50.00000000000004,-50.00000000000004,-50.00000000000004,-89.99999999999996,-69.99999999999997,-60.00000000000004,-69.99999999999997
2200000,25,'',-30.000000000000036,-40.000000000000036,-50.00000000000003,-40.00000000000003,-50.00000000000002,-50.00000000000004,-69.99999999999997,-50.00000000000004,-10.000000000000005,-30.00000000000003,29.80000000000026,-60.00000000000003,-60.000000000000036,-60.00000000000003,10.60000000000023,-50.00000000000003,-60.000000000000036,-69.99999999999997,-50.00000000000004,-50.000000000000036,-30.00000000000003,-59.99999999999996,7.600000000000232,-20.000000000000036,-30.000000000000007
2212500,25,'',-20.000000000000004,5.200000000000234,-20.000000000000007,10.60000000000023,-40.00000000000003,17.80000000000023,-40.000000000000014,25.60000000000025,39.40000000000028,19.600000000000236,5.800000000000233,91.00000000000009,34.60000000000027,20.80000000000024,26.800000000000253,-20.00000000000002,-9.999999999999998,38.80000000000028,28.600000000000257,-20.000000000000007,-20.0,1.600000000000236,-30.0,-50.000000000000014,59.80000000000033
2225000,25,'',-40.00000000000004,-50.00000000000004,-9.999999999999998,-30.000000000000043,-40.00000000000004,-40.00000000000003,-60.00000000000004,-10.000000000000016,-50.000000000000036,-20.000000000000018,-20.00000000000002,46.0000000000003,-30.00000000000002,-30.000000000000036,-50.000000000000036,-20.000000000000007,14.200000000000228,-9.999999999999998,-60.00000000000004,-50.00000000000003,25.60000000000025,-40.000000000000036,-30.000000000000043,-50.00000000000004,-10.000000000000004
2237500,25,'',-40.000000000000014,-60.00000000000001,-9.999999999999998,-60.00000000000004,-50.00000000000004,-50.00000000000004,-40.00000000000003,-60.00000000000002,49.000000000000306,-40.00000000000004,-40.00000000000003,41.20000000000029,-50.00000000000004,-69.99999999999997,-30.00000000000003,-10.000000000000018,-30.00000000000003,-89.9999999999998,-69.99999999999999,-50.000000000000014,-69.99999999999999,-40.00000000000004,-40.00000000000004,-60.00000000000004,-40.00000000000003
2250000,25,'',-50.00000000000003,22.00000000000024,21.40000000000024,-20.000000000000007,45.4000000000003,39.40000000000028,-40.00000000000002,-20.000000000000014,19.000000000000234,-9.999999999999998,8.800000000000225,-10.000000000000002,-30.00000000000003,-30.000000000000036,-60.00000000000004,8.200000000000232,-40.00000000000003,43.00000000000029,-40.00000000000003,-30.00000000000002,-50.000000000000036,-20.00000000000002,24.400000000000247,-20.000000000000036,-30.000000000000004
2262500,25,'',-70.0,-40.00000000000004,-50.00000000000004,-70.0,-30.000000000000014,-30.00000000000002,-50.00000000000004,-50.000000000000036,-50.00000000000004,-50.000000000000036,-60.000000000000036,-60.000000000000014,5.200000000000234,-50.00000000000002,-20.000000000000032,-40.00000000000004,-60.000000000000036,-40.000000000000036,-60.000000000000036,-60.00000000000002,-50.00000000000003,-60.00000000000003,-60.00000000000003,-20.000000000000025,-50.000000000000036
2275000,25,'',-99.99999999999976,-99.99999999999982,-99.99999999999979,-89.9999999999998,-99.99999999999979,-79.99999999999987,-70.00000000000001,-99.99999999999976,-79.99999999999987,-99.99999999999976,-99.99999999999977,-50.00000000000004,-99.99999999999973,-50.00000000000004,-60.00000000000002,-99.9999999999998,-99.99999999999973,-79.99999999999989,-99.99999999999974,-10.0,-99.9999999999998,-69.99999999999997,19.000000000000234,-30.00000000000002,-99.99999999999979
2287500,25,'',-69.99999999999997,-69.99999999999997,-30.000000000000043,-70.00000000000001,-40.00000000000003,-69.9999999999999,-79.99999999999982,-79.9999999999999,-79.99999999999983,-79.99999999999982,-40.000000000000036,-60.000000000000036,-60.000000000000014,-10.000000000000009,-40.00000000000004,-69.99999999999963,-40.00000000000003,-50.00000000000004,-30.00000000000003,-20.000000000000007,-10.0,-9.999999999999998,-79.9999999999999,2.8000000000002316,-89.9999999999998
2300000,25,'',-79.99999999999993,-79.9999999999999,-40.000000000000036,-50.00000000000002,-69.99999999999997,-60.00000000000004,-59.99999999999996,17.20000000000023,-60.000000000000036,-69.99999999999997,-89.99999999999976,-69.99999999999996,-99.9999999999997,-69.99999999999997,-50.00000000000004,-50.00000000000003,-30.000000000000036,-50.000000000000036,-40.00000000000003,26.800000000000253,-89.99999999999974,-40.00000000000004,-89.99999999999977,-50.00000000000004,-50.00000000000004
2312500,25,'',-50.00000000000004,-40.00000000000001,-10.0,-60.00000000000004,-79.99999999999986,-50.000000000000036,-40.00000000000004,-20.000000000000014,-30.00000000000002,12.40000000000023,-20.000000000000007,-60.00000000000004,-50.00000000000003,-69.99999999999997,-60.00000000000002,-50.00000000000002,-59.999999999999936,-50.000000000000014,-69.99999999999982,-79.99999999999991,-50.000000000000014,-20.000000000000007,-50.000000000000036,-69.99999999999997,-70.00000000000001
2325000,25,'',-60.00000000000001,-60.000000000000036,-40.00000000000003,-49.99999999999997,-9.999999999999998,-69.99999999999997,34.00000000000027,-9.999999999999998,-40.00000000000003,-60.000000000000036,-50.00000000000001,-50.00000000000004,-60.00000000000001,-20.0,-40.00000000000003,-40.00000000000004,-20.000000000000043,-50.00000000000003,-60.00000000000002,-60.000000000000014,-89.99999999999987,-10.0,-50.000000000000036,-40.00000000000002,-20.0
2337500,25,'',-99.99999999999982,-99.99999999999972,-69.99999999999997,-99.99999999999974,-99.99999999999979,-20.00000000000003,-40.00000000000004,-20.000000000000018,-99.9999999999997,-79.9999999999998,-99.99999999999974,-69.99999999999993,-99.99999999999977,-99.99999999999973,-69.99999999999989,-99.99999999999974,-50.00000000000004,-40.00000000000004,-99.99999999999974,9.400000000000231,-30.000000000000036,-20.00000000000002,-99.99999999999976,-9.999999999999998,-99.99999999999972
2350000,25,'',-69.99999999999997,-89.99999999999979,-79.9999999999999,-20.000000000000036,-50.00000000000004,-89.99999999999979,-89.99999999999979,-60.00000000000004,-89.99999999999979,-79.99999999999987,-60.00000000000003,-69.99999999999997,-89.99999999999984,-89.99999999999974,-89.99999999999979,-59.99999999999984,-79.99999999999986,-70.0,-79.99999999999986,-50.00000000000004,-89.9999999999998,-69.99999999999997,-60.00000000000003,-89.99999999999983,-69.99999999999991
2362500,25,'',46.6000000000003,73.60000000000025,62.20000000000034,64.60000000000034,49.000000000000306,24.400000000000247,52.600000000000314,69.40000000000029,-30.000000000000036,43.00000000000029,-20.000000000000007,50.20000000000031,13.600000000000229,52.600000000000314,29.80000000000026,40.000000000000284,23.800000000000246,22.600000000000243,80.20000000000019,18.400000000000233,21.40000000000024,82.00000000000017,-40.00000000000002,13.00000000000023,62.20000000000034
2375000,25,'',12.40000000000023,-79.99999999999979,-79.99999999999983,-60.00000000000002,-79.99999999999986,-79.9999999999999,-40.000000000000036,-30.000000000000018,-69.99999999999997,-60.00000000000004,-40.00000000000003,-30.000000000000043,-60.00000000000004,-30.00000000000003,-79.99999999999986,-40.00000000000004,-40.000000000000036,-50.000000000000036,-69.99999999999994,-20.000000000000004,-60.000000000000036,-79.99999999999986,-60.000000000000014,-60.000000000000036,-79.99999999999989
2387500,25,'',-10.0,-20.0,11.80000000000023,-50.000000000000036,-40.000000000000036,-89.99999999999986,-20.000000000000007,-40.00000000000003,7.600000000000232,-10.000000000000002,49.000000000000306,-40.00000000000002,29.80000000000026,26.800000000000253,-60.000000000000014,-60.00000000000003,11.80000000000023,-30.00000000000003,-40.00000000000003,61.600000000000335,-60.000000000000036,-20.000000000000014,48.400000000000304,34.60000000000027,-30.000000000000025
2400000,25,'',-99.99999999999973,-89.99999999999986,-50.00000000000003,-99.99999999999987,-99.99999999999979,-89.99999999999977,-69.9999999999998,-99.99999999999982,-79.99999999999989,-99.99999999999973,-99.99999999999977,-89.99999999999986,-99.99999999999979,-99.99999999999973,-79.99999999999991,-99.99999999999977,-79.99999999999993,-99.99999999999979,-79.99999999999986,-20.000000000000004,-99.99999999999977,-49.99999999999986,-99.99999999999969,-99.99999999999972,-79.9999999999998
2412500,25,'',-60.00000000000002,-60.000000000000036,-79.99999999999993,-79.99999999999991,-79.99999999999989,-79.99999999999984,-50.00000000000004,-40.00000000000003,-89.99999999999979,-99.9999999999997,-79.99999999999987,-69.99999999999993,-79.99999999999996,-99.99999999999974,-50.00000000000004,-99.99999999999966,-99.9999999999998,-69.9999999999999,-70.00000000000001,-69.9999999999999,-69.99999999999997,-89.99999999999983,-79.99999999999989,-70.00000000000003,-79.99999999999986
2425000,25,'',-69.99999999999999,-89.9999999999999,-50.00000000000004,-89.99999999999984,-50.00000000000004,-79.99999999999983,-70.00000000000001,-89.9999999999998,-89.99999999999982,-60.00000000000002,-69.99999999999996,-79.99999999999989,-79.99999999999989,-89.99999999999986,-69.99999999999994,-60.00000000000003,-60.00000000000004,-89.99999999999982,-99.99999999999974,-60.00000000000002,-79.9999999999999,-60.00000000000004,-60.000000000000036,-89.99999999999983,-69.99999999999986
2437500,25,'',-40.00000000000004,6.400000000000215,-50.00000000000003,-50.00000000000004,-69.99999999999996,-30.000000000000043,-40.000000000000036,-30.00000000000002,-20.000000000000004,-69.99999999999997,-30.000000000000043,-50.00000000000004,-70.00000000000001,-69.99999999999999,-30.000000000000032,-50.000000000000036,-40.00000000000003,-30.000000000000036,-60.00000000000004,-50.000000000000036,-10.000000000000018,-90.00000000000001,-50.00000000000004,-9.999999999999998,-30.00000000000003
2450000,25,'',-70.0,-60.000000000000036,-89.99999999999982,-89.99999999999972,-89.99999999999982,-89.99999999999986,-89.99999999999976,-89.99999999999984,-89.99999999999986,-89.99999999999984,-79.99999999999989,-89.99999999999984,-99.99999999999977,-99.99999999999974,-60.000000000000014,-79.99999999999987,-70.0,-60.000000000000036,-99.99999999999987,-89.99999999999977,-69.99999999999996,-89.99999999999983,-50.00000000000004,-69.99999999999997,-79.99999999999997
2462500,25,'',-20.000000000000014,-30.000000000000036,-69.99999999999993,-50.00000000000003,-70.00000000000003,-60.000000000000036,-60.000000000000036,-40.00000000000003,-69.99999999999991,-40.000000000000036,-60.000000000000014,-70.00000000000001,-50.000000000000036,-40.00000000000004,-60.00000000000003,-60.00000000000004,-69.99999999999996,-60.00000000000002,-69.99999999999997,-40.000000000000036,-20.00000000000002,43.60000000000029,-69.99999999999994,-69.99999999999997,-40.00000000000003
2475000,25,'',-40.000000000000036,-40.00000000000004,-50.00000000000002,-50.00000000000004,-50.00000000000004,-60.00000000000004,52.600000000000314,4.600000000000234,-40.00000000000004,-79.99999999999991,-40.00000000000004,-30.000000000000014,-69.99999999999989,-20.00000000000001,-50.00000000000003,-30.000000000000014,-60.000000000000036,-69.99999999999997,28.600000000000257,-70.0,-50.000000000000036,-20.000000000000007,-9.999999999999998,-69.99999999999999,-50.00000000000003
2487500,25,'',-50.00000000000003,-60.00000000000002,-60.00000000000004,-69.99999999999989,-79.99999999999986,-99.99999999999979,-60.00000000000004,-79.99999999999986,-40.00000000000003,-70.0,10.000000000000231,-30.00000000000003,10.60000000000023,-30.000000000000036,-69.99999999999996,-79.9999999999999,-30.000000000000018,-50.00000000000004,-79.99999999999989,-49.999999999999986,-30.000000000000032,11.20000000000023,-30.000000000000036,-60.000000000000036,-60.00000000000004
2500000,25,'',-20.000000000000036,-50.000000000000036,-20.000000000000007,20.80000000000024,67.00000000000031,-30.000000000000043,19.600000000000236,-50.00000000000004,-50.00000000000003,-40.00000000000004,-30.000000000000043,-60.00000000000004,-40.00000000000004,-20.000000000000007,50.20000000000031,-69.99999999999989,-10.000000000000002,-30.00000000000003,-30.00000000000003,-89.99999999999987,-70.00000000000001,46.0000000000003,13.00000000000023,-79.99999999999991,49.60000000000031
2500000,25,'',-30.00000000000002,-20.00000000000002,15.400000000000228,-50.00000000000004,-10.0,-9.999999999999998,-40.00000000000003,-50.000000000000036,-20.0,-40.000000000000036,-89.99999999999986,-40.00000000000003,-40.00000000000004,-40.00000000000004,-40.00000000000003,-20.000000000000007,53.80000000000032,-40.000000000000036,-20.000000000000004,-10.0,-9.999999999999998,-20.000000000000007,22.600000000000243,-30.000000000000036,-30.00000000000002
