12500,25,'',-50.00000000000002,-79.99999999999991,-79.99999999999989,-70.0,-69.99999999999997,-79.9999999999999,-60.00000000000001,-40.00000000000002,-50.00000000000002,-60.00000000000002,-50.00000000000002,-50.000000000000014,-79.99999999999991,-60.00000000000003,-50.00000000000002,-89.99999999999983,-30.000000000000036,-60.00000000000003,-20.000000000000007,-60.000000000000014,-70.0,-30.000000000000032,-30.000000000000007,-50.000000000000014,-40.000000000000014
25000,25,'',-89.99999999999977,-30.000000000000043,-50.00000000000001,-79.9999999999999,-50.00000000000003,-30.000000000000014,-20.000000000000007,-60.00000000000004,-30.000000000000014,-20.0,-40.00000000000001,-69.99999999999997,43.60000000000029,-20.000000000000007,50.20000000000031,-30.00000000000003,-60.000000000000036,-89.99999999999979,-70.0,-10.000000000000002,-50.00000000000001,-60.00000000000002,-30.000000000000014,-69.99999999999996,-60.00000000000004
37500,25,'',-30.00000000000002,-89.9999999999998,-9.999999999999998,-30.00000000000002,23.800000000000246,-20.000000000000004,-30.000000000000014,-10.0,-20.000000000000007,73.60000000000025,61.600000000000335,-30.000000000000036,-40.00000000000002,-30.000000000000032,-30.000000000000007,-30.000000000000032,-9.999999999999998,-40.000000000000036,73.00000000000026,66.40000000000032,-50.00000000000004,-20.000000000000007,-9.999999999999998,-20.000000000000007,48.400000000000304
50000,25,'',45.4000000000003,-10.0,31.600000000000264,-60.00000000000002,45.4000000000003,34.60000000000027,67.6000000000003,61.600000000000335,74.80000000000024,-50.000000000000014,41.80000000000029,45.4000000000003,-20.000000000000007,55.60000000000032,-20.000000000000007,68.8000000000003,-60.000000000000014,72.40000000000026,56.800000000000324,56.20000000000032,-40.00000000000004,71.80000000000027,58.60000000000033,35.800000000000274,73.00000000000026
62500,25,'',-9.999999999999998,74.20000000000024,-9.999999999999998,62.20000000000034,77.80000000000021,32.80000000000027,-50.00000000000004,40.600000000000286,-50.00000000000001,71.20000000000027,83.20000000000016,58.00000000000033,82.00000000000017,-40.00000000000003,-40.00000000000003,-9.999999999999998,61.000000000000334,-40.000000000000036,29.20000000000026,55.60000000000032,77.80000000000021,-30.000000000000014,43.00000000000029,46.6000000000003,41.80000000000029
75000,25,'',68.8000000000003,-30.00000000000002,-10.0,-20.000000000000007,-20.000000000000004,74.80000000000024,37.00000000000028,-9.999999999999998,-40.00000000000003,25.60000000000025,-60.000000000000036,73.60000000000025,-20.000000000000004,-9.999999999999998,35.20000000000027,70.60000000000028,67.00000000000031,68.8000000000003,-20.0,-30.000000000000036,-20.000000000000007,69.40000000000029,-40.00000000000004,-30.00000000000003,72.40000000000026
87500,25,'',-50.00000000000003,61.000000000000334,25.00000000000025,76.60000000000022,-60.00000000000002,55.60000000000032,69.40000000000029,55.00000000000032,-40.000000000000036,52.00000000000031,56.20000000000032,-30.000000000000036,50.20000000000031,64.00000000000034,28.600000000000257,-10.0,77.80000000000021,73.60000000000025,-69.99999999999997,-40.00000000000002,68.8000000000003,-30.00000000000001,65.80000000000032,58.60000000000033,56.20000000000032
100000,25,'',68.8000000000003,-30.000000000000032,-40.00000000000001,-30.00000000000003,61.600000000000335,68.8000000000003,46.6000000000003,14.200000000000228,29.80000000000026,68.8000000000003,52.600000000000314,-20.000000000000007,40.600000000000286,58.60000000000033,79.0000000000002,22.600000000000243,27.400000000000254,-30.00000000000001,68.2000000000003,65.80000000000032,59.80000000000033,70.60000000000028,-40.00000000000004,-30.000000000000014,-60.00000000000004
112500,25,'',18.400000000000233,75.40000000000023,34.60000000000027,40.600000000000286,61.600000000000335,-20.000000000000004,66.40000000000032,76.00000000000023,46.0000000000003,74.80000000000024,70.60000000000028,70.00000000000028,33.40000000000027,56.20000000000032,39.40000000000028,61.000000000000334,68.2000000000003,50.20000000000031,29.80000000000026,21.40000000000024,60.40000000000033,71.20000000000027,68.2000000000003,72.40000000000026,48.400000000000304
125000,25,'',73.00000000000026,82.60000000000016,55.00000000000032,50.20000000000031,82.00000000000017,88.00000000000011,63.40000000000034,44.200000000000294,77.20000000000022,57.400000000000325,55.60000000000032,55.60000000000032,65.20000000000033,58.00000000000033,65.80000000000032,73.60000000000025,68.2000000000003,75.40000000000023,63.40000000000034,71.80000000000027,65.80000000000032,64.60000000000034,59.80000000000033,52.00000000000031,32.200000000000266
137500,25,'',68.8000000000003,67.6000000000003,75.40000000000023,52.00000000000031,79.6000000000002,64.60000000000034,87.40000000000012,76.60000000000022,65.80000000000032,59.20000000000033,87.40000000000012,79.0000000000002,68.8000000000003,72.40000000000026,73.00000000000026,78.4000000000002,72.40000000000026,74.80000000000024,64.00000000000034,80.80000000000018,59.20000000000033,77.80000000000021,73.00000000000026,42.40000000000029,78.4000000000002
150000,25,'',79.0000000000002,71.20000000000027,79.0000000000002,80.80000000000018,65.20000000000033,74.20000000000024,71.80000000000027,79.0000000000002,71.20000000000027,79.0000000000002,67.6000000000003,86.20000000000013,84.40000000000015,74.80000000000024,62.80000000000034,67.6000000000003,80.20000000000019,80.20000000000019,75.40000000000023,85.00000000000014,71.20000000000027,76.60000000000022,83.20000000000016,82.60000000000016,76.00000000000023
162500,25,'',79.6000000000002,70.00000000000028,71.80000000000027,76.00000000000023,74.80000000000024,58.00000000000033,74.20000000000024,73.60000000000025,70.60000000000028,71.20000000000027,78.4000000000002,83.20000000000016,69.40000000000029,68.2000000000003,67.00000000000031,83.20000000000016,79.6000000000002,79.6000000000002,67.00000000000031,80.80000000000018,66.40000000000032,37.60000000000028,79.6000000000002,57.400000000000325,77.20000000000022
175000,25,'',69.40000000000029,74.20000000000024,68.8000000000003,86.20000000000013,75.40000000000023,79.6000000000002,75.40000000000023,62.80000000000034,70.00000000000028,76.00000000000023,67.6000000000003,71.20000000000027,77.20000000000022,85.00000000000014,69.40000000000029,71.20000000000027,85.60000000000014,79.0000000000002,77.20000000000022,77.80000000000021,70.00000000000028,70.00000000000028,74.80000000000024,84.40000000000015,56.800000000000324
187500,25,'',65.20000000000033,82.60000000000016,80.20000000000019,78.4000000000002,92.20000000000007,76.00000000000023,83.80000000000015,79.0000000000002,82.60000000000016,83.80000000000015,85.60000000000014,73.00000000000026,83.20000000000016,71.20000000000027,82.60000000000016,78.4000000000002,74.80000000000024,86.20000000000013,75.40000000000023,79.0000000000002,79.6000000000002,68.8000000000003,82.00000000000017,77.80000000000021,78.4000000000002
200000,25,'',79.0000000000002,85.60000000000014,87.40000000000012,81.40000000000018,84.40000000000015,85.60000000000014,86.20000000000013,83.20000000000016,80.80000000000018,79.0000000000002,86.20000000000013,85.00000000000014,86.20000000000013,76.00000000000023,86.80000000000013,84.40000000000015,85.60000000000014,83.20000000000016,74.80000000000024,80.20000000000019,84.40000000000015,87.40000000000012,87.40000000000012,77.20000000000022,77.80000000000021
212500,25,'',74.20000000000024,86.20000000000013,85.60000000000014,84.40000000000015,73.00000000000026,83.20000000000016,80.80000000000018,77.80000000000021,91.60000000000008,82.60000000000016,80.20000000000019,80.80000000000018,80.80000000000018,79.0000000000002,80.80000000000018,80.80000000000018,86.20000000000013,85.00000000000014,85.60000000000014,82.00000000000017,82.00000000000017,80.20000000000019,77.80000000000021,82.00000000000017,83.20000000000016
225000,25,'',76.00000000000023,85.60000000000014,78.4000000000002,83.80000000000015,77.80000000000021,83.20000000000016,65.80000000000032,87.40000000000012,84.40000000000015,78.4000000000002,87.40000000000012,79.0000000000002,74.80000000000024,79.6000000000002,86.20000000000013,86.80000000000013,85.00000000000014,84.40000000000015,74.80000000000024,87.40000000000012,88.00000000000011,88.60000000000011,85.60000000000014,82.00000000000017,84.40000000000015
237500,25,'',83.20000000000016,88.60000000000011,86.20000000000013,86.80000000000013,79.0000000000002,84.40000000000015,84.40000000000015,81.40000000000018,81.40000000000018,85.60000000000014,84.40000000000015,79.0000000000002,82.00000000000017,85.00000000000014,85.00000000000014,69.40000000000029,90.40000000000009,85.60000000000014,84.40000000000015,83.20000000000016,85.00000000000014,87.40000000000012,82.60000000000016,88.60000000000011,87.40000000000012
250000,25,'',83.80000000000015,79.0000000000002,81.40000000000018,79.6000000000002,87.40000000000012,87.40000000000012,79.6000000000002,92.20000000000007,82.60000000000016,85.60000000000014,89.2000000000001,85.60000000000014,84.40000000000015,89.8000000000001,89.2000000000001,81.40000000000018,86.80000000000013,79.0000000000002,83.80000000000015,89.2000000000001,88.00000000000011,94.00000000000006,85.60000000000014,85.60000000000014,82.60000000000016
262500,25,'',86.80000000000013,88.00000000000011,84.40000000000015,84.40000000000015,83.20000000000016,83.80000000000015,92.80000000000007,78.4000000000002,84.40000000000015,83.20000000000016,83.80000000000015,83.20000000000016,79.6000000000002,74.80000000000024,76.60000000000022,79.0000000000002,74.80000000000024,88.00000000000011,88.60000000000011,81.40000000000018,82.60000000000016,85.00000000000014,73.60000000000025,84.40000000000015,90.40000000000009
275000,25,'',89.2000000000001,86.80000000000013,80.20000000000019,86.80000000000013,83.20000000000016,81.40000000000018,66.40000000000032,81.40000000000018,85.00000000000014,79.6000000000002,88.00000000000011,65.20000000000033,89.2000000000001,82.00000000000017,83.20000000000016,91.00000000000009,79.6000000000002,84.40000000000015,85.00000000000014,86.80000000000013,84.40000000000015,77.80000000000021,86.80000000000013,84.40000000000015,88.00000000000011
287500,25,'',64.00000000000034,85.60000000000014,86.20000000000013,82.60000000000016,84.40000000000015,82.00000000000017,88.60000000000011,85.00000000000014,83.80000000000015,89.8000000000001,81.40000000000018,86.80000000000013,85.00000000000014,82.60000000000016,89.8000000000001,85.00000000000014,68.8000000000003,92.80000000000007,84.40000000000015,84.40000000000015,82.00000000000017,79.6000000000002,86.20000000000013,79.0000000000002,80.80000000000018
300000,25,'',84.40000000000015,86.20000000000013,87.40000000000012,86.80000000000013,84.40000000000015,83.20000000000016,89.2000000000001,83.20000000000016,88.60000000000011,85.00000000000014,84.40000000000015,88.00000000000011,85.60000000000014,87.40000000000012,82.00000000000017,80.20000000000019,86.20000000000013,79.0000000000002,85.60000000000014,95.20000000000005,88.00000000000011,79.6000000000002,91.60000000000008,80.80000000000018,85.00000000000014
312500,25,'',86.20000000000013,80.80000000000018,85.00000000000014,82.60000000000016,62.80000000000034,87.40000000000012,89.8000000000001,67.00000000000031,80.80000000000018,85.60000000000014,81.40000000000018,80.20000000000019,85.00000000000014,85.60000000000014,87.40000000000012,86.20000000000013,86.20000000000013,86.20000000000013,84.40000000000015,77.80000000000021,86.20000000000013,83.80000000000015,85.00000000000014,91.60000000000008,-20.000000000000007
325000,25,'',86.20000000000013,82.00000000000017,85.60000000000014,91.60000000000008,86.20000000000013,82.00000000000017,89.2000000000001,85.00000000000014,91.60000000000008,79.6000000000002,86.20000000000013,89.8000000000001,85.00000000000014,82.60000000000016,53.200000000000315,70.60000000000028,83.20000000000016,79.0000000000002,77.20000000000022,89.2000000000001,87.40000000000012,89.8000000000001,55.00000000000032,77.20000000000022,85.60000000000014
337500,25,'',88.60000000000011,74.20000000000024,79.6000000000002,90.40000000000009,82.00000000000017,81.40000000000018,84.40000000000015,76.60000000000022,81.40000000000018,78.4000000000002,81.40000000000018,80.20000000000019,85.00000000000014,85.60000000000014,88.00000000000011,69.40000000000029,79.6000000000002,86.20000000000013,84.40000000000015,83.80000000000015,82.60000000000016,85.60000000000014,79.6000000000002,85.60000000000014,89.8000000000001
350000,25,'',80.20000000000019,78.4000000000002,86.80000000000013,73.60000000000025,87.40000000000012,75.40000000000023,80.80000000000018,85.60000000000014,85.60000000000014,86.80000000000013,85.60000000000014,84.40000000000015,86.20000000000013,92.20000000000007,85.60000000000014,92.80000000000007,84.40000000000015,87.40000000000012,88.00000000000011,80.20000000000019,88.00000000000011,89.2000000000001,77.80000000000021,89.2000000000001,78.4000000000002
362500,25,'',81.40000000000018,80.80000000000018,82.60000000000016,92.80000000000007,83.80000000000015,73.60000000000025,85.60000000000014,80.80000000000018,80.20000000000019,89.8000000000001,76.60000000000022,74.80000000000024,90.40000000000009,88.00000000000011,76.60000000000022,94.60000000000005,88.00000000000011,83.80000000000015,88.00000000000011,89.2000000000001,81.40000000000018,82.60000000000016,85.00000000000014,89.8000000000001,85.60000000000014
375000,25,'',86.80000000000013,90.40000000000009,83.80000000000015,87.40000000000012,85.00000000000014,89.2000000000001,61.000000000000334,79.6000000000002,83.80000000000015,88.60000000000011,88.60000000000011,73.60000000000025,77.80000000000021,86.20000000000013,88.60000000000011,83.80000000000015,85.00000000000014,89.2000000000001,82.60000000000016,58.00000000000033,83.80000000000015,80.80000000000018,88.00000000000011,89.8000000000001,92.80000000000007
387500,25,'',88.00000000000011,92.20000000000007,88.00000000000011,85.60000000000014,84.40000000000015,82.60000000000016,88.60000000000011,84.40000000000015,89.2000000000001,89.8000000000001,83.80000000000015,87.40000000000012,94.00000000000006,89.8000000000001,84.40000000000015,80.80000000000018,82.60000000000016,85.60000000000014,85.00000000000014,79.6000000000002,84.40000000000015,88.00000000000011,90.40000000000009,90.40000000000009,87.40000000000012
400000,25,'',55.00000000000032,86.20000000000013,83.20000000000016,86.80000000000013,95.80000000000004,82.00000000000017,83.20000000000016,85.60000000000014,85.00000000000014,63.40000000000034,86.20000000000013,89.2000000000001,87.40000000000012,93.40000000000006,87.40000000000012,85.00000000000014,90.40000000000009,87.40000000000012,91.60000000000008,85.60000000000014,91.60000000000008,84.40000000000015,82.60000000000016,90.40000000000009,92.80000000000007
412500,25,'',85.60000000000014,94.60000000000005,89.8000000000001,88.00000000000011,91.00000000000009,67.00000000000031,86.20000000000013,83.80000000000015,92.20000000000007,87.40000000000012,-50.00000000000003,23.200000000000244,90.40000000000009,78.4000000000002,90.40000000000009,82.00000000000017,90.40000000000009,90.40000000000009,85.60000000000014,85.00000000000014,94.00000000000006,89.8000000000001,83.20000000000016,88.60000000000011,90.40000000000009
425000,25,'',83.20000000000016,60.40000000000033,68.2000000000003,91.60000000000008,86.80000000000013,89.8000000000001,82.60000000000016,86.80000000000013,86.20000000000013,85.00000000000014,88.00000000000011,88.00000000000011,87.40000000000012,87.40000000000012,84.40000000000015,85.00000000000014,89.2000000000001,91.00000000000009,67.6000000000003,86.80000000000013,80.20000000000019,91.00000000000009,63.40000000000034,88.60000000000011,86.20000000000013
437500,25,'',80.80000000000018,88.60000000000011,86.20000000000013,80.80000000000018,81.40000000000018,85.60000000000014,82.00000000000017,89.2000000000001,91.00000000000009,81.40000000000018,92.20000000000007,84.40000000000015,84.40000000000015,78.4000000000002,87.40000000000012,82.60000000000016,82.00000000000017,84.40000000000015,88.00000000000011,87.40000000000012,85.60000000000014,84.40000000000015,76.60000000000022,80.20000000000019,87.40000000000012
450000,25,'',82.60000000000016,92.80000000000007,88.60000000000011,88.60000000000011,55.00000000000032,87.40000000000012,86.20000000000013,84.40000000000015,85.60000000000014,47.2000000000003,83.80000000000015,84.40000000000015,82.60000000000016,82.60000000000016,92.20000000000007,92.20000000000007,85.60000000000014,90.40000000000009,82.60000000000016,84.40000000000015,88.60000000000011,84.40000000000015,82.60000000000016,78.4000000000002,84.40000000000015
462500,25,'',77.80000000000021,86.80000000000013,86.80000000000013,77.80000000000021,90.40000000000009,83.80000000000015,89.8000000000001,85.00000000000014,85.60000000000014,84.40000000000015,86.80000000000013,86.20000000000013,85.00000000000014,89.2000000000001,86.80000000000013,85.00000000000014,86.80000000000013,88.60000000000011,89.2000000000001,88.60000000000011,85.00000000000014,88.60000000000011,87.40000000000012,91.00000000000009,85.00000000000014
475000,25,'',73.60000000000025,75.40000000000023,91.00000000000009,81.40000000000018,89.2000000000001,77.80000000000021,50.20000000000031,89.8000000000001,83.80000000000015,86.20000000000013,90.40000000000009,82.60000000000016,64.60000000000034,84.40000000000015,86.20000000000013,53.200000000000315,85.60000000000014,90.40000000000009,92.80000000000007,81.40000000000018,91.60000000000008,61.000000000000334,92.80000000000007,86.20000000000013,86.80000000000013
487500,25,'',85.00000000000014,85.60000000000014,85.00000000000014,91.60000000000008,88.00000000000011,91.00000000000009,89.2000000000001,86.80000000000013,89.8000000000001,85.60000000000014,87.40000000000012,87.40000000000012,88.60000000000011,82.00000000000017,85.60000000000014,88.00000000000011,88.60000000000011,65.80000000000032,88.60000000000011,80.80000000000018,85.60000000000014,52.600000000000314,86.80000000000013,85.00000000000014,89.8000000000001
500000,25,'',80.80000000000018,81.40000000000018,71.20000000000027,63.40000000000034,85.60000000000014,82.60000000000016,88.00000000000011,86.80000000000013,83.20000000000016,82.00000000000017,83.80000000000015,81.40000000000018,85.60000000000014,88.60000000000011,85.00000000000014,86.20000000000013,86.20000000000013,85.00000000000014,61.000000000000334,87.40000000000012,83.80000000000015,86.20000000000013,86.80000000000013,85.60000000000014,77.20000000000022
512500,25,'',85.60000000000014,88.60000000000011,80.80000000000018,88.60000000000011,86.80000000000013,75.40000000000023,87.40000000000012,85.00000000000014,89.8000000000001,85.00000000000014,83.20000000000016,86.80000000000013,86.80000000000013,87.40000000000012,79.6000000000002,86.20000000000013,93.40000000000006,85.00000000000014,86.80000000000013,81.40000000000018,92.80000000000007,89.2000000000001,87.40000000000012,91.00000000000009,92.80000000000007
525000,25,'',85.60000000000014,76.60000000000022,88.00000000000011,83.20000000000016,83.80000000000015,87.40000000000012,83.80000000000015,74.80000000000024,92.20000000000007,86.20000000000013,83.80000000000015,82.60000000000016,88.60000000000011,88.00000000000011,84.40000000000015,87.40000000000012,87.40000000000012,89.2000000000001,84.40000000000015,85.60000000000014,84.40000000000015,87.40000000000012,88.00000000000011,87.40000000000012,87.40000000000012
537500,25,'',88.00000000000011,87.40000000000012,78.4000000000002,87.40000000000012,89.2000000000001,83.20000000000016,88.00000000000011,77.80000000000021,86.80000000000013,87.40000000000012,81.40000000000018,82.00000000000017,86.20000000000013,88.00000000000011,83.20000000000016,84.40000000000015,83.80000000000015,80.80000000000018,88.60000000000011,79.0000000000002,86.20000000000013,85.60000000000014,88.00000000000011,87.40000000000012,85.00000000000014
550000,25,'',88.00000000000011,88.00000000000011,85.00000000000014,86.80000000000013,86.20000000000013,88.00000000000011,88.00000000000011,88.00000000000011,85.00000000000014,87.40000000000012,68.2000000000003,77.80000000000021,75.40000000000023,88.00000000000011,86.80000000000013,88.00000000000011,86.80000000000013,86.80000000000013,85.00000000000014,87.40000000000012,87.40000000000012,86.20000000000013,86.80000000000013,82.60000000000016,91.00000000000009
562500,25,'',86.20000000000013,88.60000000000011,86.20000000000013,85.60000000000014,86.80000000000013,78.4000000000002,89.2000000000001,90.40000000000009,83.80000000000015,80.20000000000019,84.40000000000015,86.80000000000013,88.00000000000011,87.40000000000012,87.40000000000012,86.80000000000013,84.40000000000015,85.00000000000014,88.00000000000011,88.60000000000011,70.00000000000028,80.20000000000019,88.00000000000011,86.80000000000013,82.00000000000017
575000,25,'',88.00000000000011,87.40000000000012,86.20000000000013,87.40000000000012,88.00000000000011,86.20000000000013,87.40000000000012,88.00000000000011,85.00000000000014,85.00000000000014,87.40000000000012,89.8000000000001,88.60000000000011,89.2000000000001,86.20000000000013,79.6000000000002,85.00000000000014,87.40000000000012,88.00000000000011,89.2000000000001,87.40000000000012,88.00000000000011,88.00000000000011,88.60000000000011,88.00000000000011
587500,25,'',88.00000000000011,88.00000000000011,88.00000000000011,87.40000000000012,88.60000000000011,87.40000000000012,91.60000000000008,88.60000000000011,85.00000000000014,84.40000000000015,76.00000000000023,83.80000000000015,88.00000000000011,88.60000000000011,88.60000000000011,82.60000000000016,88.00000000000011,87.40000000000012,87.40000000000012,87.40000000000012,87.40000000000012,86.80000000000013,86.80000000000013,87.40000000000012,86.20000000000013
600000,25,'',86.20000000000013,89.2000000000001,88.00000000000011,86.80000000000013,85.60000000000014,87.40000000000012,85.00000000000014,89.2000000000001,55.00000000000032,87.40000000000012,87.40000000000012,87.40000000000012,86.80000000000013,87.40000000000012,83.80000000000015,86.80000000000013,88.60000000000011,79.0000000000002,87.40000000000012,87.40000000000012,65.80000000000032,88.60000000000011,88.60000000000011,88.00000000000011,85.00000000000014
612500,25,'',88.00000000000011,86.80000000000013,88.60000000000011,85.60000000000014,86.20000000000013,88.00000000000011,85.00000000000014,86.80000000000013,89.8000000000001,86.80000000000013,87.40000000000012,86.80000000000013,88.00000000000011,89.2000000000001,82.00000000000017,88.00000000000011,87.40000000000012,86.80000000000013,85.00000000000014,88.00000000000011,85.00000000000014,86.80000000000013,88.00000000000011,89.2000000000001,88.60000000000011
625000,25,'',90.40000000000009,88.60000000000011,88.00000000000011,89.2000000000001,85.60000000000014,89.2000000000001,84.40000000000015,88.00000000000011,84.40000000000015,85.60000000000014,89.2000000000001,89.8000000000001,86.20000000000013,88.00000000000011,89.8000000000001,89.8000000000001,88.60000000000011,92.20000000000007,87.40000000000012,88.00000000000011,87.40000000000012,88.00000000000011,88.60000000000011,85.60000000000014,88.00000000000011
637500,25,'',87.40000000000012,88.60000000000011,88.60000000000011,87.40000000000012,89.2000000000001,86.20000000000013,89.2000000000001,88.60000000000011,88.60000000000011,89.2000000000001,88.60000000000011,86.80000000000013,89.8000000000001,81.40000000000018,88.60000000000011,87.40000000000012,88.60000000000011,89.2000000000001,88.60000000000011,88.00000000000011,-9.999999999999998,86.20000000000013,88.00000000000011,88.00000000000011,88.60000000000011
650000,25,'',85.60000000000014,88.00000000000011,88.00000000000011,89.8000000000001,86.20000000000013,86.20000000000013,89.2000000000001,82.00000000000017,86.80000000000013,87.40000000000012,88.60000000000011,87.40000000000012,87.40000000000012,88.00000000000011,89.2000000000001,89.8000000000001,88.60000000000011,89.2000000000001,87.40000000000012,65.20000000000033,86.20000000000013,86.20000000000013,89.2000000000001,88.60000000000011,89.2000000000001
662500,25,'',77.20000000000022,87.40000000000012,73.60000000000025,87.40000000000012,87.40000000000012,89.8000000000001,84.40000000000015,87.40000000000012,85.60000000000014,85.00000000000014,87.40000000000012,86.20000000000013,88.60000000000011,85.60000000000014,77.20000000000022,87.40000000000012,83.80000000000015,86.20000000000013,88.00000000000011,87.40000000000012,85.60000000000014,83.80000000000015,86.80000000000013,87.40000000000012,86.20000000000013
675000,25,'',51.40000000000031,88.60000000000011,86.20000000000013,79.0000000000002,85.60000000000014,86.80000000000013,85.00000000000014,85.60000000000014,86.20000000000013,62.80000000000034,88.00000000000011,88.60000000000011,79.0000000000002,86.20000000000013,88.00000000000011,87.40000000000012,83.80000000000015,87.40000000000012,87.40000000000012,86.20000000000013,86.80000000000013,86.80000000000013,86.20000000000013,88.00000000000011,81.40000000000018
687500,25,'',78.4000000000002,88.60000000000011,87.40000000000012,87.40000000000012,79.6000000000002,88.60000000000011,85.60000000000014,89.2000000000001,88.60000000000011,88.00000000000011,88.60000000000011,88.60000000000011,80.80000000000018,87.40000000000012,85.60000000000014,88.00000000000011,88.60000000000011,87.40000000000012,86.20000000000013,87.40000000000012,88.60000000000011,88.60000000000011,86.20000000000013,86.20000000000013,88.00000000000011
700000,25,'',54.40000000000032,85.60000000000014,88.00000000000011,86.20000000000013,89.2000000000001,87.40000000000012,88.60000000000011,84.40000000000015,88.00000000000011,88.00000000000011,89.2000000000001,88.60000000000011,89.2000000000001,86.20000000000013,88.60000000000011,88.00000000000011,89.2000000000001,89.2000000000001,85.00000000000014,88.00000000000011,89.2000000000001,89.8000000000001,88.00000000000011,90.40000000000009,75.40000000000023
712500,25,'',88.00000000000011,88.00000000000011,81.40000000000018,88.60000000000011,89.2000000000001,88.60000000000011,88.00000000000011,88.00000000000011,85.00000000000014,85.00000000000014,87.40000000000012,89.2000000000001,88.00000000000011,81.40000000000018,84.40000000000015,85.60000000000014,86.80000000000013,81.40000000000018,84.40000000000015,88.00000000000011,89.2000000000001,88.00000000000011,85.60000000000014,84.40000000000015,87.40000000000012
725000,25,'',88.60000000000011,88.60000000000011,88.00000000000011,87.40000000000012,86.20000000000013,86.20000000000013,80.20000000000019,88.00000000000011,88.60000000000011,88.00000000000011,88.60000000000011,85.00000000000014,88.60000000000011,85.60000000000014,88.00000000000011,86.20000000000013,87.40000000000012,92.80000000000007,80.20000000000019,88.60000000000011,89.8000000000001,88.60000000000011,86.20000000000013,88.00000000000011,88.60000000000011
737500,25,'',66.40000000000032,83.80000000000015,73.00000000000026,88.00000000000011,88.00000000000011,86.20000000000013,87.40000000000012,76.00000000000023,86.20000000000013,83.80000000000015,86.20000000000013,86.20000000000013,85.60000000000014,88.60000000000011,89.8000000000001,88.00000000000011,87.40000000000012,88.60000000000011,87.40000000000012,85.00000000000014,81.40000000000018,89.8000000000001,86.80000000000013,86.80000000000013,90.40000000000009
750000,25,'',84.40000000000015,89.8000000000001,89.8000000000001,90.40000000000009,88.00000000000011,89.2000000000001,85.60000000000014,87.40000000000012,86.80000000000013,89.8000000000001,87.40000000000012,85.00000000000014,88.60000000000011,86.20000000000013,86.20000000000013,89.8000000000001,88.60000000000011,88.00000000000011,85.00000000000014,85.00000000000014,85.60000000000014,88.60000000000011,87.40000000000012,86.80000000000013,85.60000000000014
762500,25,'',87.40000000000012,85.60000000000014,88.00000000000011,88.00000000000011,83.20000000000016,88.00000000000011,83.80000000000015,87.40000000000012,88.00000000000011,88.60000000000011,86.20000000000013,86.80000000000013,79.6000000000002,85.60000000000014,89.2000000000001,87.40000000000012,87.40000000000012,84.40000000000015,86.20000000000013,87.40000000000012,88.60000000000011,85.00000000000014,88.00000000000011,84.40000000000015,87.40000000000012
775000,25,'',87.40000000000012,86.20000000000013,85.60000000000014,87.40000000000012,86.80000000000013,59.20000000000033,77.20000000000022,88.00000000000011,88.00000000000011,87.40000000000012,87.40000000000012,88.00000000000011,86.80000000000013,86.80000000000013,86.20000000000013,85.60000000000014,88.60000000000011,88.00000000000011,86.80000000000013,85.00000000000014,58.60000000000033,86.20000000000013,88.60000000000011,88.00000000000011,88.60000000000011
787500,25,'',86.20000000000013,86.20000000000013,88.00000000000011,85.60000000000014,86.20000000000013,59.80000000000033,87.40000000000012,82.00000000000017,86.20000000000013,72.40000000000026,88.00000000000011,86.20000000000013,88.60000000000011,86.20000000000013,86.80000000000013,86.80000000000013,86.20000000000013,86.20000000000013,86.80000000000013,86.20000000000013,85.60000000000014,60.40000000000033,84.40000000000015,86.20000000000013,87.40000000000012
800000,25,'',86.20000000000013,88.60000000000011,85.00000000000014,85.60000000000014,89.2000000000001,86.20000000000013,80.80000000000018,86.20000000000013,87.40000000000012,87.40000000000012,86.20000000000013,86.20000000000013,88.00000000000011,87.40000000000012,88.00000000000011,86.20000000000013,85.60000000000014,86.20000000000013,88.60000000000011,87.40000000000012,86.20000000000013,86.20000000000013,85.60000000000014,88.00000000000011,86.80000000000013
812500,25,'',88.60000000000011,88.60000000000011,74.80000000000024,83.20000000000016,86.20000000000013,86.20000000000013,88.00000000000011,88.60000000000011,83.80000000000015,73.00000000000026,79.6000000000002,86.20000000000013,65.80000000000032,88.60000000000011,86.20000000000013,83.20000000000016,86.20000000000013,87.40000000000012,84.40000000000015,80.20000000000019,88.60000000000011,87.40000000000012,83.80000000000015,87.40000000000012,83.80000000000015
825000,25,'',89.2000000000001,87.40000000000012,88.60000000000011,88.60000000000011,87.40000000000012,70.00000000000028,88.00000000000011,87.40000000000012,80.20000000000019,88.60000000000011,88.00000000000011,86.20000000000013,88.60000000000011,88.60000000000011,88.60000000000011,88.00000000000011,76.60000000000022,87.40000000000012,88.00000000000011,88.60000000000011,92.20000000000007,88.60000000000011,86.20000000000013,87.40000000000012,88.60000000000011
837500,25,'',86.20000000000013,88.00000000000011,87.40000000000012,78.4000000000002,88.00000000000011,87.40000000000012,87.40000000000012,88.60000000000011,86.80000000000013,88.00000000000011,86.20000000000013,84.40000000000015,77.80000000000021,88.00000000000011,88.60000000000011,89.2000000000001,87.40000000000012,86.20000000000013,88.00000000000011,88.00000000000011,86.80000000000013,86.80000000000013,86.20000000000013,87.40000000000012,81.40000000000018
850000,25,'',88.60000000000011,88.00000000000011,89.8000000000001,86.20000000000013,88.00000000000011,88.60000000000011,88.00000000000011,88.00000000000011,88.60000000000011,79.0000000000002,88.60000000000011,87.40000000000012,87.40000000000012,87.40000000000012,86.80000000000013,85.60000000000014,82.60000000000016,86.80000000000013,88.00000000000011,86.80000000000013,86.80000000000013,86.20000000000013,85.60000000000014,86.20000000000013,88.60000000000011
862500,25,'',88.60000000000011,86.20000000000013,89.2000000000001,88.60000000000011,88.00000000000011,88.60000000000011,88.60000000000011,88.60000000000011,90.40000000000009,87.40000000000012,85.60000000000014,88.60000000000011,86.20000000000013,87.40000000000012,86.80000000000013,88.00000000000011,88.00000000000011,89.8000000000001,87.40000000000012,88.00000000000011,88.60000000000011,88.00000000000011,88.60000000000011,87.40000000000012,86.20000000000013
875000,25,'',87.40000000000012,86.20000000000013,87.40000000000012,87.40000000000012,88.60000000000011,88.60000000000011,87.40000000000012,87.40000000000012,87.40000000000012,86.20000000000013,86.20000000000013,88.00000000000011,86.80000000000013,88.60000000000011,88.60000000000011,89.8000000000001,86.80000000000013,88.60000000000011,88.00000000000011,88.00000000000011,88.00000000000011,88.60000000000011,87.40000000000012,88.60000000000011,88.60000000000011
887500,25,'',89.2000000000001,88.00000000000011,82.60000000000016,88.60000000000011,88.00000000000011,88.00000000000011,84.40000000000015,87.40000000000012,86.80000000000013,87.40000000000012,89.2000000000001,88.00000000000011,88.60000000000011,87.40000000000012,87.40000000000012,88.00000000000011,88.00000000000011,87.40000000000012,89.2000000000001,86.20000000000013,88.00000000000011,86.80000000000013,89.2000000000001,88.60000000000011,88.00000000000011
900000,25,'',85.60000000000014,83.80000000000015,51.40000000000031,85.00000000000014,88.60000000000011,88.60000000000011,89.2000000000001,87.40000000000012,88.00000000000011,88.60000000000011,88.60000000000011,88.60000000000011,86.80000000000013,90.40000000000009,85.00000000000014,88.00000000000011,85.60000000000014,85.60000000000014,88.60000000000011,89.2000000000001,88.60000000000011,89.2000000000001,88.60000000000011,88.00000000000011,87.40000000000012
912500,25,'',88.00000000000011,88.60000000000011,86.20000000000013,88.60000000000011,86.80000000000013,89.2000000000001,84.40000000000015,90.40000000000009,89.8000000000001,88.00000000000011,89.2000000000001,85.00000000000014,83.20000000000016,86.20000000000013,87.40000000000012,90.40000000000009,87.40000000000012,86.20000000000013,88.60000000000011,89.2000000000001,86.80000000000013,87.40000000000012,86.20000000000013,88.00000000000011,87.40000000000012
925000,25,'',88.60000000000011,89.2000000000001,73.00000000000026,88.00000000000011,88.00000000000011,88.00000000000011,87.40000000000012,83.20000000000016,88.00000000000011,76.60000000000022,88.60000000000011,87.40000000000012,90.40000000000009,88.60000000000011,88.00000000000011,88.60000000000011,88.60000000000011,89.8000000000001,90.40000000000009,86.20000000000013,80.80000000000018,90.40000000000009,48.400000000000304,87.40000000000012,88.60000000000011
937500,25,'',86.20000000000013,89.2000000000001,87.40000000000012,86.80000000000013,87.40000000000012,89.8000000000001,87.40000000000012,86.20000000000013,87.40000000000012,86.80000000000013,86.80000000000013,87.40000000000012,80.80000000000018,86.80000000000013,86.20000000000013,84.40000000000015,88.00000000000011,94.00000000000006,87.40000000000012,88.00000000000011,87.40000000000012,87.40000000000012,88.60000000000011,86.80000000000013,88.60000000000011
950000,25,'',87.40000000000012,87.40000000000012,88.60000000000011,88.60000000000011,87.40000000000012,86.80000000000013,82.60000000000016,86.80000000000013,87.40000000000012,88.60000000000011,86.20000000000013,88.00000000000011,86.80000000000013,88.60000000000011,87.40000000000012,63.40000000000034,88.60000000000011,88.60000000000011,87.40000000000012,85.60000000000014,86.20000000000013,88.00000000000011,88.60000000000011,89.2000000000001,88.60000000000011
962500,25,'',88.60000000000011,82.00000000000017,88.60000000000011,88.60000000000011,87.40000000000012,89.2000000000001,86.80000000000013,88.60000000000011,87.40000000000012,88.00000000000011,88.60000000000011,88.00000000000011,86.20000000000013,91.00000000000009,86.80000000000013,88.60000000000011,88.60000000000011,88.60000000000011,88.60000000000011,88.60000000000011,88.60000000000011,86.20000000000013,89.2000000000001,89.2000000000001,88.60000000000011
975000,25,'',88.60000000000011,88.60000000000011,89.2000000000001,85.60000000000014,89.2000000000001,92.20000000000007,88.60000000000011,88.60000000000011,92.20000000000007,89.8000000000001,87.40000000000012,87.40000000000012,88.60000000000011,88.00000000000011,87.40000000000012,86.80000000000013,88.00000000000011,88.60000000000011,86.80000000000013,91.60000000000008,87.40000000000012,88.60000000000011,88.00000000000011,91.00000000000009,86.20000000000013
987500,25,'',49.60000000000031,44.800000000000296,88.60000000000011,88.00000000000011,89.2000000000001,82.60000000000016,88.60000000000011,82.00000000000017,88.60000000000011,86.20000000000013,82.60000000000016,88.00000000000011,87.40000000000012,88.60000000000011,88.00000000000011,88.00000000000011,89.2000000000001,87.40000000000012,88.60000000000011,85.60000000000014,86.80000000000013,88.00000000000011,88.00000000000011,88.60000000000011,94.00000000000006
1000000,25,'',88.00000000000011,88.60000000000011,86.20000000000013,87.40000000000012,88.00000000000011,88.60000000000011,88.60000000000011,88.00000000000011,89.2000000000001,84.40000000000015,89.2000000000001,89.2000000000001,86.80000000000013,86.20000000000013,86.80000000000013,88.60000000000011,86.80000000000013,86.20000000000013,88.60000000000011,86.20000000000013,88.00000000000011,88.60000000000011,87.40000000000012,81.40000000000018,56.800000000000324
1012500,25,'',88.00000000000011,88.60000000000011,88.00000000000011,88.60000000000011,89.8000000000001,89.2000000000001,88.60000000000011,88.60000000000011,87.40000000000012,88.60000000000011,88.00000000000011,87.40000000000012,88.60000000000011,89.2000000000001,87.40000000000012,88.00000000000011,88.00000000000011,88.00000000000011,84.40000000000015,87.40000000000012,88.00000000000011,88.00000000000011,88.60000000000011,87.40000000000012,86.20000000000013
1025000,25,'',85.60000000000014,86.80000000000013,88.60000000000011,88.00000000000011,88.00000000000011,88.00000000000011,88.00000000000011,87.40000000000012,85.60000000000014,89.2000000000001,88.00000000000011,87.40000000000012,88.00000000000011,88.00000000000011,88.60000000000011,88.00000000000011,88.00000000000011,88.00000000000011,89.2000000000001,88.60000000000011,88.00000000000011,88.60000000000011,86.80000000000013,89.2000000000001,88.60000000000011
1037500,25,'',86.20000000000013,86.80000000000013,88.00000000000011,88.60000000000011,89.8000000000001,87.40000000000012,86.80000000000013,87.40000000000012,88.60000000000011,82.60000000000016,88.60000000000011,88.60000000000011,87.40000000000012,85.60000000000014,88.00000000000011,88.60000000000011,85.60000000000014,88.60000000000011,88.60000000000011,88.60000000000011,88.60000000000011,89.2000000000001,89.2000000000001,88.00000000000011,89.2000000000001
1050000,25,'',88.60000000000011,86.20000000000013,85.60000000000014,88.60000000000011,88.00000000000011,85.60000000000014,88.60000000000011,87.40000000000012,87.40000000000012,88.00000000000011,87.40000000000012,88.00000000000011,86.80000000000013,85.60000000000014,85.60000000000014,88.00000000000011,88.60000000000011,86.20000000000013,86.80000000000013,87.40000000000012,86.20000000000013,88.60000000000011,86.20000000000013,87.40000000000012,88.60000000000011
1062500,25,'',87.40000000000012,86.80000000000013,87.40000000000012,87.40000000000012,86.80000000000013,86.80000000000013,89.2000000000001,84.40000000000015,89.8000000000001,87.40000000000012,87.40000000000012,87.40000000000012,88.60000000000011,89.2000000000001,88.60000000000011,88.00000000000011,87.40000000000012,86.20000000000013,87.40000000000012,86.80000000000013,88.00000000000011,86.80000000000013,87.40000000000012,86.80000000000013,88.60000000000011
1075000,25,'',85.00000000000014,88.60000000000011,86.80000000000013,88.60000000000011,87.40000000000012,88.00000000000011,87.40000000000012,87.40000000000012,87.40000000000012,88.00000000000011,87.40000000000012,88.60000000000011,86.80000000000013,88.00000000000011,88.00000000000011,90.40000000000009,87.40000000000012,88.00000000000011,84.40000000000015,88.60000000000011,87.40000000000012,88.00000000000011,84.40000000000015,86.80000000000013,88.60000000000011
1087500,25,'',85.00000000000014,82.60000000000016,87.40000000000012,88.60000000000011,87.40000000000012,86.80000000000013,86.80000000000013,88.60000000000011,88.00000000000011,88.60000000000011,87.40000000000012,87.40000000000012,88.00000000000011,88.00000000000011,87.40000000000012,88.00000000000011,86.80000000000013,88.00000000000011,86.80000000000013,87.40000000000012,86.80000000000013,88.00000000000011,86.80000000000013,87.40000000000012,88.00000000000011
1100000,25,'',85.00000000000014,87.40000000000012,87.40000000000012,88.60000000000011,88.00000000000011,88.00000000000011,88.60000000000011,88.60000000000011,82.60000000000016,88.60000000000011,90.40000000000009,88.00000000000011,86.80000000000013,88.00000000000011,88.60000000000011,88.00000000000011,88.60000000000011,88.60000000000011,88.60000000000011,87.40000000000012,86.20000000000013,86.80000000000013,88.00000000000011,88.00000000000011,86.80000000000013
1112500,25,'',86.20000000000013,87.40000000000012,88.60000000000011,86.20000000000013,87.40000000000012,86.20000000000013,87.40000000000012,87.40000000000012,88.00000000000011,86.20000000000013,88.60000000000011,83.80000000000015,87.40000000000012,86.80000000000013,87.40000000000012,87.40000000000012,86.20000000000013,86.20000000000013,88.00000000000011,87.40000000000012,87.40000000000012,86.20000000000013,88.60000000000011,88.00000000000011,87.40000000000012
1125000,25,'',85.00000000000014,85.60000000000014,86.20000000000013,91.00000000000009,86.20000000000013,86.20000000000013,85.60000000000014,86.80000000000013,88.00000000000011,85.00000000000014,88.60000000000011,76.00000000000023,86.80000000000013,86.20000000000013,85.00000000000014,89.2000000000001,87.40000000000012,86.20000000000013,84.40000000000015,88.00000000000011,94.60000000000005,85.00000000000014,91.60000000000008,87.40000000000012,91.00000000000009
1137500,25,'',88.00000000000011,88.00000000000011,87.40000000000012,88.60000000000011,86.20000000000013,88.00000000000011,87.40000000000012,88.00000000000011,88.60000000000011,88.00000000000011,88.00000000000011,87.40000000000012,85.60000000000014,86.20000000000013,88.60000000000011,88.00000000000011,86.20000000000013,88.00000000000011,87.40000000000012,86.20000000000013,88.60000000000011,86.20000000000013,88.00000000000011,88.00000000000011,86.20000000000013
1150000,25,'',92.80000000000007,86.20000000000013,90.40000000000009,91.00000000000009,87.40000000000012,85.60000000000014,92.80000000000007,92.20000000000007,89.2000000000001,72.40000000000026,91.60000000000008,94.00000000000006,86.20000000000013,95.20000000000005,89.8000000000001,86.20000000000013,94.00000000000006,91.60000000000008,86.20000000000013,91.60000000000008,88.00000000000011,90.40000000000009,84.40000000000015,90.40000000000009,90.40000000000009
1162500,25,'',92.20000000000007,86.80000000000013,86.20000000000013,91.00000000000009,88.00000000000011,86.80000000000013,91.00000000000009,77.20000000000022,95.20000000000005,89.2000000000001,86.20000000000013,86.80000000000013,85.00000000000014,86.20000000000013,93.40000000000006,87.40000000000012,91.00000000000009,94.60000000000005,91.00000000000009,95.20000000000005,90.40000000000009,91.00000000000009,95.20000000000005,85.00000000000014,88.00000000000011
1175000,25,'',95.20000000000005,91.00000000000009,80.80000000000018,91.00000000000009,94.60000000000005,86.20000000000013,90.40000000000009,86.80000000000013,84.40000000000015,83.80000000000015,90.40000000000009,91.00000000000009,95.20000000000005,86.20000000000013,94.60000000000005,87.40000000000012,85.00000000000014,91.00000000000009,89.2000000000001,94.60000000000005,95.20000000000005,95.20000000000005,88.00000000000011,95.20000000000005,91.60000000000008
1187500,25,'',84.40000000000015,94.60000000000005,94.60000000000005,86.80000000000013,94.00000000000006,95.80000000000004,86.80000000000013,85.00000000000014,95.20000000000005,97.00000000000003,92.20000000000007,88.00000000000011,91.00000000000009,83.20000000000016,91.00000000000009,82.00000000000017,56.20000000000032,96.40000000000003,86.20000000000013,95.20000000000005,85.60000000000014,82.60000000000016,54.40000000000032,94.00000000000006,80.80000000000018
1200000,25,'',84.40000000000015,90.40000000000009,90.40000000000009,85.60000000000014,89.8000000000001,97.00000000000003,83.20000000000016,88.00000000000011,91.00000000000009,87.40000000000012,97.00000000000003,90.40000000000009,97.00000000000003,85.60000000000014,75.40000000000023,86.80000000000013,90.40000000000009,86.80000000000013,83.20000000000016,97.00000000000003,88.60000000000011,97.00000000000003,79.6000000000002,92.80000000000007,90.40000000000009
1212500,25,'',96.40000000000003,87.40000000000012,94.00000000000006,96.40000000000003,94.00000000000006,85.00000000000014,90.40000000000009,87.40000000000012,91.60000000000008,92.80000000000007,91.60000000000008,96.40000000000003,91.60000000000008,94.60000000000005,97.00000000000003,95.80000000000004,88.60000000000011,97.00000000000003,96.40000000000003,97.00000000000003,92.20000000000007,87.40000000000012,62.80000000000034,86.80000000000013,94.60000000000005
1225000,25,'',96.40000000000003,85.00000000000014,89.2000000000001,97.00000000000003,89.8000000000001,89.8000000000001,92.80000000000007,86.20000000000013,95.80000000000004,97.00000000000003,82.60000000000016,91.00000000000009,92.80000000000007,92.80000000000007,89.8000000000001,96.40000000000003,92.80000000000007,81.40000000000018,93.40000000000006,88.60000000000011,85.60000000000014,85.00000000000014,97.00000000000003,88.00000000000011,94.00000000000006
1237500,25,'',88.00000000000011,96.40000000000003,79.6000000000002,91.60000000000008,95.20000000000005,90.40000000000009,90.40000000000009,94.60000000000005,89.8000000000001,88.00000000000011,94.00000000000006,96.40000000000003,97.00000000000003,86.80000000000013,88.60000000000011,95.20000000000005,97.00000000000003,96.40000000000003,83.20000000000016,92.80000000000007,92.20000000000007,91.00000000000009,96.40000000000003,92.20000000000007,89.8000000000001
1250000,25,'',97.00000000000003,97.00000000000003,84.40000000000015,90.40000000000009,88.60000000000011,89.2000000000001,94.60000000000005,91.00000000000009,89.2000000000001,88.00000000000011,95.20000000000005,85.00000000000014,92.80000000000007,91.00000000000009,86.20000000000013,91.60000000000008,91.00000000000009,87.40000000000012,82.00000000000017,97.00000000000003,90.40000000000009,91.00000000000009,88.00000000000011,88.60000000000011,96.40000000000003
1262500,25,'',97.00000000000003,97.00000000000003,96.40000000000003,96.40000000000003,96.40000000000003,97.00000000000003,97.00000000000003,97.00000000000003,96.40000000000003,91.00000000000009,94.60000000000005,95.80000000000004,97.00000000000003,96.40000000000003,64.60000000000034,89.2000000000001,97.00000000000003,88.00000000000011,95.20000000000005,88.60000000000011,97.60000000000002,96.40000000000003,91.00000000000009,91.00000000000009,93.40000000000006
1275000,25,'',97.00000000000003,89.8000000000001,97.00000000000003,97.60000000000002,92.20000000000007,88.60000000000011,77.20000000000022,97.00000000000003,97.00000000000003,84.40000000000015,96.40000000000003,97.00000000000003,97.00000000000003,97.00000000000003,97.00000000000003,86.20000000000013,63.40000000000034,93.40000000000006,94.00000000000006,86.80000000000013,97.00000000000003,95.20000000000005,90.40000000000009,92.20000000000007,94.60000000000005
1287500,25,'',97.00000000000003,97.00000000000003,91.00000000000009,88.60000000000011,86.20000000000013,96.40000000000003,95.20000000000005,92.80000000000007,96.40000000000003,88.60000000000011,97.60000000000002,89.2000000000001,88.00000000000011,97.00000000000003,91.00000000000009,97.00000000000003,91.00000000000009,93.40000000000006,97.00000000000003,97.00000000000003,88.60000000000011,97.00000000000003,97.00000000000003,96.40000000000003,97.60000000000002
1300000,25,'',85.60000000000014,97.00000000000003,97.00000000000003,94.00000000000006,83.80000000000015,97.00000000000003,78.4000000000002,90.40000000000009,97.00000000000003,97.00000000000003,97.00000000000003,81.40000000000018,97.00000000000003,97.60000000000002,92.80000000000007,78.4000000000002,64.60000000000034,97.00000000000003,88.00000000000011,80.20000000000019,94.60000000000005,97.00000000000003,97.00000000000003,85.00000000000014,97.00000000000003
1312500,25,'',97.00000000000003,97.00000000000003,85.60000000000014,97.60000000000002,97.00000000000003,88.60000000000011,97.00000000000003,87.40000000000012,95.20000000000005,97.00000000000003,97.00000000000003,97.00000000000003,97.00000000000003,90.40000000000009,97.00000000000003,90.40000000000009,97.00000000000003,89.2000000000001,88.00000000000011,96.40000000000003,89.2000000000001,88.00000000000011,97.60000000000002,95.20000000000005,97.60000000000002
1325000,25,'',87.40000000000012,85.00000000000014,97.00000000000003,96.40000000000003,88.00000000000011,88.00000000000011,96.40000000000003,91.00000000000009,95.80000000000004,96.40000000000003,89.2000000000001,92.80000000000007,97.00000000000003,97.00000000000003,89.2000000000001,96.40000000000003,97.00000000000003,97.00000000000003,97.60000000000002,96.40000000000003,95.20000000000005,87.40000000000012,86.80000000000013,92.80000000000007,89.8000000000001
1337500,25,'',96.40000000000003,92.80000000000007,94.00000000000006,96.40000000000003,95.20000000000005,94.00000000000006,94.00000000000006,85.00000000000014,96.40000000000003,97.00000000000003,96.40000000000003,96.40000000000003,96.40000000000003,96.40000000000003,96.40000000000003,96.40000000000003,96.40000000000003,91.00000000000009,85.00000000000014,92.80000000000007,96.40000000000003,96.40000000000003,97.00000000000003,88.00000000000011,96.40000000000003
1350000,25,'',94.60000000000005,97.00000000000003,97.00000000000003,97.00000000000003,97.00000000000003,94.60000000000005,96.40000000000003,95.20000000000005,97.00000000000003,96.40000000000003,96.40000000000003,92.80000000000007,96.40000000000003,96.40000000000003,96.40000000000003,94.60000000000005,97.00000000000003,97.00000000000003,97.00000000000003,97.00000000000003,97.00000000000003,94.60000000000005,96.40000000000003,94.60000000000005,96.40000000000003
1362500,25,'',94.00000000000006,96.40000000000003,96.40000000000003,87.40000000000012,95.20000000000005,94.00000000000006,97.00000000000003,88.00000000000011,95.20000000000005,97.00000000000003,93.40000000000006,97.00000000000003,97.00000000000003,97.00000000000003,96.40000000000003,97.00000000000003,95.80000000000004,97.00000000000003,93.40000000000006,95.80000000000004,92.80000000000007,96.40000000000003,95.20000000000005,94.60000000000005,88.00000000000011
1375000,25,'',94.60000000000005,88.60000000000011,97.60000000000002,88.00000000000011,96.40000000000003,88.00000000000011,92.80000000000007,96.40000000000003,94.00000000000006,97.60000000000002,96.40000000000003,96.40000000000003,96.40000000000003,89.2000000000001,89.2000000000001,90.40000000000009,96.40000000000003,87.40000000000012,95.20000000000005,88.00000000000011,97.00000000000003,92.20000000000007,96.40000000000003,96.40000000000003,94.60000000000005
1387500,25,'',92.80000000000007,93.40000000000006,95.80000000000004,97.60000000000002,88.00000000000011,94.60000000000005,89.8000000000001,89.2000000000001,94.60000000000005,89.2000000000001,92.20000000000007,90.40000000000009,92.80000000000007,92.80000000000007,96.40000000000003,91.00000000000009,92.20000000000007,91.60000000000008,94.00000000000006,92.80000000000007,94.00000000000006,96.40000000000003,96.40000000000003,95.80000000000004,97.60000000000002
1400000,25,'',96.40000000000003,92.80000000000007,94.60000000000005,94.60000000000005,96.40000000000003,96.40000000000003,96.40000000000003,97.00000000000003,88.60000000000011,97.00000000000003,97.00000000000003,96.40000000000003,97.00000000000003,92.80000000000007,97.00000000000003,89.2000000000001,97.00000000000003,97.00000000000003,94.60000000000005,96.40000000000003,97.00000000000003,96.40000000000003,94.60000000000005,96.40000000000003,95.20000000000005
1412500,25,'',97.60000000000002,85.00000000000014,85.60000000000014,97.60000000000002,95.20000000000005,97.60000000000002,89.2000000000001,85.00000000000014,97.60000000000002,97.60000000000002,97.60000000000002,97.60000000000002,94.60000000000005,87.40000000000012,81.40000000000018,83.20000000000016,97.00000000000003,93.40000000000006,97.60000000000002,88.60000000000011,89.2000000000001,92.80000000000007,85.60000000000014,94.00000000000006,97.60000000000002
1425000,25,'',97.00000000000003,94.60000000000005,97.00000000000003,97.60000000000002,97.60000000000002,91.00000000000009,97.00000000000003,94.60000000000005,96.40000000000003,86.20000000000013,97.60000000000002,97.00000000000003,97.00000000000003,96.40000000000003,86.80000000000013,83.20000000000016,89.8000000000001,91.60000000000008,88.60000000000011,86.80000000000013,97.00000000000003,89.2000000000001,96.40000000000003,85.60000000000014,90.40000000000009
1437500,25,'',97.00000000000003,89.2000000000001,67.00000000000031,97.00000000000003,95.20000000000005,97.60000000000002,96.40000000000003,50.20000000000031,96.40000000000003,57.400000000000325,94.00000000000006,97.00000000000003,74.80000000000024,92.80000000000007,97.60000000000002,96.40000000000003,80.80000000000018,97.00000000000003,87.40000000000012,88.00000000000011,84.40000000000015,93.40000000000006,97.00000000000003,87.40000000000012,91.00000000000009
1450000,25,'',91.60000000000008,97.00000000000003,97.60000000000002,97.00000000000003,84.40000000000015,97.00000000000003,94.60000000000005,94.00000000000006,97.00000000000003,97.00000000000003,97.00000000000003,97.00000000000003,76.60000000000022,94.00000000000006,97.00000000000003,86.20000000000013,97.00000000000003,85.60000000000014,97.00000000000003,86.20000000000013,85.60000000000014,88.00000000000011,89.8000000000001,81.40000000000018,86.80000000000013
1462500,25,'',97.00000000000003,97.60000000000002,86.20000000000013,97.60000000000002,97.60000000000002,86.20000000000013,86.80000000000013,91.60000000000008,97.60000000000002,97.00000000000003,77.80000000000021,97.60000000000002,91.00000000000009,97.60000000000002,97.00000000000003,97.00000000000003,86.20000000000013,97.60000000000002,95.20000000000005,97.00000000000003,47.2000000000003,82.00000000000017,90.40000000000009,86.20000000000013,97.60000000000002
1475000,25,'',93.40000000000006,97.00000000000003,85.00000000000014,97.00000000000003,97.00000000000003,97.00000000000003,94.60000000000005,97.00000000000003,97.00000000000003,95.20000000000005,93.40000000000006,97.00000000000003,92.80000000000007,97.00000000000003,97.00000000000003,97.00000000000003,97.00000000000003,90.40000000000009,87.40000000000012,97.00000000000003,97.00000000000003,97.00000000000003,97.00000000000003,86.80000000000013,86.80000000000013
1487500,25,'',94.60000000000005,97.00000000000003,95.20000000000005,97.00000000000003,97.00000000000003,97.00000000000003,90.40000000000009,97.60000000000002,97.00000000000003,97.00000000000003,97.00000000000003,97.00000000000003,97.00000000000003,92.80000000000007,97.00000000000003,97.00000000000003,97.00000000000003,97.00000000000003,97.00000000000003,97.00000000000003,97.00000000000003,97.00000000000003,85.00000000000014,97.00000000000003,97.00000000000003
1500000,25,'',97.00000000000003,97.00000000000003,97.00000000000003,77.20000000000022,97.00000000000003,97.00000000000003,96.40000000000003,96.40000000000003,94.60000000000005,96.40000000000003,95.20000000000005,97.00000000000003,97.00000000000003,96.40000000000003,96.40000000000003,96.40000000000003,96.40000000000003,95.20000000000005,97.00000000000003,97.00000000000003,96.40000000000003,96.40000000000003,97.00000000000003,97.00000000000003,96.40000000000003
1512500,25,'',90.40000000000009,87.40000000000012,71.20000000000027,96.40000000000003,94.60000000000005,94.00000000000006,96.40000000000003,94.60000000000005,89.2000000000001,91.60000000000008,92.20000000000007,92.80000000000007,94.00000000000006,91.60000000000008,87.40000000000012,97.00000000000003,96.40000000000003,85.00000000000014,93.40000000000006,92.80000000000007,85.00000000000014,87.40000000000012,93.40000000000006,97.00000000000003,89.8000000000001
1525000,25,'',96.40000000000003,96.40000000000003,91.60000000000008,96.40000000000003,96.40000000000003,96.40000000000003,96.40000000000003,81.40000000000018,96.40000000000003,94.60000000000005,91.00000000000009,86.20000000000013,96.40000000000003,96.40000000000003,92.20000000000007,96.40000000000003,93.40000000000006,89.2000000000001,95.20000000000005,89.8000000000001,96.40000000000003,92.20000000000007,94.60000000000005,96.40000000000003,94.60000000000005
1537500,25,'',96.40000000000003,94.00000000000006,96.40000000000003,96.40000000000003,91.00000000000009,91.60000000000008,96.40000000000003,96.40000000000003,85.00000000000014,96.40000000000003,77.20000000000022,96.40000000000003,94.00000000000006,96.40000000000003,94.60000000000005,91.00000000000009,96.40000000000003,96.40000000000003,79.0000000000002,96.40000000000003,96.40000000000003,96.40000000000003,96.40000000000003,94.60000000000005,97.00000000000003
1550000,25,'',94.60000000000005,94.00000000000006,84.40000000000015,94.00000000000006,89.2000000000001,92.20000000000007,90.40000000000009,82.60000000000016,93.40000000000006,92.20000000000007,96.40000000000003,91.00000000000009,93.40000000000006,88.60000000000011,91.60000000000008,84.40000000000015,95.20000000000005,95.20000000000005,94.60000000000005,85.00000000000014,96.40000000000003,92.20000000000007,91.60000000000008,93.40000000000006,92.80000000000007
1562500,25,'',94.00000000000006,94.60000000000005,97.00000000000003,93.40000000000006,95.80000000000004,94.00000000000006,96.40000000000003,97.00000000000003,96.40000000000003,96.40000000000003,90.40000000000009,96.40000000000003,96.40000000000003,96.40000000000003,97.00000000000003,96.40000000000003,94.00000000000006,94.60000000000005,94.60000000000005,96.40000000000003,96.40000000000003,92.80000000000007,96.40000000000003,92.20000000000007,94.00000000000006
1575000,25,'',38.20000000000028,89.8000000000001,94.00000000000006,83.80000000000015,96.40000000000003,92.80000000000007,77.20000000000022,91.00000000000009,96.40000000000003,86.80000000000013,89.2000000000001,80.20000000000019,74.80000000000024,74.20000000000024,91.60000000000008,89.8000000000001,93.40000000000006,91.60000000000008,92.20000000000007,82.00000000000017,80.80000000000018,94.60000000000005,86.80000000000013,67.6000000000003,91.00000000000009
1587500,25,'',80.20000000000019,88.00000000000011,89.2000000000001,81.40000000000018,89.2000000000001,96.40000000000003,88.00000000000011,89.8000000000001,85.60000000000014,78.4000000000002,81.40000000000018,96.40000000000003,96.40000000000003,96.40000000000003,90.40000000000009,94.60000000000005,96.40000000000003,92.20000000000007,92.80000000000007,92.20000000000007,96.40000000000003,96.40000000000003,96.40000000000003,96.40000000000003,86.80000000000013
1600000,25,'',96.40000000000003,96.40000000000003,94.60000000000005,85.60000000000014,95.80000000000004,93.40000000000006,86.80000000000013,96.40000000000003,96.40000000000003,88.60000000000011,95.80000000000004,96.40000000000003,96.40000000000003,96.40000000000003,95.20000000000005,96.40000000000003,96.40000000000003,96.40000000000003,93.40000000000006,95.80000000000004,88.60000000000011,87.40000000000012,89.8000000000001,92.80000000000007,96.40000000000003
1612500,25,'',95.20000000000005,95.20000000000005,96.40000000000003,96.40000000000003,71.20000000000027,94.60000000000005,96.40000000000003,88.00000000000011,96.40000000000003,96.40000000000003,88.00000000000011,94.00000000000006,94.60000000000005,89.8000000000001,96.40000000000003,89.2000000000001,96.40000000000003,80.80000000000018,87.40000000000012,94.60000000000005,95.20000000000005,89.2000000000001,81.40000000000018,84.40000000000015,96.40000000000003
1625000,25,'',97.00000000000003,89.8000000000001,97.60000000000002,97.00000000000003,97.00000000000003,82.60000000000016,89.2000000000001,88.00000000000011,97.00000000000003,85.60000000000014,87.40000000000012,94.00000000000006,89.2000000000001,80.20000000000019,90.40000000000009,91.00000000000009,94.00000000000006,67.6000000000003,91.00000000000009,97.00000000000003,77.20000000000022,88.00000000000011,89.8000000000001,82.00000000000017,90.40000000000009
1637500,25,'',97.00000000000003,97.60000000000002,97.00000000000003,93.40000000000006,97.60000000000002,94.60000000000005,88.60000000000011,88.60000000000011,82.00000000000017,93.40000000000006,90.40000000000009,94.60000000000005,94.00000000000006,97.00000000000003,91.60000000000008,92.80000000000007,97.00000000000003,90.40000000000009,91.00000000000009,96.40000000000003,94.60000000000005,91.00000000000009,96.40000000000003,94.00000000000006,89.2000000000001
1650000,25,'',72.40000000000026,89.2000000000001,94.00000000000006,88.00000000000011,96.40000000000003,89.2000000000001,97.60000000000002,97.00000000000003,93.40000000000006,86.80000000000013,97.00000000000003,92.20000000000007,91.00000000000009,89.2000000000001,97.60000000000002,89.8000000000001,94.60000000000005,96.40000000000003,88.00000000000011,95.80000000000004,70.60000000000028,95.80000000000004,89.8000000000001,94.60000000000005,92.20000000000007
1662500,25,'',87.40000000000012,76.00000000000023,62.80000000000034,90.40000000000009,91.60000000000008,79.6000000000002,91.60000000000008,97.00000000000003,89.8000000000001,88.00000000000011,88.60000000000011,65.20000000000033,91.00000000000009,93.40000000000006,88.00000000000011,77.20000000000022,88.60000000000011,87.40000000000012,92.20000000000007,92.20000000000007,83.80000000000015,94.60000000000005,88.00000000000011,94.60000000000005,88.00000000000011
1675000,25,'',92.80000000000007,89.8000000000001,96.40000000000003,97.00000000000003,64.00000000000034,93.40000000000006,89.2000000000001,97.00000000000003,97.00000000000003,92.20000000000007,84.40000000000015,84.40000000000015,96.40000000000003,91.00000000000009,88.00000000000011,96.40000000000003,92.80000000000007,97.00000000000003,94.00000000000006,71.80000000000027,86.20000000000013,96.40000000000003,89.2000000000001,97.00000000000003,92.20000000000007
1687500,25,'',97.00000000000003,84.40000000000015,80.20000000000019,92.80000000000007,84.40000000000015,94.60000000000005,92.80000000000007,85.00000000000014,88.00000000000011,92.20000000000007,94.60000000000005,90.40000000000009,96.40000000000003,91.60000000000008,92.80000000000007,94.00000000000006,54.40000000000032,97.00000000000003,94.00000000000006,96.40000000000003,91.00000000000009,96.40000000000003,67.6000000000003,95.20000000000005,80.20000000000019
1700000,25,'',97.00000000000003,96.40000000000003,90.40000000000009,94.60000000000005,97.00000000000003,96.40000000000003,94.60000000000005,97.00000000000003,90.40000000000009,94.60000000000005,86.20000000000013,92.20000000000007,97.00000000000003,97.00000000000003,96.40000000000003,95.80000000000004,92.20000000000007,88.00000000000011,91.60000000000008,89.8000000000001,81.40000000000018,92.20000000000007,84.40000000000015,91.00000000000009,91.00000000000009
1712500,25,'',92.80000000000007,94.60000000000005,95.80000000000004,97.00000000000003,91.60000000000008,92.80000000000007,96.40000000000003,96.40000000000003,79.0000000000002,97.00000000000003,96.40000000000003,92.80000000000007,96.40000000000003,94.60000000000005,94.00000000000006,97.00000000000003,96.40000000000003,96.40000000000003,91.00000000000009,82.00000000000017,95.20000000000005,92.20000000000007,94.00000000000006,92.20000000000007,93.40000000000006
1725000,25,'',94.60000000000005,92.20000000000007,92.20000000000007,95.20000000000005,91.00000000000009,96.40000000000003,97.00000000000003,94.00000000000006,94.60000000000005,96.40000000000003,96.40000000000003,97.60000000000002,97.00000000000003,96.40000000000003,97.60000000000002,94.60000000000005,96.40000000000003,97.00000000000003,96.40000000000003,94.00000000000006,88.60000000000011,96.40000000000003,94.60000000000005,96.40000000000003,96.40000000000003
1737500,25,'',96.40000000000003,94.00000000000006,93.40000000000006,97.60000000000002,97.00000000000003,94.00000000000006,95.80000000000004,97.00000000000003,95.20000000000005,94.60000000000005,94.00000000000006,94.00000000000006,95.20000000000005,92.80000000000007,97.60000000000002,96.40000000000003,96.40000000000003,93.40000000000006,94.60000000000005,80.20000000000019,93.40000000000006,96.40000000000003,94.60000000000005,91.60000000000008,91.00000000000009
1750000,25,'',95.80000000000004,82.60000000000016,91.00000000000009,95.80000000000004,97.00000000000003,93.40000000000006,91.00000000000009,95.80000000000004,97.60000000000002,89.8000000000001,94.00000000000006,93.40000000000006,89.2000000000001,88.00000000000011,86.20000000000013,97.60000000000002,90.40000000000009,96.40000000000003,96.40000000000003,97.00000000000003,96.40000000000003,91.00000000000009,97.60000000000002,85.60000000000014,93.40000000000006
1762500,25,'',94.60000000000005,92.80000000000007,83.20000000000016,96.40000000000003,91.00000000000009,84.40000000000015,97.60000000000002,84.40000000000015,96.40000000000003,97.00000000000003,95.80000000000004,94.00000000000006,94.60000000000005,87.40000000000012,97.60000000000002,97.60000000000002,96.40000000000003,88.00000000000011,97.60000000000002,97.60000000000002,85.00000000000014,97.60000000000002,89.8000000000001,94.60000000000005,87.40000000000012
1775000,25,'',95.20000000000005,84.40000000000015,68.2000000000003,91.60000000000008,94.60000000000005,90.40000000000009,89.2000000000001,97.00000000000003,91.00000000000009,85.60000000000014,92.80000000000007,97.00000000000003,92.20000000000007,95.20000000000005,97.60000000000002,97.00000000000003,90.40000000000009,85.60000000000014,97.00000000000003,97.00000000000003,97.60000000000002,88.60000000000011,94.60000000000005,83.20000000000016,97.00000000000003
1787500,25,'',94.60000000000005,92.80000000000007,96.40000000000003,87.40000000000012,95.20000000000005,86.20000000000013,97.00000000000003,90.40000000000009,97.60000000000002,94.60000000000005,93.40000000000006,91.60000000000008,90.40000000000009,82.00000000000017,94.60000000000005,97.00000000000003,87.40000000000012,96.40000000000003,92.20000000000007,97.00000000000003,91.00000000000009,74.80000000000024,85.60000000000014,92.20000000000007,64.00000000000034
1800000,25,'',97.60000000000002,94.60000000000005,96.40000000000003,97.00000000000003,97.00000000000003,96.40000000000003,90.40000000000009,90.40000000000009,95.20000000000005,96.40000000000003,96.40000000000003,88.00000000000011,96.40000000000003,96.40000000000003,96.40000000000003,94.00000000000006,94.60000000000005,96.40000000000003,96.40000000000003,86.80000000000013,89.2000000000001,91.00000000000009,94.60000000000005,96.40000000000003,94.60000000000005
1812500,25,'',97.00000000000003,75.40000000000023,97.00000000000003,97.00000000000003,97.60000000000002,97.60000000000002,91.00000000000009,97.00000000000003,96.40000000000003,86.20000000000013,89.2000000000001,95.80000000000004,90.40000000000009,87.40000000000012,96.40000000000003,96.40000000000003,97.60000000000002,96.40000000000003,97.00000000000003,90.40000000000009,97.00000000000003,88.00000000000011,82.00000000000017,89.2000000000001,94.00000000000006
1825000,25,'',86.20000000000013,95.80000000000004,96.40000000000003,94.60000000000005,97.00000000000003,94.00000000000006,96.40000000000003,91.60000000000008,96.40000000000003,97.00000000000003,96.40000000000003,83.20000000000016,96.40000000000003,96.40000000000003,95.20000000000005,97.00000000000003,93.40000000000006,94.00000000000006,83.80000000000015,89.2000000000001,96.40000000000003,82.00000000000017,89.2000000000001,96.40000000000003,92.20000000000007
1837500,25,'',96.40000000000003,96.40000000000003,85.60000000000014,92.80000000000007,96.40000000000003,94.00000000000006,96.40000000000003,96.40000000000003,93.40000000000006,92.80000000000007,96.40000000000003,96.40000000000003,95.20000000000005,95.80000000000004,96.40000000000003,86.20000000000013,96.40000000000003,96.40000000000003,96.40000000000003,94.60000000000005,96.40000000000003,92.20000000000007,93.40000000000006,91.00000000000009,96.40000000000003
1850000,25,'',96.40000000000003,95.20000000000005,83.20000000000016,96.40000000000003,91.60000000000008,96.40000000000003,94.60000000000005,96.40000000000003,96.40000000000003,96.40000000000003,96.40000000000003,96.40000000000003,88.60000000000011,96.40000000000003,96.40000000000003,91.00000000000009,94.00000000000006,93.40000000000006,96.40000000000003,86.80000000000013,88.60000000000011,96.40000000000003,86.20000000000013,94.60000000000005,95.20000000000005
1862500,25,'',96.40000000000003,96.40000000000003,94.60000000000005,94.60000000000005,86.20000000000013,96.40000000000003,96.40000000000003,82.60000000000016,95.20000000000005,96.40000000000003,94.00000000000006,92.20000000000007,96.40000000000003,94.60000000000005,94.60000000000005,93.40000000000006,95.20000000000005,94.00000000000006,91.00000000000009,91.60000000000008,81.40000000000018,96.40000000000003,80.20000000000019,89.8000000000001,96.40000000000003
1875000,25,'',96.40000000000003,96.40000000000003,91.60000000000008,79.6000000000002,91.00000000000009,88.00000000000011,95.80000000000004,85.60000000000014,94.60000000000005,96.40000000000003,96.40000000000003,78.4000000000002,93.40000000000006,70.60000000000028,94.60000000000005,96.40000000000003,94.00000000000006,84.40000000000015,88.00000000000011,94.60000000000005,94.60000000000005,86.80000000000013,89.8000000000001,94.60000000000005,94.00000000000006
1887500,25,'',88.60000000000011,96.40000000000003,96.40000000000003,95.20000000000005,96.40000000000003,91.00000000000009,96.40000000000003,90.40000000000009,96.40000000000003,96.40000000000003,96.40000000000003,96.40000000000003,96.40000000000003,92.80000000000007,96.40000000000003,96.40000000000003,95.80000000000004,92.20000000000007,85.00000000000014,96.40000000000003,92.80000000000007,93.40000000000006,88.00000000000011,96.40000000000003,89.2000000000001
1900000,25,'',92.80000000000007,96.40000000000003,42.40000000000029,94.60000000000005,96.40000000000003,95.80000000000004,96.40000000000003,84.40000000000015,94.60000000000005,96.40000000000003,94.60000000000005,89.2000000000001,88.60000000000011,96.40000000000003,96.40000000000003,93.40000000000006,96.40000000000003,96.40000000000003,95.80000000000004,96.40000000000003,96.40000000000003,96.40000000000003,89.8000000000001,96.40000000000003,96.40000000000003
1912500,25,'',89.8000000000001,94.60000000000005,94.60000000000005,96.40000000000003,95.20000000000005,96.40000000000003,89.2000000000001,96.40000000000003,96.40000000000003,92.80000000000007,96.40000000000003,96.40000000000003,96.40000000000003,94.00000000000006,94.00000000000006,93.40000000000006,96.40000000000003,96.40000000000003,83.20000000000016,96.40000000000003,96.40000000000003,96.40000000000003,85.00000000000014,76.60000000000022,89.2000000000001
1925000,25,'',92.80000000000007,94.60000000000005,94.60000000000005,93.40000000000006,94.60000000000005,94.60000000000005,94.60000000000005,92.80000000000007,96.40000000000003,94.00000000000006,94.60000000000005,94.60000000000005,94.60000000000005,96.40000000000003,96.40000000000003,94.60000000000005,96.40000000000003,93.40000000000006,96.40000000000003,91.60000000000008,91.60000000000008,94.60000000000005,94.60000000000005,94.00000000000006,90.40000000000009
1937500,25,'',94.60000000000005,96.40000000000003,96.40000000000003,94.00000000000006,93.40000000000006,94.00000000000006,94.00000000000006,92.80000000000007,94.00000000000006,89.8000000000001,92.20000000000007,94.60000000000005,91.00000000000009,89.8000000000001,94.00000000000006,92.80000000000007,92.20000000000007,91.60000000000008,94.60000000000005,95.80000000000004,96.40000000000003,97.00000000000003,94.60000000000005,93.40000000000006,93.40000000000006
1950000,25,'',93.40000000000006,96.40000000000003,94.00000000000006,94.60000000000005,94.60000000000005,94.60000000000005,94.60000000000005,94.60000000000005,92.80000000000007,91.00000000000009,91.00000000000009,92.80000000000007,89.8000000000001,96.40000000000003,94.60000000000005,92.80000000000007,92.80000000000007,94.60000000000005,94.60000000000005,96.40000000000003,94.60000000000005,94.60000000000005,94.60000000000005,92.80000000000007,94.60000000000005
1962500,25,'',94.00000000000006,96.40000000000003,94.60000000000005,94.60000000000005,96.40000000000003,96.40000000000003,96.40000000000003,96.40000000000003,94.60000000000005,91.00000000000009,90.40000000000009,94.00000000000006,96.40000000000003,89.8000000000001,94.00000000000006,93.40000000000006,89.2000000000001,94.60000000000005,94.60000000000005,87.40000000000012,94.00000000000006,92.80000000000007,96.40000000000003,94.60000000000005,92.80000000000007
1975000,25,'',96.40000000000003,90.40000000000009,96.40000000000003,86.80000000000013,95.80000000000004,96.40000000000003,96.40000000000003,96.40000000000003,96.40000000000003,96.40000000000003,96.40000000000003,94.60000000000005,96.40000000000003,95.80000000000004,96.40000000000003,94.60000000000005,94.60000000000005,90.40000000000009,96.40000000000003,96.40000000000003,96.40000000000003,94.60000000000005,94.60000000000005,96.40000000000003,94.60000000000005
1987500,25,'',96.40000000000003,90.40000000000009,94.60000000000005,92.80000000000007,96.40000000000003,96.40000000000003,91.00000000000009,96.40000000000003,96.40000000000003,65.80000000000032,88.00000000000011,96.40000000000003,85.60000000000014,92.80000000000007,94.60000000000005,96.40000000000003,94.60000000000005,96.40000000000003,96.40000000000003,96.40000000000003,96.40000000000003,92.80000000000007,96.40000000000003,96.40000000000003,94.60000000000005
2000000,25,'',95.80000000000004,96.40000000000003,96.40000000000003,88.60000000000011,96.40000000000003,88.60000000000011,96.40000000000003,96.40000000000003,94.60000000000005,96.40000000000003,95.20000000000005,96.40000000000003,96.40000000000003,96.40000000000003,96.40000000000003,96.40000000000003,96.40000000000003,96.40000000000003,96.40000000000003,96.40000000000003,96.40000000000003,96.40000000000003,94.60000000000005,94.60000000000005,96.40000000000003
2012500,25,'',96.40000000000003,95.20000000000005,94.60000000000005,91.00000000000009,94.60000000000005,92.80000000000007,96.40000000000003,94.60000000000005,89.2000000000001,96.40000000000003,96.40000000000003,96.40000000000003,93.40000000000006,72.40000000000026,96.40000000000003,94.00000000000006,94.60000000000005,92.20000000000007,83.80000000000015,96.40000000000003,91.60000000000008,96.40000000000003,96.40000000000003,94.60000000000005,96.40000000000003
2025000,25,'',94.60000000000005,92.20000000000007,96.40000000000003,96.40000000000003,96.40000000000003,96.40000000000003,96.40000000000003,96.40000000000003,82.00000000000017,94.60000000000005,88.60000000000011,92.20000000000007,97.60000000000002,96.40000000000003,96.40000000000003,92.20000000000007,96.40000000000003,89.2000000000001,94.60000000000005,96.40000000000003,94.00000000000006,96.40000000000003,88.60000000000011,94.60000000000005,96.40000000000003
2037500,25,'',91.00000000000009,96.40000000000003,96.40000000000003,92.80000000000007,96.40000000000003,88.60000000000011,96.40000000000003,92.80000000000007,94.60000000000005,92.80000000000007,89.2000000000001,87.40000000000012,94.60000000000005,44.800000000000296,94.00000000000006,96.40000000000003,92.20000000000007,92.20000000000007,89.8000000000001,94.60000000000005,96.40000000000003,94.60000000000005,96.40000000000003,94.60000000000005,92.20000000000007
2050000,25,'',93.40000000000006,94.00000000000006,96.40000000000003,94.60000000000005,94.60000000000005,96.40000000000003,94.60000000000005,96.40000000000003,96.40000000000003,87.40000000000012,86.20000000000013,96.40000000000003,96.40000000000003,89.2000000000001,94.60000000000005,94.60000000000005,96.40000000000003,94.60000000000005,95.80000000000004,96.40000000000003,95.80000000000004,96.40000000000003,94.60000000000005,96.40000000000003,94.60000000000005
2062500,25,'',96.40000000000003,95.80000000000004,94.60000000000005,96.40000000000003,86.80000000000013,94.60000000000005,96.40000000000003,96.40000000000003,94.60000000000005,96.40000000000003,96.40000000000003,94.60000000000005,90.40000000000009,96.40000000000003,96.40000000000003,94.60000000000005,96.40000000000003,96.40000000000003,90.40000000000009,92.80000000000007,96.40000000000003,96.40000000000003,90.40000000000009,96.40000000000003,96.40000000000003
2075000,25,'',96.40000000000003,89.8000000000001,94.60000000000005,94.60000000000005,94.60000000000005,90.40000000000009,92.20000000000007,84.40000000000015,96.40000000000003,96.40000000000003,92.80000000000007,96.40000000000003,94.60000000000005,94.60000000000005,96.40000000000003,82.00000000000017,96.40000000000003,92.20000000000007,96.40000000000003,96.40000000000003,96.40000000000003,90.40000000000009,94.60000000000005,94.00000000000006,96.40000000000003
2087500,25,'',95.80000000000004,96.40000000000003,96.40000000000003,94.00000000000006,96.40000000000003,96.40000000000003,96.40000000000003,96.40000000000003,96.40000000000003,96.40000000000003,96.40000000000003,96.40000000000003,96.40000000000003,93.40000000000006,96.40000000000003,94.00000000000006,91.60000000000008,96.40000000000003,96.40000000000003,95.80000000000004,96.40000000000003,96.40000000000003,96.40000000000003,96.40000000000003,96.40000000000003
2100000,25,'',91.00000000000009,95.80000000000004,96.40000000000003,96.40000000000003,88.60000000000011,96.40000000000003,96.40000000000003,96.40000000000003,96.40000000000003,96.40000000000003,96.40000000000003,94.60000000000005,91.60000000000008,96.40000000000003,96.40000000000003,96.40000000000003,96.40000000000003,96.40000000000003,96.40000000000003,96.40000000000003,96.40000000000003,96.40000000000003,96.40000000000003,96.40000000000003,96.40000000000003
2112500,25,'',96.40000000000003,94.00000000000006,91.00000000000009,93.40000000000006,94.00000000000006,59.80000000000033,87.40000000000012,96.40000000000003,91.00000000000009,96.40000000000003,96.40000000000003,92.20000000000007,96.40000000000003,94.00000000000006,89.2000000000001,92.20000000000007,94.00000000000006,92.20000000000007,85.00000000000014,86.20000000000013,95.80000000000004,91.00000000000009,85.00000000000014,95.80000000000004,94.60000000000005
2125000,25,'',94.00000000000006,96.40000000000003,95.80000000000004,74.80000000000024,91.00000000000009,92.80000000000007,96.40000000000003,96.40000000000003,96.40000000000003,96.40000000000003,96.40000000000003,96.40000000000003,94.00000000000006,93.40000000000006,96.40000000000003,94.60000000000005,94.60000000000005,94.60000000000005,91.60000000000008,92.20000000000007,96.40000000000003,94.00000000000006,94.00000000000006,94.60000000000005,96.40000000000003
2137500,25,'',96.40000000000003,92.20000000000007,91.00000000000009,96.40000000000003,91.00000000000009,96.40000000000003,95.80000000000004,96.40000000000003,96.40000000000003,94.00000000000006,96.40000000000003,92.20000000000007,96.40000000000003,96.40000000000003,59.80000000000033,92.80000000000007,96.40000000000003,96.40000000000003,86.20000000000013,96.40000000000003,96.40000000000003,96.40000000000003,96.40000000000003,59.20000000000033,96.40000000000003
2150000,25,'',96.40000000000003,96.40000000000003,96.40000000000003,95.80000000000004,96.40000000000003,95.80000000000004,94.00000000000006,96.40000000000003,96.40000000000003,94.60000000000005,95.80000000000004,94.00000000000006,96.40000000000003,94.00000000000006,96.40000000000003,96.40000000000003,96.40000000000003,96.40000000000003,96.40000000000003,96.40000000000003,96.40000000000003,96.40000000000003,96.40000000000003,94.60000000000005,95.80000000000004
2162500,25,'',96.40000000000003,96.40000000000003,95.80000000000004,95.80000000000004,95.20000000000005,96.40000000000003,91.00000000000009,96.40000000000003,96.40000000000003,92.80000000000007,88.00000000000011,96.40000000000003,94.60000000000005,96.40000000000003,96.40000000000003,96.40000000000003,96.40000000000003,91.00000000000009,96.40000000000003,89.2000000000001,93.40000000000006,96.40000000000003,96.40000000000003,94.60000000000005,94.60000000000005
2175000,25,'',96.40000000000003,96.40000000000003,96.40000000000003,96.40000000000003,94.00000000000006,94.60000000000005,92.20000000000007,86.20000000000013,95.80000000000004,53.80000000000032,91.60000000000008,96.40000000000003,95.80000000000004,96.40000000000003,95.20000000000005,96.40000000000003,82.00000000000017,94.60000000000005,96.40000000000003,96.40000000000003,95.20000000000005,94.60000000000005,85.60000000000014,95.80000000000004,94.00000000000006
2187500,25,'',96.40000000000003,97.00000000000003,94.60000000000005,86.80000000000013,97.00000000000003,96.40000000000003,96.40000000000003,96.40000000000003,88.60000000000011,97.00000000000003,96.40000000000003,95.80000000000004,95.20000000000005,95.80000000000004,91.00000000000009,96.40000000000003,95.80000000000004,95.80000000000004,96.40000000000003,97.00000000000003,96.40000000000003,96.40000000000003,92.80000000000007,96.40000000000003,85.00000000000014
2200000,25,'',94.00000000000006,89.2000000000001,96.40000000000003,94.00000000000006,97.00000000000003,96.40000000000003,96.40000000000003,94.00000000000006,96.40000000000003,72.40000000000026,96.40000000000003,90.40000000000009,96.40000000000003,96.40000000000003,96.40000000000003,96.40000000000003,94.00000000000006,90.40000000000009,94.00000000000006,96.40000000000003,96.40000000000003,94.00000000000006,96.40000000000003,96.40000000000003,91.60000000000008
2212500,25,'',96.40000000000003,92.80000000000007,92.80000000000007,74.20000000000024,91.00000000000009,96.40000000000003,96.40000000000003,96.40000000000003,92.20000000000007,94.00000000000006,96.40000000000003,95.80000000000004,94.00000000000006,93.40000000000006,96.40000000000003,95.20000000000005,89.8000000000001,96.40000000000003,94.60000000000005,93.40000000000006,96.40000000000003,88.00000000000011,92.80000000000007,96.40000000000003,95.20000000000005
2225000,25,'',71.80000000000027,93.40000000000006,94.00000000000006,96.40000000000003,93.40000000000006,96.40000000000003,94.00000000000006,94.00000000000006,95.80000000000004,88.60000000000011,94.00000000000006,95.20000000000005,94.00000000000006,95.80000000000004,95.20000000000005,95.80000000000004,96.40000000000003,94.60000000000005,94.00000000000006,94.00000000000006,96.40000000000003,94.00000000000006,94.60000000000005,86.20000000000013,95.20000000000005
2237500,25,'',96.40000000000003,90.40000000000009,96.40000000000003,69.40000000000029,94.00000000000006,96.40000000000003,96.40000000000003,95.80000000000004,95.80000000000004,96.40000000000003,95.20000000000005,74.80000000000024,82.00000000000017,96.40000000000003,96.40000000000003,96.40000000000003,90.40000000000009,88.60000000000011,94.00000000000006,96.40000000000003,96.40000000000003,96.40000000000003,95.80000000000004,96.40000000000003,96.40000000000003
2250000,25,'',95.80000000000004,96.40000000000003,94.00000000000006,96.40000000000003,96.40000000000003,94.00000000000006,95.80000000000004,96.40000000000003,96.40000000000003,86.80000000000013,95.80000000000004,95.20000000000005,96.40000000000003,96.40000000000003,96.40000000000003,96.40000000000003,94.00000000000006,96.40000000000003,96.40000000000003,95.80000000000004,96.40000000000003,96.40000000000003,95.20000000000005,95.80000000000004,96.40000000000003
2262500,25,'',94.00000000000006,95.80000000000004,95.20000000000005,94.00000000000006,94.60000000000005,95.80000000000004,96.40000000000003,94.60000000000005,95.80000000000004,96.40000000000003,95.20000000000005,94.00000000000006,96.40000000000003,93.40000000000006,91.60000000000008,91.00000000000009,96.40000000000003,92.20000000000007,88.60000000000011,96.40000000000003,95.20000000000005,93.40000000000006,96.40000000000003,95.80000000000004,95.80000000000004
2275000,25,'',92.80000000000007,93.40000000000006,96.40000000000003,96.40000000000003,94.00000000000006,96.40000000000003,93.40000000000006,93.40000000000006,95.20000000000005,96.40000000000003,95.20000000000005,86.20000000000013,96.40000000000003,94.00000000000006,94.00000000000006,93.40000000000006,91.60000000000008,94.60000000000005,92.20000000000007,94.00000000000006,94.60000000000005,83.20000000000016,96.40000000000003,95.20000000000005,95.20000000000005
2287500,25,'',94.60000000000005,95.80000000000004,94.00000000000006,94.00000000000006,95.20000000000005,89.8000000000001,94.00000000000006,93.40000000000006,94.60000000000005,96.40000000000003,95.20000000000005,92.20000000000007,91.00000000000009,95.80000000000004,96.40000000000003,95.20000000000005,96.40000000000003,96.40000000000003,87.40000000000012,97.00000000000003,93.40000000000006,92.80000000000007,95.80000000000004,95.20000000000005,96.40000000000003
2300000,25,'',94.00000000000006,96.40000000000003,95.80000000000004,95.80000000000004,94.60000000000005,96.40000000000003,96.40000000000003,95.80000000000004,96.40000000000003,92.20000000000007,82.00000000000017,92.20000000000007,95.80000000000004,91.60000000000008,88.00000000000011,95.80000000000004,96.40000000000003,92.80000000000007,88.60000000000011,94.60000000000005,96.40000000000003,96.40000000000003,95.80000000000004,96.40000000000003,93.40000000000006
2312500,25,'',95.20000000000005,96.40000000000003,95.80000000000004,96.40000000000003,97.00000000000003,95.20000000000005,96.40000000000003,95.20000000000005,96.40000000000003,96.40000000000003,96.40000000000003,95.20000000000005,96.40000000000003,95.80000000000004,92.20000000000007,92.80000000000007,97.00000000000003,96.40000000000003,94.60000000000005,95.20000000000005,96.40000000000003,95.80000000000004,97.00000000000003,96.40000000000003,96.40000000000003
2325000,25,'',86.20000000000013,97.00000000000003,97.00000000000003,97.00000000000003,97.00000000000003,95.20000000000005,80.20000000000019,60.40000000000033,97.00000000000003,70.00000000000028,97.00000000000003,82.60000000000016,95.80000000000004,97.00000000000003,95.80000000000004,97.00000000000003,96.40000000000003,96.40000000000003,97.00000000000003,96.40000000000003,96.40000000000003,96.40000000000003,86.80000000000013,97.00000000000003,97.00000000000003
2337500,25,'',96.40000000000003,94.60000000000005,95.80000000000004,92.80000000000007,96.40000000000003,88.60000000000011,96.40000000000003,96.40000000000003,96.40000000000003,96.40000000000003,97.00000000000003,97.00000000000003,95.20000000000005,96.40000000000003,96.40000000000003,96.40000000000003,96.40000000000003,94.60000000000005,91.00000000000009,94.60000000000005,92.80000000000007,96.40000000000003,88.00000000000011,95.80000000000004,96.40000000000003
2350000,25,'',91.00000000000009,94.60000000000005,94.60000000000005,78.4000000000002,92.20000000000007,96.40000000000003,95.20000000000005,96.40000000000003,89.8000000000001,92.20000000000007,96.40000000000003,93.40000000000006,96.40000000000003,92.80000000000007,96.40000000000003,96.40000000000003,96.40000000000003,96.40000000000003,94.00000000000006,95.80000000000004,92.80000000000007,96.40000000000003,96.40000000000003,96.40000000000003,96.40000000000003
2362500,25,'',94.00000000000006,94.60000000000005,96.40000000000003,96.40000000000003,95.80000000000004,97.00000000000003,94.60000000000005,97.00000000000003,95.80000000000004,96.40000000000003,97.00000000000003,88.00000000000011,86.80000000000013,94.00000000000006,97.00000000000003,97.00000000000003,91.60000000000008,97.00000000000003,97.00000000000003,92.80000000000007,94.60000000000005,96.40000000000003,97.00000000000003,97.00000000000003,90.40000000000009
2375000,25,'',97.00000000000003,94.60000000000005,97.00000000000003,97.00000000000003,97.00000000000003,97.00000000000003,97.00000000000003,97.00000000000003,97.00000000000003,97.00000000000003,97.00000000000003,96.40000000000003,97.00000000000003,96.40000000000003,97.00000000000003,94.00000000000006,97.00000000000003,97.00000000000003,97.00000000000003,97.00000000000003,97.00000000000003,97.00000000000003,97.00000000000003,97.00000000000003,97.00000000000003
2387500,25,'',97.00000000000003,88.00000000000011,97.00000000000003,95.80000000000004,96.40000000000003,97.00000000000003,97.00000000000003,97.00000000000003,97.00000000000003,96.40000000000003,97.00000000000003,95.80000000000004,96.40000000000003,97.00000000000003,95.80000000000004,96.40000000000003,97.00000000000003,97.00000000000003,97.00000000000003,92.80000000000007,97.00000000000003,97.00000000000003,97.00000000000003,97.00000000000003,97.00000000000003
2400000,25,'',91.60000000000008,96.40000000000003,96.40000000000003,96.40000000000003,89.8000000000001,96.40000000000003,96.40000000000003,88.00000000000011,93.40000000000006,96.40000000000003,96.40000000000003,97.00000000000003,95.20000000000005,97.00000000000003,96.40000000000003,93.40000000000006,92.80000000000007,93.40000000000006,96.40000000000003,97.00000000000003,97.00000000000003,90.40000000000009,96.40000000000003,96.40000000000003,96.40000000000003
2412500,25,'',96.40000000000003,97.00000000000003,96.40000000000003,94.60000000000005,96.40000000000003,89.8000000000001,97.00000000000003,97.00000000000003,96.40000000000003,95.80000000000004,96.40000000000003,96.40000000000003,97.00000000000003,97.00000000000003,96.40000000000003,97.00000000000003,96.40000000000003,95.80000000000004,88.00000000000011,92.80000000000007,88.00000000000011,92.20000000000007,96.40000000000003,96.40000000000003,97.00000000000003
2425000,25,'',92.80000000000007,97.00000000000003,97.00000000000003,97.00000000000003,96.40000000000003,97.00000000000003,97.00000000000003,97.00000000000003,97.00000000000003,97.00000000000003,96.40000000000003,96.40000000000003,97.00000000000003,95.20000000000005,96.40000000000003,96.40000000000003,95.20000000000005,74.80000000000024,97.00000000000003,89.2000000000001,97.00000000000003,97.00000000000003,96.40000000000003,97.00000000000003,97.00000000000003
2437500,25,'',96.40000000000003,97.00000000000003,94.00000000000006,97.00000000000003,96.40000000000003,96.40000000000003,76.60000000000022,96.40000000000003,96.40000000000003,97.00000000000003,96.40000000000003,94.00000000000006,96.40000000000003,96.40000000000003,96.40000000000003,96.40000000000003,97.00000000000003,87.40000000000012,97.00000000000003,74.80000000000024,97.00000000000003,97.00000000000003,96.40000000000003,96.40000000000003,95.20000000000005
2450000,25,'',77.80000000000021,97.00000000000003,97.00000000000003,91.00000000000009,97.00000000000003,97.00000000000003,97.00000000000003,95.80000000000004,97.00000000000003,96.40000000000003,97.00000000000003,97.00000000000003,96.40000000000003,96.40000000000003,96.40000000000003,83.20000000000016,97.00000000000003,92.80000000000007,97.00000000000003,96.40000000000003,97.00000000000003,97.00000000000003,95.80000000000004,97.00000000000003,97.00000000000003
2462500,25,'',97.00000000000003,97.00000000000003,97.00000000000003,92.20000000000007,97.00000000000003,97.00000000000003,97.00000000000003,96.40000000000003,97.00000000000003,97.00000000000003,97.00000000000003,97.00000000000003,97.00000000000003,96.40000000000003,94.60000000000005,96.40000000000003,97.00000000000003,97.00000000000003,97.00000000000003,97.00000000000003,97.00000000000003,97.00000000000003,97.00000000000003,97.00000000000003,97.00000000000003
2475000,25,'',97.00000000000003,97.00000000000003,97.00000000000003,97.00000000000003,97.00000000000003,83.20000000000016,92.20000000000007,97.00000000000003,97.00000000000003,94.00000000000006,97.60000000000002,97.00000000000003,97.00000000000003,97.00000000000003,97.00000000000003,97.00000000000003,97.00000000000003,87.40000000000012,97.00000000000003,94.00000000000006,97.00000000000003,97.00000000000003,97.00000000000003,97.00000000000003,97.00000000000003
2487500,25,'',97.00000000000003,97.00000000000003,97.00000000000003,97.00000000000003,97.00000000000003,97.00000000000003,95.20000000000005,97.00000000000003,97.00000000000003,85.60000000000014,97.00000000000003,97.00000000000003,32.200000000000266,81.40000000000018,87.40000000000012,97.00000000000003,97.00000000000003,97.00000000000003,97.00000000000003,97.00000000000003,97.00000000000003,97.00000000000003,97.00000000000003,97.00000000000003,97.00000000000003
2500000,25,'',97.00000000000003,97.00000000000003,97.00000000000003,97.00000000000003,97.00000000000003,25.60000000000025,97.00000000000003,97.00000000000003,97.00000000000003,97.00000000000003,97.00000000000003,97.00000000000003,97.00000000000003,95.80000000000004,97.00000000000003,97.00000000000003,97.00000000000003,97.00000000000003,97.00000000000003,97.00000000000003,97.00000000000003,97.00000000000003,97.00000000000003,97.00000000000003,97.00000000000003
2500608,25,'',95.80000000000004,97.00000000000003,96.40000000000003,97.00000000000003,96.40000000000003,97.00000000000003,97.00000000000003,96.40000000000003,97.00000000000003,97.00000000000003,97.00000000000003,97.00000000000003,97.00000000000003,97.00000000000003,97.00000000000003,97.00000000000003,97.00000000000003,97.00000000000003,91.60000000000008,91.60000000000008,97.00000000000003,97.00000000000003,88.60000000000011,97.00000000000003,92.80000000000007
