12500,25,'',-69.99999999999997,-70.00000000000003,-79.9999999999999,-70.00000000000003,-70.0,-79.99999999999993,-60.00000000000003,-99.99999999999966,-60.00000000000003,-40.00000000000004,-99.9999999999998,-99.99999999999976,-40.000000000000036,-79.99999999999997,-79.99999999999986,-69.99999999999997,-79.99999999999986,-69.99999999999997,-79.99999999999986,-89.99999999999974,-60.00000000000004,-89.99999999999974,-79.9999999999999,-79.99999999999999,-89.99999999999974
25000,25,'',-79.99999999999997,-70.00000000000003,-79.99999999999986,-70.0,-70.00000000000001,-69.99999999999997,-79.99999999999986,-60.00000000000004,-99.9999999999998,-79.99999999999996,-60.00000000000004,-99.99999999999973,-69.99999999999996,-89.99999999999983,-79.99999999999987,-79.99999999999991,-69.99999999999997,-89.99999999999989,-69.99999999999997,-89.99999999999986,-89.99999999999986,-99.99999999999976,-79.99999999999999,-79.99999999999986,-89.99999999999977
37500,25,'',-79.99999999999999,-79.99999999999987,-89.99999999999979,-99.99999999999969,-99.9999999999998,-89.99999999999977,-60.00000000000004,-69.99999999999997,-79.99999999999999,-69.99999999999997,-60.00000000000003,-79.99999999999999,-50.00000000000004,-80.0,-79.99999999999999,-89.99999999999974,-79.99999999999986,-70.0,-89.99999999999977,-80.0,-79.99999999999987,-80.0,-89.99999999999982,-60.000000000000036,-79.99999999999986
50000,25,'',-60.00000000000002,-60.00000000000002,-99.99999999999977,-69.99999999999999,-69.99999999999999,-80.0,-89.99999999999982,-79.99999999999991,-79.99999999999999,-79.99999999999999,-79.99999999999996,-70.00000000000003,-69.99999999999999,-79.99999999999989,-69.99999999999999,-79.99999999999986,-79.99999999999993,-89.99999999999986,-79.99999999999989,-89.99999999999987,-79.99999999999996,-70.00000000000003,-99.99999999999972,-79.99999999999986,-69.99999999999997
62500,25,'',-69.99999999999999,-69.99999999999997,-99.99999999999964,-50.00000000000004,-89.99999999999974,-69.99999999999999,-89.9999999999998,-89.99999999999983,-69.99999999999999,-50.000000000000036,-89.99999999999984,-80.0,-89.99999999999989,-89.99999999999991,-69.99999999999997,-89.9999999999998,-89.99999999999982,-89.99999999999991,-79.99999999999987,-79.9999999999999,-89.99999999999983,-79.99999999999986,-79.99999999999997,-99.99999999999967,-70.00000000000003
75000,25,'',-89.99999999999983,-70.00000000000003,-60.00000000000004,-89.99999999999974,-69.99999999999997,-89.9999999999998,-79.99999999999997,-89.99999999999983,-89.99999999999977,-89.99999999999987,-89.99999999999987,-89.99999999999974,-60.00000000000004,-79.99999999999986,-60.00000000000002,-99.99999999999974,-60.00000000000004,-99.99999999999977,-79.99999999999986,-79.99999999999989,-79.99999999999999,-70.0,-89.99999999999982,-60.000000000000036,-79.99999999999986
87500,25,'',-60.000000000000036,-79.99999999999987,-89.9999999999998,-60.000000000000036,-99.99999999999963,-99.99999999999972,-99.99999999999967,-30.000000000000036,-69.99999999999993,-60.00000000000003,-60.00000000000004,-79.99999999999986,-79.99999999999986,-89.99999999999986,-89.99999999999986,-79.99999999999999,-79.99999999999986,-79.99999999999986,-89.9999999999999,-99.99999999999966,-99.9999999999997,-89.99999999999974,-89.9999999999998,-99.99999999999964,-89.99999999999974
100000,25,'',-79.99999999999991,-89.99999999999974,-99.99999999999979,-89.99999999999974,-99.99999999999966,-89.99999999999976,-79.99999999999987,-99.99999999999979,-89.99999999999976,-89.99999999999974,-79.99999999999989,-89.99999999999974,-99.99999999999977,-79.99999999999997,-89.99999999999984,-89.99999999999982,-99.99999999999964,-99.99999999999973,-79.9999999999999,-89.9999999999998,-99.99999999999967,-79.99999999999987,-99.99999999999966,-99.99999999999963,-89.99999999999974
112500,25,'',-50.00000000000004,-79.99999999999987,-60.000000000000036,-89.99999999999982,-99.99999999999977,-60.00000000000003,-50.00000000000003,-69.99999999999997,-99.99999999999972,-89.99999999999974,-79.99999999999986,-70.00000000000003,-89.9999999999999,-89.99999999999979,-50.000000000000036,-60.00000000000004,-79.99999999999986,-79.99999999999989,-89.99999999999977,-70.0,-70.0,-79.99999999999986,-89.99999999999974,-69.99999999999997,-79.99999999999986
125000,25,'',-99.99999999999966,-99.99999999999976,-99.99999999999974,-79.99999999999994,-99.99999999999963,-79.99999999999987,-89.99999999999984,-79.99999999999987,-70.00000000000003,-79.99999999999997,-89.99999999999974,-89.99999999999977,-89.9999999999999,-89.99999999999977,-69.99999999999997,-70.00000000000003,-89.99999999999983,-60.00000000000004,-69.99999999999997,-99.99999999999969,-99.99999999999973,-79.99999999999986,-79.99999999999986,-89.99999999999977,-69.99999999999997
137500,25,'',-89.99999999999976,-89.99999999999976,-79.99999999999986,-69.99999999999997,-89.99999999999974,-89.99999999999984,-99.99999999999964,-79.99999999999986,-79.9999999999999,-99.99999999999974,-99.99999999999966,-89.99999999999979,-70.00000000000003,-89.99999999999983,-99.99999999999966,-99.9999999999998,-100.0,-69.99999999999997,-89.99999999999974,-79.99999999999989,-89.99999999999986,-99.99999999999966,-89.99999999999989,-80.0,-89.99999999999974
150000,25,'',-99.99999999999963,-89.99999999999986,-89.99999999999982,-89.99999999999974,-99.9999999999998,-89.9999999999998,-99.99999999999982,-89.99999999999982,-99.9999999999997,-60.00000000000004,-79.99999999999999,-70.00000000000003,-79.99999999999986,-70.00000000000003,-59.99999999999993,-69.99999999999997,-40.000000000000014,-79.99999999999986,-70.0,-69.99999999999999,-60.0,-79.99999999999996,-60.00000000000004,-89.99999999999974,-89.99999999999986
162500,25,'',-79.99999999999986,-69.99999999999997,-89.99999999999983,-69.99999999999997,-69.99999999999997,-69.99999999999997,-89.99999999999974,-79.99999999999986,-89.99999999999976,-69.99999999999997,-89.99999999999982,-89.99999999999976,-69.99999999999997,-60.00000000000004,-70.00000000000001,-99.99999999999969,-99.9999999999997,-69.99999999999982,-99.99999999999979,-89.99999999999974,-79.99999999999993,-59.999999999999936,-79.99999999999994,-60.00000000000003,-79.99999999999991
175000,25,'',-69.99999999999997,-79.99999999999991,-60.000000000000036,-50.00000000000004,-79.99999999999986,-60.00000000000004,-40.00000000000002,-69.99999999999997,-69.99999999999997,-79.99999999999994,-50.00000000000002,-60.00000000000004,-60.00000000000004,-60.000000000000014,-40.00000000000004,-60.00000000000004,-69.99999999999997,-70.00000000000003,-79.99999999999991,-79.99999999999986,-79.99999999999986,-60.000000000000036,-69.99999999999997,-60.00000000000004,-69.99999999999996
187500,25,'',-89.99999999999977,-89.99999999999974,-89.99999999999989,-89.99999999999974,-99.99999999999969,-100.0,-100.0,-89.9999999999998,-99.99999999999976,-89.99999999999974,-99.99999999999979,-89.99999999999983,-80.0,-89.99999999999989,-99.99999999999976,-80.0,-99.9999999999997,-89.99999999999984,-79.99999999999986,-100.0,-79.99999999999987,-89.99999999999983,-89.99999999999987,-99.99999999999963,-69.99999999999997
200000,25,'',-79.99999999999991,-20.0,-50.0,-89.99999999999976,-90.0,-80.0,-40.00000000000003,-100.0,-100.0,-79.99999999999976,-69.99999999999986,-60.000000000000036,-69.99999999999997,-79.99999999999986,-40.000000000000036,-60.0,-90.0,-99.99999999999977,-79.99999999999987,-70.0,-60.00000000000004,2.800000000000235,-60.00000000000002,-10.00000000000001,-20.000000000000007
212500,25,'',-79.99999999999986,-70.00000000000003,-89.99999999999974,-69.9999999999999,-89.99999999999977,-99.99999999999963,-99.99999999999963,-89.99999999999974,-60.00000000000003,-59.99999999999987,-99.99999999999963,-69.99999999999997,-89.99999999999966,-60.00000000000004,-89.99999999999986,-89.9999999999997,-79.99999999999989,-99.99999999999977,-60.00000000000003,-40.00000000000004,-89.99999999999986,-89.99999999999982,-99.99999999999966,-89.99999999999986,-99.99999999999966
225000,25,'',-60.0,-79.99999999999974,-69.99999999999997,-100.0,-100.0,-69.99999999999997,-50.00000000000004,-100.0,-60.0,-100.0,-100.0,-50.0,-100.0,-50.0,-90.0,-100.0,-30.000000000000043,-100.0,-79.99999999999984,-70.0,-89.99999999999974,-100.0,-60.000000000000036,-40.00000000000003,-40.00000000000004
237500,25,'',-90.0,-50.00000000000003,-99.99999999999963,-50.00000000000004,-89.99999999999983,-79.99999999999989,-89.9999999999997,-69.99999999999984,-60.00000000000002,-60.000000000000036,-89.99999999999976,-100.0,-69.99999999999979,-70.0,-60.00000000000004,-79.99999999999987,-79.99999999999972,-99.99999999999964,-60.000000000000036,-60.00000000000004,-60.00000000000004,-69.99999999999996,-60.000000000000036,-79.9999999999998,-50.00000000000004
250000,25,'',-79.99999999999977,-70.00000000000003,-89.99999999999987,-90.0,-90.0,-100.0,-79.99999999999996,-90.0,-70.00000000000001,-100.0,-100.0,-100.0,-99.9999999999998,-100.0,-100.0,-69.99999999999997,-89.99999999999976,-89.99999999999969,-100.0,-100.0,-69.99999999999997,-100.0,-100.0,-90.0,-90.0
262500,25,'',-90.0,-79.9999999999998,-90.0,-89.99999999999983,-79.99999999999977,-89.99999999999974,-89.99999999999999,-100.0,-79.9999999999998,-40.00000000000004,-100.0,-80.0,-89.99999999999986,-90.0,-80.0,-90.0,-100.0,-89.99999999999997,-100.0,-100.0,-99.99999999999979,-79.99999999999986,-100.0,-99.99999999999974,-89.99999999999983
275000,25,'',-100.0,-80.0,-60.0,-70.0,-80.0,-70.0,-60.0,-70.0,-100.0,-50.0,-80.0,-60.0,-100.0,-70.0,-70.0,-50.000000000000014,-60.0,-70.0,-70.0,-80.0,-70.0,-70.0,-60.0,-50.00000000000004,-60.0
287500,25,'',-100.0,-100.0,-100.0,-90.0,-100.0,-100.0,-100.0,-100.0,-100.0,-100.0,-100.0,-100.0,-100.0,-100.0,-100.0,-100.0,-100.0,-90.0,-100.0,-100.0,-100.0,-100.0,-100.0,-100.0,-100.0
300000,25,'',-100.0,-100.0,-100.0,-100.0,-100.0,-70.0,-100.0,-100.0,-100.0,-100.0,-100.0,-100.0,-100.0,-100.0,-100.0,-100.0,-100.0,-100.0,-80.0,-100.0,-100.0,-90.0,-100.0,-100.0,-90.0
312500,25,'',-100.0,-100.0,-100.0,-100.0,-100.0,-100.0,-89.99999999999979,-100.0,-100.0,-89.99999999999969,-89.99999999999963,-100.0,-100.0,-100.0,-100.0,-79.99999999999991,-99.9999999999997,-89.99999999999979,-100.0,-100.0,-89.99999999999979,-100.0,-99.99999999999991,-89.99999999999979,-100.0
325000,25,'',-70.00000000000001,-90.0,-100.0,-80.0,-90.0,-100.0,-100.0,-90.0,-100.0,-100.0,-90.0,-100.0,-100.0,-100.0,-100.0,-100.0,-80.0,-80.0,-100.0,-100.0,-89.99999999999997,-100.0,-100.0,-90.0,-100.0
337500,25,'',-90.0,-90.0,-100.0,-90.0,-100.0,-70.0,-100.0,-80.0,-100.0,-80.0,-100.0,-100.0,-60.0,-80.0,-100.0,-80.0,-90.0,-100.0,-100.0,-100.0,-100.0,-90.0,-90.0,-100.0,-99.99999999999983
350000,25,'',-89.99999999999986,-90.0,-99.99999999999976,-69.99999999999991,-89.99999999999991,-89.99999999999984,-79.99999999999983,-80.0,-89.9999999999999,-89.99999999999972,-99.99999999999989,-79.99999999999967,-89.99999999999999,-69.99999999999997,-60.00000000000004,-90.0,-80.00000000000001,-79.99999999999991,-100.0,-99.99999999999969,-89.99999999999977,-90.0,-99.99999999999976,-89.99999999999963,-79.9999999999998
362500,25,'',-100.0,-100.0,-100.0,-100.0,-100.0,-100.0,-100.0,-80.0,-100.0,-100.0,-100.0,-90.0,-80.0,-100.0,-100.0,-100.0,-100.0,-100.0,-100.0,-79.9999999999999,-100.0,-100.0,-100.0,-100.0,-100.0
375000,25,'',-100.0,-100.0,-100.0,-100.0,-100.0,-100.0,-100.0,-100.0,-100.0,-100.0,-100.0,-100.0,-100.0,-100.0,-100.0,-100.0,-100.0,-90.0,-100.0,-100.0,-100.0,-100.0,-100.0,-100.0,-100.0
387500,25,'',-100.0,-100.0,-100.0,-100.0,-100.0,-100.0,-100.0,-100.0,-100.0,-100.0,-100.0,-100.0,-100.0,-100.0,-100.0,-100.0,-100.0,-100.0,-90.0,-100.0,-100.0,-100.0,-100.0,-100.0,-100.0
400000,25,'',-80.0,-100.0,-100.0,-100.0,-90.0,-100.0,-100.0,-100.0,-100.0,-100.0,-100.0,-100.0,-100.0,-100.0,-100.0,-100.0,-89.9999999999999,-100.0,-100.0,-100.0,-100.0,-99.99999999999977,-89.99999999999989,-100.0,-100.0
412500,25,'',-100.0,-80.0,-90.0,-70.0,-100.0,-80.0,-90.0,-60.0,-90.0,-100.0,-90.0,-100.0,-90.0,-100.0,-69.99999999999997,-100.0,-100.0,-90.0,-90.0,-90.0,-100.0,-90.0,-100.0,-90.0,-60.0
425000,25,'',-90.0,-100.0,-100.0,-100.0,-90.0,-100.0,-100.0,-100.0,-100.0,-70.0,-100.0,-90.0,-70.0,-100.0,-90.0,-100.0,-90.0,-100.0,-90.0,-100.0,-100.0,-100.0,-100.0,-100.0,-90.0
437500,25,'',-100.0,-89.99999999999994,-100.0,-99.99999999999996,-99.99999999999989,-99.99999999999997,-100.0,-79.99999999999997,-79.99999999999999,-100.0,-99.99999999999979,-100.0,-99.99999999999991,-89.99999999999989,-100.0,-90.0,-90.0,-99.99999999999976,-99.99999999999997,-90.0,-89.9999999999999,-100.0,-100.0,-80.0,-99.99999999999994
450000,25,'',-100.0,-100.0,-79.99999999999994,-100.0,-90.0,-80.0,-90.0,-99.99999999999972,-100.0,-90.0,-99.99999999999977,-90.0,-99.99999999999976,-100.0,-100.0,-100.0,-100.0,-90.0,-100.0,-90.0,-99.99999999999969,-100.0,-100.0,-100.0,-100.0
462500,25,'',-100.0,-100.0,-90.0,-100.0,-100.0,-100.0,-100.0,-100.0,-100.0,-90.0,-100.0,-80.0,-100.0,-100.0,-100.0,-100.0,-100.0,-100.0,-80.0,-80.0,-100.0,-100.0,-100.0,-100.0,-100.0
475000,25,'',-80.0,-100.0,-90.0,-90.0,-50.0,-90.0,-90.0,-90.0,-100.0,-100.0,-100.0,-100.0,-50.000000000000036,-90.0,-89.99999999999974,-90.0,-80.0,-100.0,-70.0,-60.0,-80.0,-90.0,-80.0,-70.0,-70.0
487500,25,'',-89.99999999999991,-100.0,-100.0,-100.0,-100.0,-100.0,-100.0,-70.0,-100.0,-100.0,-100.0,-100.0,-100.0,-100.0,-100.0,-100.0,-100.0,-100.0,-100.0,-100.0,-100.0,-70.0,-100.0,-90.0,-100.0
500000,25,'',-100.0,-90.0,-100.0,-100.0,-100.0,-80.0,-100.0,-100.0,-100.0,-100.0,-80.0,-100.0,-100.0,-100.0,-100.0,-100.0,-100.0,-100.0,-100.0,-100.0,-100.0,-100.0,-100.0,-100.0,-100.0
512500,25,'',-60.0,-50.00000000000004,-50.00000000000003,-40.0,-60.0,-50.0,-90.0,-70.0,-69.99999999999986,-80.0,-80.0,-90.0,-70.0,-70.0,-80.0,-50.0,-100.0,-70.0,-100.0,-90.0,-80.0,-90.0,-70.0,-70.0,-70.0
525000,25,'',-89.99999999999991,-80.0,-100.0,-80.0,-100.0,-100.0,-100.0,-80.0,-89.99999999999977,-100.0,-80.0,-90.0,-79.9999999999998,-90.0,-90.0,-79.9999999999998,-100.0,-90.0,-70.0,-80.0,-90.0,-100.0,-80.0,-70.00000000000003,-90.0
537500,25,'',-100.0,-100.0,-100.0,-100.0,-100.0,-100.0,-100.0,-70.0,-100.0,-100.0,-100.0,-100.0,-100.0,-100.0,-100.0,-100.0,-100.0,-100.0,-100.0,-90.0,-100.0,-100.0,-100.0,-100.0,-100.0
550000,25,'',-100.0,-100.0,-100.0,-100.0,-100.0,-100.0,-100.0,-100.0,-90.0,-100.0,-100.0,-100.0,-100.0,-100.0,-100.0,-100.0,-100.0,-100.0,-100.0,-100.0,-100.0,-100.0,-100.0,-90.0,-100.0
562500,25,'',-100.0,-100.0,-80.0,-90.0,-100.0,-100.0,-100.0,-100.0,-100.0,-100.0,-100.0,-100.0,-100.0,-100.0,-100.0,-90.0,-100.0,-100.0,-99.99999999999976,-100.0,-100.0,-100.0,-100.0,-69.99999999999974,-100.0
575000,25,'',-100.0,-100.0,-100.0,-100.0,-100.0,-100.0,-100.0,-100.0,-100.0,-100.0,-100.0,-80.0,-100.0,-100.0,-80.0,-100.0,-100.0,-100.0,-100.0,-100.0,-100.0,-100.0,-100.0,-90.0,-100.0
587500,25,'',-100.0,-100.0,-90.0,-100.0,-100.0,-100.0,-100.0,-100.0,-100.0,-100.0,-100.0,-80.0,-100.0,-100.0,-100.0,-100.0,-100.0,-80.0,-100.0,-100.0,-100.0,-100.0,-100.0,-100.0,-100.0
600000,25,'',-100.0,-100.0,-90.0,-99.99999999999991,-90.0,-100.0,-100.0,-100.0,-100.0,-60.0,-90.0,-90.0,-50.0,-100.0,-100.0,-100.0,-50.0,-70.0,-80.0,-100.0,-100.0,-100.0,-80.0,-90.0,-90.0
612500,25,'',-80.0,-80.0,-80.0,-79.99999999999986,-69.99999999999987,-90.0,-90.0,-80.0,-90.0,-80.0,-69.99999999999989,-80.0,-90.0,-70.0,-70.0,-80.0,-80.0,-80.0,-90.0,-89.99999999999984,-70.0,-80.0,-80.0,-100.0,-90.0
625000,25,'',-100.0,-70.0,-100.0,-100.0,-79.99999999999989,-100.0,-60.00000000000001,-89.99999999999974,-99.99999999999974,-90.0,-100.0,-90.0,-100.0,-100.0,-70.0,-80.0,-100.0,-100.0,-90.0,-90.0,-100.0,-100.0,-80.0,-100.0,-100.0
637500,25,'',-90.0,-100.0,-100.0,-100.0,-100.0,-100.0,-80.0,-100.0,-100.0,-100.0,-100.0,-100.0,-100.0,-60.0,-100.0,-100.0,-100.0,-100.0,-100.0,-100.0,-100.0,-100.0,-100.0,-80.0,-100.0
650000,25,'',-90.0,-90.0,-50.0,-90.0,-90.0,-90.0,-90.0,-90.0,-80.0,-90.0,-90.0,-90.0,-100.0,-90.0,-60.0,-100.0,-100.0,-90.0,-70.0,-90.0,-90.0,-70.0,-80.0,-90.0,-100.0
662500,25,'',-90.0,-100.0,-100.0,-99.99999999999991,-100.0,-90.0,-70.0,-100.0,-100.0,-100.0,-100.0,-60.0,-100.0,-100.0,-90.0,-100.0,-100.0,-80.0,-100.0,-100.0,-60.0,-100.0,-100.0,-100.0,-100.0
675000,25,'',-100.0,-100.0,-100.0,-100.0,-100.0,-90.0,-100.0,-100.0,-100.0,-100.0,-100.0,-80.0,-100.0,-100.0,-100.0,-100.0,-100.0,-80.0,-100.0,-100.0,-100.0,-100.0,-90.0,-100.0,-90.0
687500,25,'',-70.0,-40.0,-100.0,-100.0,-90.0,-60.0,-100.0,-100.0,-90.0,-100.0,-100.0,-100.0,-90.0,-80.0,-100.0,-80.0,-100.0,-60.0,-80.0,-90.0,-60.0,-100.0,-100.0,-100.0,-100.0
700000,25,'',-100.0,-100.0,-90.0,-90.0,-100.0,-100.0,-100.0,-100.0,-70.0,-100.0,-100.0,-100.0,-100.0,-80.0,-100.0,-60.0,-100.0,-100.0,-100.0,-100.0,-100.0,-90.0,-100.0,-100.0,-100.0
712500,25,'',-80.0,-100.0,-90.0,-70.0,-80.0,-69.99999999999997,-70.0,-80.0,-100.0,-80.0,-100.0,-90.0,-70.00000000000001,-90.0,-90.0,-100.0,-80.0,-80.0,-100.0,-90.0,-100.0,-80.0,-80.0,-90.0,-90.0
725000,25,'',-100.0,-100.0,-100.0,-80.0,-100.0,-100.0,-100.0,-100.0,-90.0,-100.0,-100.0,-100.0,-100.0,-100.0,-100.0,-100.0,-100.0,-100.0,-100.0,-100.0,-100.0,-100.0,-100.0,-100.0,-100.0
737500,25,'',-90.0,-100.0,-90.0,-90.0,-90.0,-90.0,-100.0,-80.0,-80.0,-79.99999999999979,-80.0,-100.0,-100.0,-80.0,-80.0,-90.0,-90.0,-80.0,-80.0,-50.00000000000002,-80.0,-70.0,-80.0,-80.0,-90.0
750000,25,'',-70.0,-90.0,-90.0,-90.0,-60.0,-80.0,-89.99999999999994,-80.0,-70.0,-90.0,-90.0,-100.0,-100.0,-90.0,-80.0,-70.0,-90.0,-80.0,-90.0,-100.0,-100.0,-90.0,-80.0,-90.0,-90.0
762500,25,'',-90.0,-100.0,-100.0,-100.0,-90.0,-100.0,-100.0,-100.0,-89.99999999999983,-100.0,-70.0,-80.0,-100.0,-100.0,-100.0,-100.0,-100.0,-100.0,-100.0,-100.0,-100.0,-90.0,-100.0,-90.0,-100.0
775000,25,'',-80.0,-90.0,-70.00000000000003,-60.000000000000014,-90.0,-30.0,-50.00000000000004,-90.0,-90.0,-60.00000000000004,-40.00000000000002,-80.0,-70.0,-80.0,-69.99999999999991,-100.0,-20.0,-60.00000000000004,-70.0,-90.0,-50.0,-70.0,-80.0,-60.00000000000003,-60.0
787500,25,'',-100.0,-90.0,-90.0,-90.0,-90.0,-80.0,-79.99999999999996,-90.0,-80.0,-80.0,-90.0,-100.0,-100.0,-100.0,-90.0,-90.0,-80.0,-90.0,-70.0,-90.0,-80.0,-100.0,-80.0,-80.0,-90.0
800000,25,'',-90.0,-90.0,-100.0,-100.0,-100.0,-90.0,-100.0,-90.0,-100.0,-100.0,-100.0,-100.0,-100.0,-100.0,-70.0,-100.0,-100.0,-100.0,-100.0,-100.0,-100.0,-90.0,-100.0,-70.0,-100.0
812500,25,'',-80.0,-80.0,-90.0,-80.0,-90.0,-90.0,-80.0,-90.0,-80.0,-70.0,-90.0,-90.0,-90.0,-90.0,-90.0,-70.0,-100.0,-80.0,-90.0,-80.0,-80.0,-90.0,-90.0,-90.0,-90.0
825000,25,'',-90.0,-80.0,-90.0,-89.99999999999983,-90.0,-69.99999999999997,-90.0,-90.0,-80.0,-50.00000000000003,-90.0,-60.00000000000004,-90.0,-69.99999999999997,-100.0,-80.0,-90.0,-79.99999999999987,-60.00000000000004,-80.0,-79.9999999999999,-70.0,-90.0,-69.99999999999997,-80.0
837500,25,'',-100.0,-80.0,-50.00000000000001,-90.0,-100.0,-90.0,-40.00000000000003,-100.0,-90.0,-90.0,-20.0,-90.0,-60.0,-100.0,-90.0,-90.0,-90.0,-100.0,-100.0,-100.0,-100.0,-80.0,-90.0,-70.0,-90.0
850000,25,'',-90.0,-90.0,-89.99999999999974,-89.99999999999984,-80.0,-60.00000000000002,-100.0,-70.0,-90.0,-60.000000000000014,-100.0,-90.0,-70.0,-90.0,-69.99999999999997,-99.99999999999982,-79.99999999999986,-90.0,-90.0,-80.0,-90.0,-80.0,-80.0,-60.0,-90.0
862500,25,'',-70.0,-90.0,-80.0,-90.0,-70.0,-90.0,-80.0,-90.0,-60.0,-80.0,-80.0,-80.0,-80.0,-80.0,-80.0,-70.0,-80.0,-80.0,-90.0,-80.0,-80.0,-60.0,-70.0,-90.0,-70.0
875000,25,'',-100.0,-90.0,-90.0,-100.0,-100.0,-100.0,-100.0,-100.0,-100.0,-80.0,-90.0,-90.0,-100.0,-90.0,-100.0,-100.0,-100.0,-100.0,-100.0,-100.0,-80.0,-90.0,-100.0,-100.0,-100.0
887500,25,'',-90.0,-60.0,-70.0,-60.0,-90.0,-70.0,-80.0,-70.0,-80.0,-80.0,-90.0,-50.0,-90.0,-60.0,-70.0,-90.0,-80.0,-90.0,-100.0,-70.0,-60.0,-90.0,-80.0,-80.0,-60.0
900000,25,'',-100.0,-40.0,-100.0,-100.0,-100.0,-69.99999999999999,-100.0,-50.0,-100.0,-100.0,-60.0,-70.0,-100.0,-60.0,-100.0,-100.0,-40.0,-100.0,-100.0,-70.0,-100.0,-100.0,-70.0,-100.0,-100.0
912500,25,'',-90.0,-90.0,-70.0,-70.0,-40.000000000000014,-90.0,-80.0,-60.00000000000003,-80.0,-100.0,-69.99999999999997,-80.0,-80.0,-60.00000000000004,-90.0,-70.00000000000001,-90.0,-50.00000000000004,-60.0,-90.0,-80.0,-50.000000000000036,-90.0,-90.0,-90.0
925000,25,'',-90.0,-80.0,-80.0,-90.0,-80.0,-90.0,-80.0,-100.0,-70.0,-80.0,-80.0,-80.0,-90.0,-70.0,-90.0,-90.0,-70.0,-90.0,-40.0,-100.0,-90.0,-90.0,-60.00000000000004,-60.0,-90.0
937500,25,'',-70.0,-40.0,-80.0,-80.0,-80.0,-70.0,-60.0,-80.0,-60.0,-80.0,-40.0,-60.0,-40.0,-80.0,-60.0,-50.0,-50.0,-40.0,-50.0,-60.0,-90.0,-60.0,-80.0,-70.0,-70.0
950000,25,'',-90.0,-80.0,-90.0,-80.0,-80.0,-90.0,-80.0,-90.0,-80.0,-80.0,-90.0,-90.0,-80.0,-100.0,-80.0,-80.0,-90.0,-90.0,-80.0,-80.0,-80.0,-90.0,-80.0,-90.0,-90.0
962500,25,'',-100.0,-100.0,-100.0,-90.0,-80.0,-60.00000000000002,-90.0,-90.0,-70.0,-70.0,-100.0,-90.0,-100.0,-90.0,-90.0,-80.0,-80.0,-80.0,-80.0,-90.0,-80.00000000000001,-90.0,-80.0,-100.0,-90.0
975000,25,'',-80.0,-60.0,-40.0,-100.0,-80.0,-80.0,-80.0,-70.0,-80.0,-80.0,-70.0,-70.0,-70.0,-80.0,-70.0,-70.0,-80.0,-80.0,-70.0,-70.0,-80.0,-90.0,-100.0,-70.0,-70.0
987500,25,'',-100.0,-100.0,-100.0,-100.0,-100.0,-80.0,-80.0,-100.0,-100.0,-100.0,-100.0,-80.0,-100.0,-100.0,-100.0,-100.0,-100.0,-100.0,-100.0,-100.0,-100.0,-100.0,-100.0,-90.0,-100.0
1000000,25,'',-100.0,-90.0,-100.0,-100.0,-100.0,-100.0,-100.0,-100.0,-100.0,-100.0,-100.0,-100.0,-100.0,-90.0,-90.0,-100.0,-100.0,-60.00000000000001,-100.0,-100.0,-100.0,-100.0,-100.0,-100.0,-100.0
1012500,25,'',-100.0,-100.0,-100.0,-100.0,-100.0,-100.0,-70.0,-70.0,-100.0,-100.0,-100.0,-100.0,-100.0,-100.0,-90.0,-60.0,-40.0,-100.0,-40.0,-100.0,-70.0,-100.0,-80.0,-100.0,-100.0
1025000,25,'',-60.0,-70.0,-80.0,-80.0,-80.0,-80.0,-80.0,-80.0,-40.0,-80.0,-80.0,-80.0,-90.0,-90.0,-80.0,-80.0,-80.0,-80.0,-80.0,-100.0,-70.0,-80.0,-80.0,-80.0,-70.0
1037500,25,'',-20.00000000000001,-90.0,-90.0,-80.0,-90.0,-80.0,-80.0,-90.0,-80.0,-100.0,-100.0,-80.0,-50.0,-100.0,-100.0,-50.00000000000002,-100.0,-80.0,-80.0,-80.0,-90.0,-70.0,-80.0,-90.0,-100.0
1050000,25,'',-90.0,-50.00000000000004,-80.0,-90.0,-70.0,-90.0,-40.0,-50.00000000000004,-80.0,-60.000000000000036,-20.0,-90.0,-60.00000000000004,-90.0,-70.00000000000001,-100.0,-60.00000000000003,-90.0,-90.0,-40.00000000000002,-100.0,-30.000000000000036,-40.0,-19.999999999999996,-80.0
1062500,25,'',-100.0,-50.00000000000004,-100.0,-100.0,-100.0,-50.000000000000036,-100.0,-100.0,-100.0,-69.99999999999997,-100.0,-100.0,-100.0,-100.0,-100.0,-100.0,-100.0,-100.0,-100.0,-100.0,-100.0,-100.0,-80.0,-100.0,-100.0
1075000,25,'',-50.0,-70.0,-70.0,-50.00000000000004,-60.0,-50.0,-80.0,-70.0,-90.0,-80.0,-80.0,-70.0,-80.0,-80.0,-70.0,-60.0,-80.0,-90.0,-70.0,-70.0,-80.0,-90.0,-60.0,-60.0,-70.0
1087500,25,'',-100.0,-100.0,-100.0,-100.0,-90.0,-100.0,-80.0,-100.0,-100.0,-80.0,-90.0,-100.0,-100.0,-100.0,-100.0,-100.0,-90.0,-100.0,-100.0,-90.0,-90.0,-100.0,-100.0,-90.0,-90.0
1100000,25,'',-90.0,-80.0,-90.0,-100.0,-90.0,-80.0,-90.0,-80.0,-70.0,-90.0,16.000000000000227,-30.0,-100.0,-90.0,-90.0,-60.0,-90.0,-60.0,-90.0,-90.0,-60.0,-90.0,-100.0,-20.0,-80.0
1112500,25,'',-100.0,-100.0,-100.0,-100.0,-100.0,-100.0,-100.0,-100.0,-100.0,-100.0,-100.0,-80.0,-100.0,-70.0,-100.0,-100.0,-100.0,-100.0,-100.0,-100.0,-100.0,-100.0,-100.0,-60.0,-100.0
1125000,25,'',-60.0,-70.0,-60.0,-60.0,-50.0,-70.0,-60.0,-90.0,-90.0,-60.0,-60.0,-60.0,-70.0,-80.0,-50.0,-60.0,-60.0,-50.0,-60.0,-80.0,-70.0,-70.0,-70.0,-80.0,-80.0
1137500,25,'',-90.0,-90.0,-100.0,-100.0,-90.0,-80.0,-90.0,-80.0,-100.0,-90.0,-100.0,-90.0,-100.0,-100.0,-90.0,-100.0,-100.0,-100.0,-100.0,-90.0,-80.0,-100.0,-100.0,-100.0,-100.0
1150000,25,'',-90.0,-90.0,-90.0,-90.0,-90.0,-100.0,-100.0,-90.0,-90.0,-100.0,-80.0,-80.0,-90.0,-80.0,-100.0,-100.0,-100.0,-90.0,-90.0,-100.0,-100.0,-90.0,-90.0,-100.0,-90.0
1162500,25,'',-90.0,-50.00000000000004,-60.0,-80.0,-100.0,-90.0,-90.0,-90.0,-90.0,-90.0,-90.0,-90.0,-90.0,-80.0,-80.0,-80.0,-80.0,-60.0,-80.0,-90.0,-70.0,-90.0,-80.0,-90.0,-100.0
1175000,25,'',-80.0,-100.0,-100.0,-100.0,-50.0,-100.0,-100.0,-100.0,-80.0,-100.0,-100.0,-50.0,-90.0,-100.0,-60.00000000000001,-100.0,-100.0,-100.0,-100.0,-100.0,-100.0,-100.0,-100.0,-100.0,-100.0
1187500,25,'',-100.0,-100.0,-100.0,-100.0,-100.0,-100.0,-100.0,-100.0,-100.0,-80.0,-100.0,-100.0,-100.0,-100.0,-100.0,-100.0,-100.0,-100.0,-100.0,-100.0,-100.0,-100.0,-100.0,-100.0,-100.0
1200000,25,'',-90.0,-80.0,-100.0,-80.0,-100.0,-100.0,-100.0,-100.0,-100.0,-90.0,-80.0,-100.0,-90.0,-100.0,-100.0,-90.0,-90.0,-100.0,-100.0,-79.99999999999997,-90.0,-80.0,-100.0,-90.0,-89.99999999999986
1212500,25,'',-100.0,-100.0,-100.0,-100.0,-100.0,-100.0,-100.0,-100.0,-100.0,-100.0,-70.0,-100.0,-100.0,-80.0,-100.0,-100.0,-100.0,-90.0,-100.0,-100.0,-100.0,-100.0,-100.0,-100.0,-90.0
1225000,25,'',-90.0,-100.0,-80.0,-100.0,-100.0,-100.0,-80.0,-100.0,-100.0,-100.0,-100.0,-100.0,-90.0,-100.0,-100.0,-70.0,-100.0,-100.0,-70.00000000000003,-100.0,-100.0,-100.0,-100.0,-100.0,-100.0
1237500,25,'',-90.0,-60.0,-100.0,-100.0,-70.0,-100.0,-90.0,-60.0,-70.0,-100.0,-90.0,-90.0,-90.0,-90.0,-90.0,-90.0,-90.0,-100.0,-90.0,-100.0,-80.0,-80.0,-100.0,-90.0,-100.0
1250000,25,'',-100.0,-100.0,-100.0,-100.0,-50.0,-70.0,-100.0,-100.0,-80.0,-100.0,-90.0,-60.0,-70.0,-100.0,-100.0,-100.0,-100.0,-100.0,-100.0,-90.0,-90.0,-100.0,-100.0,-100.0,-90.0
1262500,25,'',-60.0,-70.0,-100.0,-100.0,-100.0,-100.0,-100.0,-100.0,-100.0,-100.0,-100.0,-100.0,-100.0,-100.0,-100.0,-100.0,-60.0,-100.0,-100.0,-100.0,-100.0,-100.0,-60.0,-100.0,-90.0
1275000,25,'',-100.0,-100.0,-100.0,-100.0,-100.0,-70.0,-100.0,-90.0,-100.0,-100.0,-80.0,-100.0,-60.0,-70.0,-100.0,-100.0,-100.0,-100.0,-100.0,-100.0,-100.0,-100.0,-80.0,-100.0,-100.0
1287500,25,'',-70.0,-100.0,-90.0,-80.0,-90.0,-40.0,-90.0,-90.0,-60.0,-70.0,-90.0,-90.0,-80.0,-70.0,-70.0,-80.0,-50.0,-70.0,-90.0,-100.0,-80.0,-70.0,-100.0,-80.0,-100.0
1300000,25,'',-100.0,-100.0,-70.0,-90.0,-100.0,-70.0,-90.0,-100.0,-50.0,-90.0,-100.0,-100.0,-70.0,-100.0,-80.0,-100.0,-100.0,-100.0,-100.0,-100.0,-100.0,-100.0,-100.0,-100.0,-100.0
1312500,25,'',-50.0,-90.0,-100.0,-100.0,-80.0,-100.0,-100.0,-100.0,-100.0,-100.0,-100.0,-60.0,-100.0,-80.0,-100.0,-100.0,-80.0,-100.0,-90.0,-100.0,-90.0,-80.0,-90.0,-100.0,-100.0
1325000,25,'',-100.0,-60.0,-100.0,-100.0,-100.0,-100.0,-70.0,-70.0,-100.0,-60.0,-100.0,-100.0,-100.0,-100.0,-100.0,-100.0,-50.0,-50.0,-100.0,-100.0,-100.0,-100.0,-100.0,-50.0,-100.0
1337500,25,'',-100.0,-100.0,-100.0,-80.0,-100.0,-80.0,-90.0,-90.0,-100.0,-100.0,-100.0,-100.0,-100.0,-80.0,-100.0,-100.0,-100.0,-100.0,-60.0,-100.0,-100.0,-100.0,-100.0,-100.0,-100.0
1350000,25,'',-90.0,-100.0,-80.0,-80.0,-100.0,-80.0,-80.0,-80.0,-90.0,-80.0,-60.0,-100.0,-80.0,-80.0,-90.0,-80.0,-80.0,-70.0,-80.0,-10.000000000000021,-90.0,-50.0,-80.0,-80.0,-90.0
1362500,25,'',-70.0,-70.0,-80.0,-100.0,-60.0,-80.0,-90.0,-80.0,-90.0,-80.0,-100.0,-80.0,-70.0,-80.0,-90.0,-90.0,-50.0,-70.0,-100.0,-90.0,-80.0,-90.0,-90.0,-80.0,-90.0
1375000,25,'',-70.0,-80.0,-90.0,-90.0,-100.0,-80.0,-90.0,-90.0,-100.0,-80.0,-90.0,-80.0,-90.0,-90.0,-100.0,-90.0,-90.0,-80.0,-80.0,-90.0,-100.0,-80.0,-90.0,-90.0,-100.0
1387500,25,'',-90.0,-100.0,-100.0,-100.0,-100.0,-80.0,-100.0,-70.0,-100.0,-100.0,-90.0,-100.0,-30.00000000000001,-80.0,-100.0,-100.0,-70.0,-100.0,-50.0,-80.0,-100.0,-50.0,-100.0,-90.0,-100.0
1400000,25,'',-100.0,-100.0,-90.0,-100.0,-100.0,-100.0,-90.0,-100.0,-100.0,-100.0,-100.0,-100.0,-100.0,-70.0,-80.0,-100.0,-100.0,-90.0,-100.0,-100.0,-100.0,-100.0,-100.0,-100.0,-100.0
1412500,25,'',-100.0,-100.0,-70.0,-80.0,-80.0,-100.0,-70.0,-100.0,-80.0,-80.0,-100.0,-90.0,-100.0,-80.0,-100.0,-100.0,-100.0,-80.0,-100.0,-100.0,-100.0,-100.0,-100.0,-100.0,-100.0
1425000,25,'',-69.99999999999986,-60.0,-90.0,-80.0,-70.0,-70.0,-70.0,-80.0,-50.0,-80.0,-70.0,-70.0,-80.0,-70.0,-80.0,-70.0,-90.0,-80.0,-80.0,-60.0,-90.0,-90.0,-80.0,-80.0,-80.0
1437500,25,'',-60.0,-90.0,-80.0,-80.0,-60.0,-80.0,-80.0,-80.0,-80.0,-70.0,-70.0,-80.0,-70.0,-80.0,-60.00000000000003,-80.0,-80.0,-90.0,-80.0,-60.0,-70.0,-80.0,-70.0,-60.0,-80.0
1450000,25,'',-80.0,-70.0,-80.0,-50.0,-40.0,-40.00000000000004,-80.0,-80.0,-70.0,-80.0,-60.0,-60.0,-70.0,-60.0,-70.0,-50.0,-70.0,-60.0,-69.99999999999997,-90.0,-70.0,-70.0,-80.0,-70.0,-70.0
1462500,25,'',-80.0,-50.0,-80.0,-70.0,-60.0,-90.0,-80.0,-50.0,-70.0,-50.0,-50.0,-80.0,-70.0,-90.0,-70.0,-80.0,-100.0,-70.0,-70.0,-90.0,-70.00000000000001,-80.0,-90.0,-70.0,-60.0
1475000,25,'',-100.0,-100.0,-100.0,-70.0,-100.0,-100.0,-100.0,-90.0,-70.0,-80.0,-70.0,-80.0,-90.0,-90.0,-100.0,-90.0,-90.0,-100.0,-100.0,-100.0,-90.0,-100.0,-80.0,-100.0,-70.0
1487500,25,'',-70.0,-100.0,-90.0,-80.0,-100.0,-100.0,-80.0,-100.0,-90.0,-100.0,-100.0,-100.0,-100.0,-100.0,-80.0,-100.0,-100.0,-100.0,-100.0,-90.0,-90.0,-80.0,-100.0,-100.0,-80.0
1500000,25,'',-60.0,-70.0,-100.0,-60.0,-90.0,-90.0,-70.0,-90.0,-80.0,-90.0,-70.0,-70.0,-100.0,-100.0,-100.0,-80.0,-90.0,-80.0,-70.0,-90.0,-90.0,-80.0,-100.0,-60.00000000000001,-80.0
1512500,25,'',-90.0,-100.0,-100.0,-100.0,-80.0,-100.0,-100.0,-100.0,-90.0,-100.0,-100.0,-100.0,-70.0,-90.0,-70.0,-80.0,-90.0,-80.0,-100.0,-60.0,-100.0,-100.0,-70.0,-100.0,-70.0
1525000,25,'',-90.0,-70.0,-90.0,-100.0,-50.0,-100.0,-100.0,-100.0,-100.0,-100.0,-60.0,-100.0,-100.0,-100.0,-100.0,-100.0,-100.0,-50.0,-90.0,-100.0,-100.0,-100.0,-100.0,-100.0,-90.0
1537500,25,'',-70.0,-80.0,-80.0,-80.0,-70.0,-60.0,-90.0,-90.0,-80.0,-70.0,-80.0,-80.0,-40.0,-40.0,-70.0,-80.0,-90.0,-70.0,-80.0,-70.0,-90.0,-70.0,-80.0,-50.0,-90.0
1550000,25,'',-100.0,-100.0,-100.0,-100.0,-100.0,-100.0,-100.0,-100.0,-100.0,-90.0,-100.0,-100.0,-90.0,-90.0,-100.0,-100.0,-100.0,-100.0,-100.0,-100.0,-100.0,-100.0,-70.0,-90.0,-100.0
1562500,25,'',-100.0,-100.0,-100.0,-90.0,-100.0,-100.0,-100.0,-90.0,-100.0,-100.0,-100.0,-100.0,-100.0,-100.0,-100.0,-80.0,-90.0,-90.0,-100.0,-100.0,-100.0,-100.0,-90.0,-100.0,-100.0
1575000,25,'',-100.0,-100.0,-100.0,-100.0,-100.0,-100.0,-100.0,-100.0,-100.0,-80.0,-100.0,-100.0,-100.0,-100.0,-100.0,-100.0,-100.0,-70.0,-100.0,-100.0,-100.0,-80.0,-100.0,-80.0,-100.0
1587500,25,'',-100.0,-100.0,-90.0,-90.0,-90.0,-90.0,-90.0,-90.0,-60.00000000000004,-100.0,-90.0,-90.0,-80.0,-90.0,-80.0,-90.0,-90.0,-90.0,-100.0,-60.0,-80.0,-100.0,-90.0,-90.0,-90.0
1600000,25,'',-100.0,-70.0,-100.0,-40.0,-70.0,-80.0,-100.0,-100.0,-90.0,-100.0,-100.0,-90.0,-60.0,-90.0,-80.0,-70.0,-90.0,-100.0,-100.0,-90.0,-100.0,-100.0,-80.0,-100.0,-100.0
1612500,25,'',-100.0,-100.0,-80.0,-90.0,-100.0,-70.0,-90.0,-100.0,-60.0,-70.0,-70.0,-80.0,-90.0,-90.0,-90.0,-100.0,-70.0,-70.0,-90.0,-40.0,-80.0,-90.0,-90.0,-60.0,-70.0
1625000,25,'',-80.0,-90.0,-100.0,-90.0,-80.0,-90.0,-9.999999999999998,-90.0,-80.0,-80.0,-59.99999999999997,-90.0,-90.0,-90.0,-90.0,-80.0,-80.0,-60.0,-70.0,-100.0,-90.0,-70.0,-100.0,-90.0,-90.0
1637500,25,'',-100.0,-100.0,-100.0,-70.0,-100.0,-100.0,-100.0,-60.0,-90.0,-100.0,-100.0,-100.0,-100.0,-100.0,-100.0,-100.0,-100.0,-100.0,-100.0,-90.0,-100.0,-90.0,-100.0,-100.0,-100.0
1650000,25,'',-100.0,-100.0,-100.0,-100.0,-100.0,-90.0,-100.0,-60.0,-90.0,-100.0,-70.0,-70.0,-100.0,-70.0,-100.0,-100.0,-100.0,-100.0,-90.0,-70.0,-100.0,-100.0,-100.0,-100.0,-100.0
1662500,25,'',-90.0,-50.0,-90.0,-50.0,-70.0,-100.0,-100.0,-100.0,-100.0,-90.0,-80.0,-90.0,-100.0,-100.0,-100.0,-80.0,-100.0,-100.0,-100.0,-90.0,-90.0,-100.0,-90.0,-100.0,-100.0
1675000,25,'',-100.0,-100.0,-100.0,-100.0,-100.0,-100.0,-80.0,-100.0,-100.0,-100.0,-100.0,-80.0,-100.0,-100.0,-70.0,-80.0,-100.0,-80.0,-100.0,-80.0,-100.0,-80.0,-100.0,-100.0,-100.0
1687500,25,'',-100.0,-100.0,-100.0,-100.0,-100.0,-70.0,-100.0,-100.0,-80.0,-100.0,-100.0,-40.0,-100.0,-80.0,-100.0,-100.0,-100.0,-100.0,-100.0,-70.0,-100.0,-100.0,-70.0,-100.0,-100.0
1700000,25,'',-90.0,-100.0,-100.0,-90.0,-80.0,-90.0,-70.0,-80.0,-90.0,-100.0,-90.0,-90.0,-100.0,-100.0,-100.0,-90.0,-39.99999999999999,-80.0,-90.0,-90.0,-90.0,-90.0,-90.0,-99.99999999999994,-90.0
1712500,25,'',-90.0,-70.0,-80.0,-100.0,-90.0,-100.0,-100.0,-100.0,-100.0,-70.0,-100.0,-100.0,-100.0,-90.0,-100.0,-100.0,-100.0,-90.0,-90.0,-100.0,-100.0,-100.0,-100.0,-100.0,-100.0
1725000,25,'',-90.0,-100.0,-80.0,-100.0,-100.0,-100.0,-100.0,-100.0,-100.0,-100.0,-100.0,-100.0,-100.0,-100.0,-60.0,-100.0,-90.0,-80.0,-100.0,-100.0,-100.0,-60.000000000000014,-100.0,-100.0,-100.0
1737500,25,'',-100.0,-100.0,-90.0,-100.0,-100.0,-100.0,-100.0,-100.0,-100.0,-90.0,-100.0,-100.0,-100.0,-100.0,-100.0,-100.0,-100.0,-100.0,-100.0,-100.0,-80.0,-100.0,-100.0,-70.0,-100.0
1750000,25,'',-100.0,-100.0,-100.0,-100.0,-40.0,-70.0,-100.0,-40.0,-50.0,-100.0,-100.0,-100.0,-50.0,-80.0,-40.0,-100.0,-80.0,-60.0,-100.0,-100.0,-100.0,-100.0,-100.0,-30.0,-100.0
1762500,25,'',-70.0,-100.0,-100.0,-100.0,-100.0,-80.0,-100.0,-100.0,-100.0,-100.0,-100.0,-100.0,-100.0,-100.0,-100.0,-100.0,-80.0,-100.0,-20.0,-100.0,-100.0,-100.0,-100.0,-100.0,-60.0
1775000,25,'',-80.0,-80.0,-80.0,-60.0,-80.0,-90.0,-50.0,-80.0,-80.0,-80.0,-60.0,-50.0,-80.0,-80.0,-60.0,-40.0,-40.0,-60.0,-70.0,-80.0,-80.0,-80.0,-80.0,-50.0,-80.0
1787500,25,'',-100.0,-60.0,-100.0,-100.0,-100.0,-100.0,-100.0,-100.0,-100.0,-70.0,-70.0,-100.0,-80.0,-80.0,-100.0,-100.0,-100.0,-100.0,-100.0,-100.0,-100.0,-100.0,-50.0,-69.99999999999997,-40.0
1800000,25,'',-70.0,-80.0,-100.0,-90.0,-90.0,-70.0,-80.0,-80.0,-80.0,-70.0,-80.0,-90.0,-70.0,-70.0,-80.0,-90.0,-90.0,-80.0,-90.0,-80.0,-70.0,-80.0,-80.0,-90.0,-100.0
1812500,25,'',-80.0,-100.0,-80.0,-80.0,-100.0,-100.0,-60.0,-100.0,-100.0,-100.0,-100.0,-100.0,-70.0,-60.0,-100.0,-100.0,-80.0,-100.0,-100.0,-100.0,-50.0,-100.0,-100.0,-100.0,-80.0
1825000,25,'',-100.0,-100.0,-100.0,-60.0,-100.0,-60.0,-100.0,-100.0,-50.0,-100.0,-100.0,-60.0,-50.0,-40.0,-70.0,-100.0,-100.0,-100.0,-70.0,-100.0,-100.0,-100.0,-100.0,-100.0,-100.0
1837500,25,'',-100.0,-100.0,-100.0,-100.0,-100.0,-100.0,-100.0,-100.0,-100.0,-90.0,-100.0,-100.0,-100.0,-100.0,-100.0,-100.0,-80.0,-80.0,-100.0,-100.0,-100.0,-100.0,-100.0,-100.0,-80.0
1850000,25,'',-100.0,-90.0,-50.0,-90.0,-100.0,-90.0,-90.0,-80.0,-90.0,-70.0,-90.0,-90.0,-80.0,-90.0,-80.0,-80.0,-90.0,-100.0,-90.0,-90.0,-80.0,-90.0,-90.0,-80.0,-90.0
1862500,25,'',-80.0,-100.0,-100.0,-80.0,-60.0,-100.0,-80.0,-100.0,-70.0,-80.0,-100.0,-100.0,-100.0,-100.0,-100.0,-100.0,-100.0,-100.0,-100.0,-70.00000000000003,-79.99999999999991,-100.0,-100.0,-100.0,-100.0
1875000,25,'',-100.0,-100.0,-100.0,-90.0,-80.0,-100.0,-100.0,-90.0,-90.0,-100.0,-90.0,-90.0,-90.0,-100.0,-100.0,-100.0,-100.0,-60.0,-90.0,-70.0,-79.99999999999986,-100.0,-90.0,-90.0,-60.0
1887500,25,'',-100.0,-100.0,-90.0,-90.0,-100.0,-70.0,-100.0,-100.0,-100.0,-80.0,-100.0,-100.0,-100.0,-100.0,-100.0,-100.0,-100.0,-100.0,-90.0,-100.0,-100.0,-100.0,-100.0,-100.0,-100.0
1900000,25,'',-100.0,-100.0,-100.0,-100.0,-100.0,-80.0,-100.0,-80.0,-100.0,-100.0,-70.0,-100.0,-100.0,-100.0,-100.0,-100.0,-100.0,-100.0,-100.0,-100.0,-100.0,-90.0,-100.0,-100.0,-89.99999999999987
1912500,25,'',-60.0,-70.0,-100.0,-100.0,-100.0,-100.0,-100.0,-70.0,-100.0,-100.0,-100.0,-100.0,-100.0,-100.0,-50.00000000000003,-100.0,-60.0,-60.0,-100.0,-100.0,-100.0,-100.0,-100.0,-100.0,-100.0
1925000,25,'',-100.0,-100.0,-100.0,-100.0,-100.0,-100.0,-100.0,-99.9999999999998,-90.0,-100.0,-100.0,-100.0,-100.0,-90.0,-100.0,-100.0,-100.0,-70.0,-90.0,-100.0,-100.0,-100.0,-100.0,-100.0,-100.0
1937500,25,'',-100.0,-100.0,-100.0,-100.0,-100.0,-100.0,-100.0,-100.0,-100.0,-100.0,-60.0,-80.0,-100.0,-100.0,-100.0,-100.0,-100.0,-70.0,-100.0,-80.0,-100.0,-100.0,-100.0,-100.0,-100.0
1950000,25,'',-100.0,-80.0,-100.0,-100.0,-100.0,-100.0,-100.0,-70.0,-70.0,-100.0,-50.0,-100.0,-100.0,-100.0,-70.0,-100.0,-100.0,-100.0,-70.0,-100.0,-100.0,-50.0,-100.0,-100.0,-100.0
1962500,25,'',-100.0,-70.0,-100.0,-70.0,-100.0,-70.0,-100.0,-100.0,-100.0,-100.0,-100.0,-100.0,-80.0,-100.0,-100.0,-100.0,-100.0,-100.0,-100.0,-100.0,-100.0,-100.0,-100.0,-100.0,-100.0
1975000,25,'',-100.0,-60.0,-60.0,-100.0,-100.0,-70.0,-100.0,-100.0,-100.0,-100.0,-100.0,-100.0,-100.0,-100.0,-100.0,-100.0,-100.0,-100.0,-100.0,-100.0,-100.0,-100.0,-70.0,-100.0,-100.0
1987500,25,'',-100.0,-100.0,-100.0,-100.0,-100.0,-80.0,-100.0,-60.0,-70.0,-80.0,-70.0,-100.0,-100.0,-70.0,-100.0,-100.0,-100.0,-100.0,-70.0,-70.0,-100.0,-80.0,-100.0,-100.0,-100.0
2000000,25,'',-100.0,-100.0,-100.0,-100.0,-100.0,-100.0,-100.0,-100.0,-50.0,-100.0,-100.0,-80.0,-70.0,-100.0,-100.0,-70.0,-100.0,-100.0,-100.0,-100.0,-100.0,-80.0,-60.0,-100.0,-40.0
2012500,25,'',-60.0,-60.00000000000004,-30.000000000000043,-30.0,-50.0,-90.0,-80.0,-70.0,-70.0,-50.0,-60.0,-50.0,-50.0,-50.0,-50.0,-80.0,-100.0,-70.0,-60.0,-70.0,-50.0,-50.0,-80.0,-69.99999999999997,-50.0
2025000,25,'',-100.0,-100.0,-20.0,-100.0,-100.0,-100.0,-100.0,-100.0,-50.00000000000004,-100.0,-100.0,-100.0,-100.0,-100.0,-100.0,-40.00000000000004,-100.0,-80.0,-100.0,-100.0,-60.0,-100.0,-100.0,-70.0,-100.0
2037500,25,'',-40.0,-50.0,-100.0,-20.0,-40.0,-70.0,-50.0,-100.0,-40.0,-80.0,-40.0,-50.0,-50.0,-50.0,-50.0,-50.0,-70.0,-40.0,-30.0,-50.0,-40.0,-50.0,-40.0,-30.0,-50.0
2050000,25,'',-50.0,-40.0,-50.0,-20.0,-60.0,-60.0,-50.0,-50.0,-50.0,-60.0,-50.0,-40.0,-50.0,-50.0,-40.0,-70.0,-50.0,-50.0,-40.0,-70.0,-40.0,-40.0,-60.0,-9.999999999999998,-50.0
2062500,25,'',-60.0,-60.0,-60.0,-70.0,-50.0,-40.0,-80.0,-40.0,-70.0,-60.0,-50.0,-80.0,-80.0,-50.0,-40.00000000000001,-90.0,-40.000000000000014,-40.0,-50.0,-60.0,-100.0,-90.0,-60.0,-70.0,-70.0
2075000,25,'',-90.0,-70.0,-70.0,-70.0,-80.0,-70.0,-70.0,-70.0,-90.0,-80.0,-60.00000000000001,-89.99999999999991,-60.0,-70.0,-80.0,-100.0,-70.0,-100.0,-80.0,-80.0,-60.0,-70.0,-80.0,-70.0,-70.0
2087500,25,'',-60.0,-69.99999999999997,-70.00000000000003,-60.0,-70.0,-40.0,-50.0,-70.0,-80.0,-50.0,-70.0,-60.0,-70.0,-50.0,-70.0,-80.0,-70.0,-50.0,-50.0,-50.0,-70.0,-50.00000000000002,-50.0,-69.99999999999997,-60.0
2100000,25,'',-60.0,-69.99999999999997,-70.0,-90.0,-30.0,-60.00000000000003,-60.0,-70.0,-80.0,-69.99999999999997,-90.0,-40.0,-80.0,-69.99999999999997,-60.0,-60.0,-70.0,-40.0,-50.0,-70.0,-80.0,-60.000000000000014,-70.0,-60.00000000000003,-80.0
2112500,25,'',-80.0,-80.0,-70.0,-60.0,-70.0,-80.0,-50.0,-70.0,-40.00000000000002,-80.0,-60.0,-50.0,-50.0,-80.0,-60.0,-90.0,-100.0,-60.00000000000003,-80.0,-50.0,-90.0,-90.0,-69.99999999999997,-70.0,-69.99999999999997
2125000,25,'',-80.0,-50.0,-90.0,-80.0,-80.0,-80.0,-50.00000000000003,-80.0,-70.0,-10.0,-40.000000000000014,-90.0,-70.0,-70.0,-70.0,-70.0,-20.0,-100.0,-90.0,-40.0,-100.0,-40.0,-80.0,-80.0,-80.0
2137500,25,'',-100.0,-60.0,-100.0,-50.0,-100.0,-100.0,-100.0,-100.0,-80.0,-100.0,-100.0,-100.0,-100.0,-100.0,-100.0,-100.0,-100.0,-100.0,-100.0,-100.0,-100.0,-100.0,-100.0,-100.0,-100.0
2150000,25,'',-60.00000000000004,-50.0,-70.0,-70.0,-70.0,-40.000000000000014,-69.99999999999997,-60.0,-80.0,-70.0,-60.0,-70.0,-30.0,-100.0,-80.0,-100.0,-70.0,-50.00000000000004,-80.0,-89.99999999999994,-70.0,-50.0,-30.0,-50.0,-50.0
2162500,25,'',-20.000000000000007,-30.0,-70.0,-70.0,-9.999999999999998,-30.000000000000014,-50.0,-30.00000000000003,-40.0,-30.0,-30.00000000000001,-40.00000000000003,-30.0,-40.0,-60.0,-10.000000000000002,-60.0,-40.0,-50.0,-30.000000000000018,-50.0,-60.0,-40.000000000000036,-20.000000000000007,-40.00000000000004
2175000,25,'',-50.00000000000004,-70.0,-49.999999999999986,-30.0,-50.00000000000004,-60.0,-60.000000000000036,-70.0,-60.00000000000004,-60.0,-80.0,-70.0,-30.0,-70.0,-40.00000000000004,-40.0,-60.0,-50.000000000000036,-60.0,-60.0,-60.0,-60.0,-70.0,-60.0,-60.0
2187500,25,'',-40.0,-80.0,-50.0,-60.0,-90.0,-90.0,-90.0,-90.0,-60.00000000000003,-80.0,-50.00000000000004,-89.99999999999977,-70.0,-70.0,-70.0,-60.0,-80.0,-70.0,-100.0,-50.00000000000003,-70.0,-70.0,-80.0,-80.0,-70.0
2200000,25,'',-70.0,-80.0,-80.0,-70.0,-70.0,-90.0,-80.0,-70.0,-50.0,-70.0,-60.0,-90.0,-60.0,-80.0,-50.0,-90.0,-70.0,-80.0,-90.0,-100.0,-70.0,-90.0,-80.0,-50.0,-80.0
2212500,25,'',-70.0,-80.0,-90.0,-80.0,-90.0,-70.0,-90.0,-90.0,-90.0,-90.0,-50.0,-80.0,-90.0,-90.0,-90.0,-90.0,-70.0,-90.0,-90.0,-70.0,-80.0,-80.0,-100.0,-80.0,-90.0
2225000,25,'',-50.0,-80.0,-60.0,-80.0,-70.0,-60.0,-50.0,-50.0,-60.0,-60.0,-50.0,-60.0,-60.0,-60.0,-50.0,-60.0,-80.0,-50.0,-70.0,-60.0,-50.0,-50.00000000000003,-50.0,-60.0,-60.0
2237500,25,'',-60.0,-50.0,-70.0,-60.0,-69.99999999999997,-70.0,-50.0,-70.0,-50.00000000000004,-50.0,-69.99999999999997,-60.00000000000004,-60.0,-60.0,-80.0,-70.0,-70.0,-50.0,-40.00000000000004,-60.00000000000004,-50.0,-60.0,-60.000000000000014,-50.0,-70.0
2250000,25,'',-60.0,-60.0,-50.0,-70.0,-60.0,-60.0,-70.0,-70.0,-90.0,-40.00000000000004,-70.0,-80.0,-60.0,-70.0,-69.99999999999999,-70.0,-80.0,-70.0,-60.0,-40.0,-60.00000000000002,-60.0,-60.0,-70.0,-60.00000000000002
2262500,25,'',-70.0,-50.0,-70.0,-60.0,-80.0,-80.0,-30.0,-70.0,-80.0,-80.0,-70.0,-50.0,-90.0,-70.0,-50.0,-80.0,-90.0,-70.0,-60.0,-50.0,-80.0,-70.0,-89.99999999999993,-60.0,-50.0
2275000,25,'',-80.0,-80.0,-70.0,-80.0,-60.0,-60.0,-60.00000000000004,-60.0,-90.0,-90.0,-50.0,-90.0,-60.0,-80.0,-60.0,-90.0,-90.0,-80.0,-60.0,-80.0,-70.0,-60.0,-80.0,-90.0,-79.99999999999986
2287500,25,'',-50.0,-50.0,-50.0,-50.0,-50.0,-60.0,-50.0,-60.0,-70.0,-50.0,-50.0,-70.0,-50.0,-60.00000000000004,-70.0,-60.000000000000036,-80.0,-60.0,-60.0,-50.0,-60.0,-60.0,-50.0,-70.0,-50.0
2300000,25,'',-70.0,-60.0,-70.0,-90.0,-40.00000000000004,-60.0,-50.0,-60.0,-70.0,-80.0,-60.0,-50.0,-70.0,-50.0,-60.0,-70.0,-60.0,-60.0,-70.0,-60.0,-60.0,-60.0,-50.0,-30.000000000000014,-60.000000000000014
2312500,25,'',-60.0,-40.0,-50.000000000000036,-50.0,-50.0,-60.0,-60.0,-50.0,-70.0,-79.99999999999991,-60.0,-30.0,-30.0,-70.0,-60.0,-40.0,-60.0,-60.0,-60.000000000000014,-50.0,-50.0,-50.0,-70.0,-69.99999999999997,-50.000000000000014
2325000,25,'',-70.0,-90.0,-69.99999999999999,-70.0,-80.0,-80.0,-60.0,-90.0,-70.0,-80.0,-70.0,-80.0,-70.0,-79.99999999999997,-80.0,-80.0,-60.0,-80.0,-60.0,-70.0,-60.000000000000014,-80.0,-70.0,-60.0,-60.0
2337500,25,'',-70.0,-80.0,-70.0,-80.0,-60.0,-80.0,-80.0,-50.0,-60.0,-80.0,-60.0,-70.0,-60.0,-60.0,-80.0,-60.0,-80.0,-80.0,-50.0,-90.0,-70.0,-80.0,-40.0,-60.0,-50.0
2350000,25,'',-70.0,-100.0,-90.0,-60.0,-100.0,-80.0,-70.0,-100.0,-70.0,-90.0,-70.0,-100.0,-80.0,-80.0,-80.0,-100.0,-80.0,-60.0,-70.0,-70.0,-90.0,-90.0,-80.0,-80.0,-80.0
2362500,25,'',-60.0,-60.0,-60.0,-50.0,-70.0,-80.0,-70.0,-60.0,-60.0,-50.0,-40.0,-60.0,-80.0,-50.0,-50.0,-60.0,-70.0,-70.0,-70.0,-70.0,-50.000000000000036,-50.0,-60.0,-80.0,-50.0
2375000,25,'',-80.0,-50.0,-60.0,-80.0,-70.0,-80.0,-70.0,-60.0,-90.0,-60.0,-50.0,-50.0,-70.0,-60.0,-60.0,-100.0,-60.0,-90.0,-90.0,-90.0,-80.0,-50.0,-60.0,-60.0,-70.0
2387500,25,'',-100.0,-90.0,-70.0,-90.0,-70.0,-70.0,-80.0,-90.0,-80.0,-80.0,-100.0,-90.0,-90.0,-80.0,-90.0,-80.0,-70.0,-70.0,-90.0,-40.0,-70.0,-80.0,-60.0,-100.0,-80.0
2400000,25,'',-70.0,-40.0,-70.0,-80.0,-70.0,-50.0,-70.0,-50.0,-60.0,-70.0,-90.0,-50.0,-70.0,-70.0,-70.0,-90.0,-80.0,-70.0,-70.0,-70.0,-60.0,-80.0,-60.0,-60.0,-90.0
2412500,25,'',-90.0,-70.0,-60.0,-50.0,-90.0,-80.0,-70.0,-80.0,-90.0,-80.0,-80.0,-70.0,-50.0,-100.0,-90.0,-50.0,-50.0,-80.0,-100.0,-100.0,-90.0,-80.0,-100.0,-80.0,-80.0
2425000,25,'',-70.0,-70.0,-70.0,-70.0,-70.0,-70.0,-60.0,-50.0,-70.0,-60.0,-70.0,-70.0,-80.0,-80.0,-60.0,-60.0,-90.0,-60.0,-80.0,-60.0,-50.0,-60.0,-70.0,-60.0,-60.00000000000002
2437500,25,'',-70.0,-80.0,-70.0,-80.0,-70.0,-60.0,-90.0,-80.0,-80.0,-70.0,-70.0,-80.0,-90.0,-40.0,-80.0,-50.0,-80.0,-90.0,-70.0,-70.0,-80.0,-80.0,-80.0,-90.0,-90.0
2450000,25,'',-60.0,-60.0,-70.0,-50.0,-50.0,-100.0,-60.0,-90.0,-60.0,-40.0,-90.0,-70.0,-80.0,-50.0,-60.0,-100.0,-70.0,-60.0,-50.0,-100.0,-30.0,-80.0,-100.0,-80.0,-60.0
2462500,25,'',-90.0,-90.0,-50.0,-90.0,-100.0,-90.0,-90.0,-90.0,-100.0,-100.0,-80.0,-50.0,-100.0,-100.0,-40.0,-60.0,-90.0,-100.0,-60.0,-60.0,-80.0,-60.0,-50.0,-70.0,-80.0
2475000,25,'',-80.0,-70.0,-90.0,-80.0,-80.0,-80.0,-80.0,-80.0,-100.0,-70.0,-100.0,-80.0,-90.0,-80.0,-80.0,-90.0,-90.0,-80.0,-90.0,-90.0,-80.0,-80.0,-80.0,-80.0,-100.0
2487500,25,'',-50.0,-80.0,-90.0,-80.0,-90.0,-90.0,-80.0,-80.0,-90.0,-80.0,-50.0,-80.0,-80.0,-90.0,-60.0,-80.0,-90.0,-90.0,-90.0,-60.0,-100.0,-90.0,-80.0,-60.0,-90.0
2500000,25,'',-80.0,-60.0,-70.0,-100.0,-60.0,-70.0,-60.0,-80.0,-90.0,-60.0,-50.0,-90.0,-60.0,-90.0,-50.0,-60.0,-80.0,-80.0,-50.0,-60.0,-80.0,-90.0,-60.0,-90.0,-60.0
2500000,25,'',-70.0,-60.0,-50.0,-70.0,-40.0,-80.0,-70.0,-90.0,-90.0,-90.0,-50.0,-60.0,-50.0,-80.0,-80.0,-30.0,-60.0,-60.0,-70.0,-60.0,-60.0,-70.0,-70.0,-90.0,-80.0
